layer,head,taylor_v2v_abs_mean,taylor_v2v_abs_mean_pq,taylor_v2v_count,taylor_t2v_abs_mean,taylor_t2v_abs_mean_pq,taylor_t2v_count,taylor_t2t_abs_mean,taylor_t2t_abs_mean_pq,taylor_t2t_count
0,0,0.0009523213891205501,3.7724574961972224e-07,11762,0.003101824248627277,0.0001658319275253694,11762,0.007625514093061465,0.0004043529495327173,11762
0,1,0.0010326806692011405,4.0715308581485603e-07,11762,0.0014632397995715115,7.881723480393552e-05,11762,0.004110971572986373,0.0002174240090619923,11762
0,2,0.0006910146698222856,2.724135076600755e-07,11762,0.001928082747666513,0.00010357176175110545,11762,0.004661577728121959,0.0002412729746554708,11762
0,3,0.0022253394589718638,9.076483728924983e-07,11762,0.002518885421774115,0.00013250048969633613,11762,0.01936552368801392,0.0010277217118686438,11762
0,4,0.0006070177026469586,2.390714037277117e-07,11762,0.002419887162325627,0.00013109703383326247,11762,0.0018932753869979268,0.00010036630095804861,11762
0,5,0.0010411703900821889,4.1540790085980874e-07,11762,0.001282861305457777,6.92135695546365e-05,11762,0.00586120078782366,0.0003027536046207636,11762
0,6,0.0009193853802874773,3.6453723080125925e-07,11762,0.000760192725338034,4.089887060054405e-05,11762,0.01740041041638219,0.0009156186080452321,11762
0,7,0.0007349475929271801,2.9202563653770144e-07,11762,0.0009474557656206148,5.111517788083263e-05,11762,0.016633155069477434,0.0008908260259703145,11762
0,8,0.0006191594373501164,2.4544162634391224e-07,11762,0.001069364422382714,5.774435162691964e-05,11762,0.002147894923910972,0.00011482286210331562,11762
0,9,0.0005662466146519976,2.2429425226143378e-07,11762,0.0010325920603273483,5.590106761937688e-05,11762,0.0018808264393703035,9.698729388802063e-05,11762
0,10,0.0015658352535793682,6.213622907581878e-07,11762,0.0009315378548101006,5.0538286610815596e-05,11762,0.024689368260100254,0.00131094066598225,11762
0,11,0.000542916810409963,2.148583568644678e-07,11762,0.0008321089015670903,4.503310652334102e-05,11762,0.0069702758406484325,0.0003567692789517948,11762
0,12,0.0005201748228774181,2.0482356265136575e-07,11762,0.0010458575130925113,5.697260103366136e-05,11762,0.0033730423468193017,0.00017967794620443262,11762
0,13,0.0004944711531786612,1.9637696484028497e-07,11762,0.0011183218203118356,6.033023182504184e-05,11762,0.002408972960966575,0.00012548607824957667,11762
0,14,0.003113933153934176,1.2131271258346435e-06,11762,0.012451654361157662,0.0006632340718751978,11762,0.0013107601052095485,6.549207669601544e-05,11762
0,15,0.0028103458973399386,1.0994861577915706e-06,11762,0.0020339601976391763,0.00011228960949236533,11762,0.023043233208565155,0.0012462791151937073,11762
0,16,0.003166151989248667,1.2388427996097875e-06,11762,0.0053331203705276,0.00028655118242964595,11762,0.012081351917882207,0.0006464490075158285,11762
0,17,0.0029554892545105944,1.1588808879643293e-06,11762,0.006251112292524722,0.0003392424275637231,11762,0.008445668229728018,0.00044190249949977725,11762
0,18,0.0030544144910107165,1.1930283175107005e-06,11762,0.009854184389055363,0.0005298506771725192,11762,0.004558628119822378,0.00023506625568748128,11762
0,19,0.0036924803911865802,1.4408666069048658e-06,11762,0.011606793437433012,0.0006220339282202016,11762,0.0034696150776222148,0.00017801003746585232,11762
0,20,0.0025886904247639526,1.0123394821897946e-06,11762,0.0053543210708093475,0.0002901474466051975,11762,0.00992028170262761,0.0005161275797015391,11762
0,21,0.0023123726572715623,9.131278978413296e-07,11762,0.0018794909656014906,0.0001011753213970174,11762,0.010086125328778079,0.0005391874640336723,11762
0,22,0.0020617136845989766,8.27885388704999e-07,11762,0.004128191762101716,0.00022062276333959075,11762,0.0008484653812745897,4.429077814347523e-05,11762
0,23,0.004320196326226174,1.7160311705450443e-06,11762,0.004518380390772049,0.00024426541410752753,11762,0.009518689631692456,0.000515870144510325,11762
0,24,0.0033919464562347725,1.3495494605809833e-06,11762,0.004106652456785698,0.00022240946446925415,11762,0.008646980870841932,0.0004603883964121667,11762
0,25,0.0027223901259113862,1.0710295492739397e-06,11762,0.004122216532540753,0.00022210052069232655,11762,0.003658268456143805,0.0001897708774128927,11762
0,26,0.002951359239717466,1.1686952945356414e-06,11762,0.004496635383499993,0.00024322581720573965,11762,0.008661648862494388,0.00046487201028732743,11762
0,27,0.0022815421014731234,8.998103791458853e-07,11762,0.003977925536708566,0.00021526631942623927,11762,0.0038572556884754012,0.0002008063641853888,11762
1,0,0.00123227658897594,4.821853972272561e-07,11762,0.0009850790305698568,5.397175220522042e-05,11762,0.004969180902217407,0.00025512311474778094,11762
1,1,0.0013250711506304915,5.182355950231314e-07,11762,0.002895199210103539,0.00015470701307508476,11762,0.0009203518554120218,4.861095772159019e-05,11762
1,2,0.0011515871240890853,4.542578597212399e-07,11762,0.003222792570514454,0.0001734884753979929,11762,0.002410512782388002,0.000128490134039171,11762
1,3,0.0010859567672101688,4.230256516864104e-07,11762,0.0006647155869320681,3.633572569755282e-05,11762,0.005263454467565979,0.0002813208756598219,11762
1,4,0.0012613763202469856,4.977787885457636e-07,11762,0.002004898555782796,0.00010899687888684562,11762,0.0034880893748772193,0.00018472036832023407,11762
1,5,0.0012068351256700758,4.757896509010296e-07,11762,0.001247175267593187,6.79017161469205e-05,11762,0.005159038284936613,0.0002715049421994495,11762
1,6,0.000814951503816347,3.215732964239305e-07,11762,0.0023466324685572416,0.0001257897002913594,11762,0.0015679309872528987,8.323466864590538e-05,11762
1,7,0.0009722660586629858,3.8192632865070845e-07,11762,0.0015711517939357214,8.383607757763011e-05,11762,0.00216186420877985,0.000114112670683259,11762
1,8,0.0024467857764202024,9.536612599604811e-07,11762,0.002964275705902232,0.00015893744808167132,11762,0.007212750273308293,0.00037628772460720974,11762
1,9,0.0010146818095804204,4.030836098731167e-07,11762,0.0014644593087101477,7.889121210830221e-05,11762,0.0011888184174651882,6.316523226522769e-05,11762
1,10,0.0008227223218534454,3.2443137388341635e-07,11762,0.00042331642173324704,2.2973339503571844e-05,11762,0.007195081672281941,0.0003815580062784871,11762
1,11,0.0007343765597869295,2.923821406621244e-07,11762,0.0005939795129114999,3.1816646160531245e-05,11762,0.0041997645196758535,0.00022319579298589673,11762
1,12,0.0007741202915139991,3.0558861052693196e-07,11762,0.00029358529620812646,1.5897305806665097e-05,11762,0.0034077075734298967,0.000182372907797667,11762
1,13,0.000977777386372684,3.931389476529536e-07,11762,0.006876289616403936,0.00036935741033795747,11762,0.0020388913590645053,0.00010489452314598518,11762
1,14,0.00043056166394738957,1.6933966432966901e-07,11762,0.0006599873225918838,3.517563272103838e-05,11762,0.0032449676579875326,0.00017052121169692432,11762
1,15,0.0006469648939719492,2.539841549034778e-07,11762,0.00035785985870832415,1.945143581130248e-05,11762,0.008637464324813252,0.0004517092875555751,11762
1,16,0.0002945637004993598,1.1574362293812838e-07,11762,0.000569207373113454,3.0447297543223595e-05,11762,0.0017872598137854264,9.377109043094358e-05,11762
1,17,0.00042379329396787543,1.6712860399470385e-07,11762,0.0002706019505925621,1.4638958161694387e-05,11762,0.003788018775948909,0.00019995274259501552,11762
1,18,0.000401579340434182,1.5718510509479617e-07,11762,0.0008520604619001653,4.574399673038497e-05,11762,0.0010643969030236962,5.5526450817523655e-05,11762
1,19,0.0003792009079087063,1.480347822562925e-07,11762,0.00047997393982100327,2.593920224052515e-05,11762,0.004427478336288076,0.00023254713904145445,11762
1,20,0.0003753763610518141,1.4690936396065871e-07,11762,0.0003347647812607067,1.7987006610867265e-05,11762,0.0032805302953596064,0.00017218868953759262,11762
1,21,0.0003401381282937252,1.348681488840678e-07,11762,0.0006777057376624273,3.630780941350966e-05,11762,0.0014950375738852987,7.962821718426153e-05,11762
1,22,0.00044021290544510045,1.7438244778003525e-07,11762,0.0008577095069560933,4.6120540259251966e-05,11762,0.0011284998950262725,6.008951113197598e-05,11762
1,23,0.000536978093244564,2.1097213140581731e-07,11762,0.00038392903150374116,2.0647271065217287e-05,11762,0.0035403457855224018,0.0001886196225796955,11762
1,24,0.0005357500542709809,2.1029168057556412e-07,11762,0.0005752957865781569,3.0706780151266384e-05,11762,0.0018135189065036827,9.70753971883894e-05,11762
1,25,0.0006189633388576745,2.4306427511173154e-07,11762,0.0009590666756763504,5.162880754200139e-05,11762,0.0018733519210667278,0.00010153288248488546,11762
1,26,0.0009217592375924585,3.665707955175832e-07,11762,0.0023194760895273213,0.00012463394270096292,11762,0.0010497584653092304,5.399191703788193e-05,11762
1,27,0.0003872106251221001,1.5213775162373556e-07,11762,0.0006450697515855006,3.4462803152900384e-05,11762,0.0022856932112900147,0.00012211450742793538,11762
2,0,0.001880204313110471,7.759052597445077e-07,11762,0.0010922164464628261,5.937360705368265e-05,11762,0.002338592974933513,0.0001174647110101798,11762
2,1,0.0006897657972526552,2.6588406648818736e-07,11762,0.0016443774371913107,8.904469393353942e-05,11762,0.001979098405912006,0.00010346606209101748,11762
2,2,0.0007088788500358671,2.7481913388181826e-07,11762,0.0009389986292403468,5.1184012484056e-05,11762,0.003495531435893526,0.00018374000404890737,11762
2,3,0.001626400299528774,6.35015162731236e-07,11762,0.0008923820049587752,4.837905302054814e-05,11762,0.0038720364991196303,0.00020199309006151424,11762
2,4,0.0029294228081778043,1.1817056038396425e-06,11762,0.0024088703414991658,0.00013012034391802528,11762,0.0008651631807740222,4.4212135872623255e-05,11762
2,5,0.0007391009132867706,2.904572906136055e-07,11762,0.0010139332560631148,5.4497195950786565e-05,11762,0.00343915768893475,0.00018348757739109782,11762
2,6,0.0013112937334834264,5.190675482801322e-07,11762,0.0011616973348760047,6.282215676026127e-05,11762,0.006265848613869083,0.000328097519642755,11762
2,7,0.0005692890569067209,2.2362801102158093e-07,11762,0.0009103854241261103,4.909328316777893e-05,11762,0.00577353798645689,0.00029837793667919217,11762
2,8,0.00048627802369710367,1.895077705659734e-07,11762,0.0009375124810396215,5.085223934295771e-05,11762,0.002995730526876866,0.00015511982545967704,11762
2,9,0.0008740504996281247,3.4779455558896443e-07,11762,0.0013426681693234862,7.240039642048843e-05,11762,0.003423305363868445,0.00017768968404865368,11762
2,10,0.0008814455552000506,3.4782748345846605e-07,11762,0.0011755959960394271,6.300051843540082e-05,11762,0.005229809027071451,0.00027151978670590557,11762
2,11,0.0005103509147596212,2.0090678591196186e-07,11762,0.0009631127163779663,5.216122934491689e-05,11762,0.003727070066472439,0.00019521495863408244,11762
2,12,0.0004804595066869421,1.8929074455237382e-07,11762,0.0008791887109285545,4.79808693668452e-05,11762,0.008573951956638324,0.00044226677810415714,11762
2,13,0.0005486554981651826,2.1513820558503788e-07,11762,0.001014603855635133,5.5068406172250824e-05,11762,0.003571980472423788,0.00018646717554835868,11762
2,14,0.0019039859273701542,7.304200798574111e-07,11762,0.001519992469680295,8.227896518985188e-05,11762,0.001264902855770722,6.68821785002038e-05,11762
2,15,0.001207425985875333,4.884252805210276e-07,11762,0.0018902427448540767,0.00010447861926777356,11762,0.0016726745881136434,8.834212051387141e-05,11762
2,16,0.0008090947119718837,3.1785329483410997e-07,11762,0.0016228488721706136,8.776690729242149e-05,11762,0.0018616380533954895,9.869033160999247e-05,11762
2,17,0.001258837984439211,5.012414002761088e-07,11762,0.0017308457028658985,9.360410429725235e-05,11762,0.0017108800939879137,9.015517469168102e-05,11762
2,18,0.00171226543437446,6.595457768500164e-07,11762,0.002303229916042325,0.00012365902482842393,11762,0.0014473408816748508,7.610305087522156e-05,11762
2,19,0.0011711039042719387,4.5902858460849497e-07,11762,0.0016325019521762102,8.908899735746754e-05,11762,0.0014401901484282346,7.5761344247181e-05,11762
2,20,0.0019008336948123697,7.422782399947638e-07,11762,0.004371284616993119,0.00023711580015602115,11762,0.00083795978490074,4.268984583047197e-05,11762
2,21,0.0006235167107640142,2.454104363247815e-07,11762,0.0009455701383055648,5.141386478044372e-05,11762,0.0012581404586336682,6.60133106606269e-05,11762
2,22,0.0008408488635580387,3.36073157195837e-07,11762,0.001045372971984983,5.6329937739639895e-05,11762,0.000954689994299175,4.921668906040648e-05,11762
2,23,0.0005573045103797241,2.206576389260276e-07,11762,0.0010726948640883919,5.79559892942021e-05,11762,0.002670276066103028,0.00014081498019385966,11762
2,24,0.0005752158928833381,2.290716809664475e-07,11762,0.0007595565713718337,4.116048329037371e-05,11762,0.0016567147368962503,8.794762479126684e-05,11762
2,25,0.0006255915406328333,2.46858858997171e-07,11762,0.0010037369216927764,5.5339152318223816e-05,11762,0.0030808439935095955,0.00015600400648161622,11762
2,26,0.0009275111086579403,3.6489347668206104e-07,11762,0.001402500778533721,7.575315066276908e-05,11762,0.001815628272411469,9.384577964146337e-05,11762
2,27,0.0005211956740901075,2.0432002276250543e-07,11762,0.0006457624844066327,3.506464104853865e-05,11762,0.004906989984659992,0.0002597129594225462,11762
3,0,0.002064368274443234,8.045533038567605e-07,11762,0.0008259772993030266,4.5607048048971295e-05,11762,0.0019523605287955282,0.00010421076537383342,11762
3,1,0.0019646678833757027,7.680020659221864e-07,11762,0.0003920414625837782,2.1370309400017312e-05,11762,0.006798537881750715,0.00036311553159705274,11762
3,2,0.0007825083629853542,3.0963189640611714e-07,11762,0.00029768705929712736,1.621011677112688e-05,11762,0.007888402361194407,0.0004291316932425698,11762
3,3,0.0015656990140808303,6.308220939140576e-07,11762,0.0004297880026266597,2.3679976561746926e-05,11762,0.00790059937457769,0.0004221729434274646,11762
3,4,0.0012116044654510861,4.713987967618686e-07,11762,0.0006525789911140394,3.544567578915487e-05,11762,0.0045618680942918,0.0002446284702429284,11762
3,5,0.0013065793545073573,5.087491716278022e-07,11762,0.0005264024127482242,2.8637293321362015e-05,11762,0.0032354669484172954,0.00017410710420959053,11762
3,6,0.0007945030047034463,3.118828978156219e-07,11762,0.0003524558674658685,1.92894370006299e-05,11762,0.007370493584191822,0.00038317453952233844,11762
3,7,0.001715116742833864,6.732536302217855e-07,11762,0.0012396305518322802,6.747295408660769e-05,11762,0.00495737211276028,0.0002652922588860302,11762
3,8,0.0018738599188956129,7.498235861605831e-07,11762,0.003274699618490361,0.00017513394072674393,11762,0.0006535604106979381,3.4016489987686155e-05,11762
3,9,0.0012796581465802906,5.000620801503853e-07,11762,0.0010235340024304365,5.60798174799465e-05,11762,0.003230900272708965,0.0001703039597800263,11762
3,10,0.001622762309603552,6.346394192331005e-07,11762,0.0005963974285570258,3.2221953378843254e-05,11762,0.0057525021094473675,0.0003082575815445975,11762
3,11,0.0020684468224530846,8.297249353748832e-07,11762,0.0013005982010168586,7.114286731562228e-05,11762,0.0024932427637867735,0.00013003559767852486,11762
3,12,0.0015910498462347908,6.303436744769738e-07,11762,0.0027302069191793323,0.0001480618590348196,11762,0.002406758280785971,0.00012794595099141528,11762
3,13,0.001746491287397274,6.868573544292122e-07,11762,0.0017281196247529531,9.40184427751379e-05,11762,0.0038293640683127513,0.00020203279932627622,11762
3,14,0.0012961754292865571,5.093619740209789e-07,11762,0.0038270102138348023,0.00020450814839678884,11762,0.0012097174650712269,6.298925846899744e-05,11762
3,15,0.0007784912216051312,3.0640547754802566e-07,11762,0.0008035551201552747,4.303124134461452e-05,11762,0.005686153953284538,0.0003076410248564888,11762
3,16,0.0005569684079882993,2.2010238550554713e-07,11762,0.0011474717684011545,6.198830175958999e-05,11762,0.001342110994024847,7.232008185081012e-05,11762
3,17,0.0006944257350146493,2.742422871994951e-07,11762,0.0007196555671557395,3.904870999768502e-05,11762,0.0051282970839208256,0.0002712546715689339,11762
3,18,0.0011622780824956168,4.624657976172996e-07,11762,0.0016512344468713608,8.785102278528532e-05,11762,0.0026159297703009844,0.00013719156678644598,11762
3,19,0.0019571304026351215,7.692056262581803e-07,11762,0.0012919589619215608,7.103287685605925e-05,11762,0.0038251564235845404,0.00020100601926252923,11762
3,20,0.001056624774349201,4.1831489453737703e-07,11762,0.0008933443288253954,4.828405955505998e-05,11762,0.0038303564848236747,0.0002036489564782137,11762
3,21,0.0004632458414971897,1.8233824944353433e-07,11762,0.0004181136122791729,2.281350723439218e-05,11762,0.009096835248538222,0.00048402128801514977,11762
3,22,0.0005706508725832791,2.2580611711528402e-07,11762,0.000554759651278199,3.0089277469387503e-05,11762,0.003952796717321609,0.00020985063502035797,11762
3,23,0.00043931977578924174,1.7264032880311727e-07,11762,0.00040745683317746126,2.228223319027614e-05,11762,0.006699828505829524,0.00035975941676071645,11762
3,24,0.0010172616703646483,4.011889024645952e-07,11762,0.0005644835093043854,3.0064079730748735e-05,11762,0.004733899845999239,0.00024742669692727546,11762
3,25,0.0007267714397501395,2.873341376674314e-07,11762,0.0004820145332307021,2.6421836521239793e-05,11762,0.00515236927145217,0.000269362482377313,11762
3,26,0.000611150949809499,2.4023816608343264e-07,11762,0.0003179455953471124,1.7477113650004686e-05,11762,0.008421048132952377,0.00045014050471232653,11762
3,27,0.0006070883918759972,2.3681624501143877e-07,11762,0.00045773313173753314,2.4925390072856326e-05,11762,0.005548817263197411,0.0002975103006129763,11762
4,0,0.001371443773687951,5.344462339568493e-07,11762,0.0028232858508559495,0.00015157325290018333,11762,0.0003917539964199929,2.015049850601018e-05,11762
4,1,0.0014037735358558056,5.500044083092076e-07,11762,0.0038025662468224443,0.0002048138819289625,11762,0.002251560885665558,0.00011669178850806132,11762
4,2,0.0005947953122704827,2.30237923929585e-07,11762,0.000619996549094477,3.298998020788251e-05,11762,0.003226235417468744,0.00016977332449841562,11762
4,3,0.00035050213181942445,1.3676844761644321e-07,11762,0.0004096998020393898,2.2203253151109403e-05,11762,0.0006463845215525254,3.4095165579415316e-05,11762
4,4,0.0014930459099501173,5.920052668435901e-07,11762,0.003723706109697734,0.00019898765854610163,11762,0.0009510657216529921,4.9755554905562784e-05,11762
4,5,0.002688911621630635,1.0538430516074128e-06,11762,0.0023835972669739905,0.00012790055184585725,11762,0.0019749013322868107,0.00010220497949497265,11762
4,6,0.0007639309415251046,3.135748402122176e-07,11762,0.0022220599351815526,0.00012078270932347695,11762,0.0012844449083265195,6.863157014191659e-05,11762
4,7,0.00010413948341341362,3.991682717961979e-08,11762,0.00015742052042589595,8.43700924916513e-06,11762,3.0683843409364806e-05,1.6520721305324033e-06,11762
4,8,0.008262684716469192,3.182694477265793e-06,11762,0.004085320274748502,0.00021856438641109578,11762,0.00030130224182621653,1.6000055368013454e-05,11762
4,9,0.005723243266208385,2.2847501381521355e-06,11762,0.00331816701311812,0.00017819688950814126,11762,0.0004957285977308385,2.595193518316282e-05,11762
4,10,0.0027568196283025586,1.0010899872476367e-06,11762,0.0010591385896654942,5.647171697514226e-05,11762,0.00018648849961151937,9.885033536208376e-06,11762
4,11,0.005420037958415866,2.1543408474189094e-06,11762,0.001384965637574946,7.541351444419638e-05,11762,0.0006732754446915239,3.2630103802145926e-05,11762
4,12,0.002274412442204572,8.872049025340528e-07,11762,5.928066604715798e-05,3.203055604242029e-06,11762,0.0013893543626907832,7.362105199018217e-05,11762
4,13,0.00013207647791184135,5.089209853239931e-08,11762,0.00016228153190316356,8.632741803190317e-06,11762,4.6068474512606244e-05,2.439915412415747e-06,11762
4,14,0.0005670930439608372,2.2589254807576548e-07,11762,0.00013214503281159637,7.115605074387629e-06,11762,0.005131334975005835,0.00026113160296207285,11762
4,15,0.00037460892664334215,1.4708106404740826e-07,11762,0.0004473995827339962,2.4418758456064656e-05,11762,0.003720412344575041,0.00019832370822902423,11762
4,16,0.0003879150161483538,1.5847735245819184e-07,11762,0.0009290173453263666,5.183117560832676e-05,11762,0.0014275206276270168,7.1444403772228e-05,11762
4,17,0.0015519171325567474,6.123992513852484e-07,11762,0.0017217975870267225,9.278588656922262e-05,11762,0.0034391856213086664,0.000177836533350031,11762
4,18,0.0004975382218930665,1.9803546717099106e-07,11762,0.00017616670481741903,9.535181266953632e-06,11762,0.00437565402604697,0.0002273299974926415,11762
4,19,0.00028470449521171125,1.1505683599577107e-07,11762,0.000458444490979882,2.5244408150087577e-05,11762,0.007917866662492928,0.0004122757575393231,11762
4,20,0.0005099371378044265,2.0730660381187622e-07,11762,0.0005381552821435913,2.9818084604496994e-05,11762,0.0055065205842056795,0.0002912803258170768,11762
4,21,0.0017221634263369463,6.716856453123432e-07,11762,0.0007949312172750614,4.304820067730863e-05,11762,0.005236003464608236,0.00026334248669637267,11762
4,22,0.0003761320914293052,1.477856426388022e-07,11762,0.00021465219753127141,1.1468018335117657e-05,11762,0.00707011640108406,0.00037474569223943825,11762
4,23,0.0007894504322948161,3.114107031560046e-07,11762,0.00045620279733996744,2.5084506281630188e-05,11762,0.0033997602814873607,0.0001799964145360997,11762
4,24,0.0002892464665719391,1.1541783121955607e-07,11762,0.0005595191569686198,3.0117725085082e-05,11762,0.0021280763108349966,0.00010651738304399696,11762
4,25,0.0001341369529080432,5.214077542532013e-08,11762,0.00014664984033035077,7.821507002842241e-06,11762,0.006994438684422144,0.0003786666945850003,11762
4,26,0.0009111127328165369,3.5196587542677116e-07,11762,0.0012241586839488773,6.562736718557627e-05,11762,0.0020581039382740023,0.00010155855502049422,11762
4,27,9.976339804185336e-05,3.885960548785336e-08,11762,0.00011242784994226926,5.92927180329744e-06,11762,0.014063314420603037,0.0007299076308328151,11762
5,0,0.005683369278305152,2.2122564468658233e-06,11762,0.0029119061270645934,0.0001552943510382769,11762,0.0006543072210315152,3.396494412195206e-05,11762
5,1,0.004310463539288903,1.710429662086903e-06,11762,0.00048307983615388786,2.587636645513753e-05,11762,0.003047918946782805,0.00015670996231500754,11762
5,2,0.0012289215744361983,4.814159559841951e-07,11762,0.0007440553827287649,3.9695003870395675e-05,11762,0.006557804896508427,0.0003435291234347252,11762
5,3,0.002423673762259176,9.453545980460865e-07,11762,0.00039510127563966726,2.1148127703484375e-05,11762,0.007638064077795513,0.00040663288937691123,11762
5,4,0.002531652552674147,9.92561564188374e-07,11762,0.000814561545037603,4.453693109639565e-05,11762,0.0025852629467721234,0.00013069509754772078,11762
5,5,0.004669704278166141,1.8248843467182169e-06,11762,0.014592154234281587,0.0007824272929892124,11762,0.0005081929884134462,2.703110857970951e-05,11762
5,6,0.004175287614899171,1.6330830228349537e-06,11762,0.009643451267694786,0.000518297052370041,11762,0.0001398909640150609,7.165455393882845e-06,11762
5,7,0.000933214870916,3.604355078721795e-07,11762,0.00090090305088932,4.907230395707177e-05,11762,0.003672147143821316,0.00019765621662201196,11762
5,8,0.0005975422106753922,2.432682512280175e-07,11762,0.0020305315892107834,0.00011188091943397601,11762,0.0010842078086721629,5.727752773782085e-05,11762
5,9,0.0015170635014567374,5.975996707221778e-07,11762,0.0022379159800339932,0.0001215482058978386,11762,0.0020776421960558085,0.00011185298158278994,11762
5,10,0.0002795480240937865,1.0966088961193256e-07,11762,0.0007191435077888924,3.8932504952712286e-05,11762,0.0012232085547260944,6.455672438254216e-05,11762
5,11,0.0006153668290756583,2.3981208936830187e-07,11762,0.0022375616038194817,0.0001224379434828104,11762,0.0009872384641145765,5.145913770409108e-05,11762
5,12,0.0006789629919426456,2.6682193260951895e-07,11762,0.0014822714650314084,7.87858858825846e-05,11762,0.0017148906761192569,8.822806813566292e-05,11762
5,13,0.002824358410453169,1.118327500019963e-06,11762,0.0026975244180606436,0.00014366199675028334,11762,0.002557561125998474,0.0001329957232324581,11762
5,14,0.00015467626835991035,6.104665719059142e-08,11762,0.00036651668129547663,1.989980263594591e-05,11762,0.002391388256834392,0.00011648950149899961,11762
5,15,0.00018769131028202919,7.527791603911713e-08,11762,0.0006201486555564755,3.398870625731791e-05,11762,0.0002061061041357025,1.1182825240855242e-05,11762
5,16,0.00026142141256656133,1.0349923636524224e-07,11762,0.0003201347959491204,1.7201340577871786e-05,11762,0.0024446760900403166,0.00012930029748676507,11762
5,17,0.0010095970202147375,3.998954608360684e-07,11762,0.0009938193109230574,5.406805000870215e-05,11762,0.0009042050333137008,4.64659726142784e-05,11762
5,18,0.0003550015236992842,1.393139011565622e-07,11762,0.0008018156864259138,4.415081872526581e-05,11762,0.0007832415352290017,3.720727591105249e-05,11762
5,19,0.0006095770226926254,2.3665646647856636e-07,11762,0.0009855389757402265,5.280681192039788e-05,11762,0.00022934336829359938,1.034905448245417e-05,11762
5,20,0.0004414231437967469,1.7746444054857789e-07,11762,0.004139219648983122,0.00022508422552382898,11762,0.0003455008983074608,1.8135654587397366e-05,11762
5,21,0.0026132306796241645,1.0306464286769864e-06,11762,0.0019326822070623861,0.00010424499008142653,11762,0.0008601464083085173,4.6257097272975815e-05,11762
5,22,0.0014675789243324437,5.742007145136219e-07,11762,0.0006082937730273103,3.2777582719565866e-05,11762,0.004279951253419106,0.000216826176481305,11762
5,23,0.0010050369522399613,3.91993324133341e-07,11762,0.0002672106363585533,1.4309259617362323e-05,11762,0.008783711962453951,0.00046859786874763135,11762
5,24,0.0007801747152158139,3.138702104724263e-07,11762,0.000795994494880425,4.285229661493215e-05,11762,0.003120332866782501,0.00015180034822348054,11762
5,25,0.001870615631076769,7.544257270317757e-07,11762,0.0004396244423280116,2.4052925340871567e-05,11762,0.0038567168377003254,0.00018824663057633956,11762
5,26,0.0027067862756865774,1.160147260343119e-06,11762,0.000547875790112752,2.971018956489534e-05,11762,0.0009379961225033032,4.625770771477611e-05,11762
5,27,0.0005399220635555921,2.1347437729604724e-07,11762,0.0001968483115754421,1.0521455193216448e-05,11762,0.004940256337994926,0.00026325851775895544,11762
6,0,0.0007435268558259815,2.9073587526449497e-07,11762,0.0005780718352735496,3.0553149563112936e-05,11762,0.0026324557755402294,0.00013866309891813908,11762
6,1,0.0016479069908362073,6.449772803889857e-07,11762,0.00026284448342280193,1.4093260837077605e-05,11762,0.005419747188959309,0.00028947145772023305,11762
6,2,0.0010649418926596697,4.237163772100482e-07,11762,0.0007513408212724466,4.084612988135874e-05,11762,0.01018770944981746,0.0005534700177188532,11762
6,3,0.0029535218152181315,1.1422526786123444e-06,11762,0.00042442689957021903,2.2529999051738843e-05,11762,0.005883385194240382,0.00030565520905886684,11762
6,4,0.0007006925332632882,2.733832392151091e-07,11762,0.0003181944430443652,1.6853848435620113e-05,11762,0.0053685859694045735,0.0002776383726293775,11762
6,5,0.00025243462224209775,9.894998330705798e-08,11762,0.0002344409505476282,1.2339157580726764e-05,11762,0.006147550763166869,0.00033255434003991836,11762
6,6,0.0054451190588639,2.098022327802746e-06,11762,0.00025185148613190414,1.3478999236938185e-05,11762,0.008665480877409221,0.00045849549849367896,11762
6,7,0.0026182336552507124,1.0052121750193794e-06,11762,0.002034562575041529,0.00010922889725255638,11762,0.0036933476224835947,0.0001981000888067302,11762
6,8,0.004033174232537449,1.5588449197893824e-06,11762,0.0013046469439341667,7.081183882310896e-05,11762,0.006217252860675513,0.0003323737369091131,11762
6,9,0.0023701347010643345,9.286468587904319e-07,11762,0.005622081697642582,0.00030428004977757673,11762,0.002560215112390712,0.0001363121435172653,11762
6,10,0.004855188827585036,1.914982752520561e-06,11762,0.0024695215983919086,0.00013314638176552786,11762,0.003015142274664366,0.00016131552126842768,11762
6,11,0.0019389502793284755,7.565247486906411e-07,11762,0.002020899889466067,0.00010847581114329181,11762,0.0006649173262192606,3.5080620617731295e-05,11762
6,12,0.003239825284140435,1.2517243170083878e-06,11762,0.0013287399503590295,7.108159221266689e-05,11762,0.000918658172529845,4.776412924335199e-05,11762
6,13,0.0017205785648532694,6.748976239983759e-07,11762,0.003027977785659908,0.00016370206117483484,11762,0.001038037238554795,5.538489369899808e-05,11762
6,14,0.003330700407787498,1.290004700906279e-06,11762,0.0011032425143055215,6.0069533013406155e-05,11762,0.004030619415025594,0.0002163433923828367,11762
6,15,0.0028947986590130465,1.1351562880501772e-06,11762,0.0007364129236727191,4.0038444360342235e-05,11762,0.007426863932875917,0.00038432311469679937,11762
6,16,0.0010275809657116104,3.994080961342502e-07,11762,0.0003524758373833205,1.9054254200220763e-05,11762,0.007557126560820823,0.0004023803995179444,11762
6,17,0.002014044202420649,8.052552417809573e-07,11762,0.0015246423811103693,8.287503913399838e-05,11762,0.0010563299489446181,5.524472159425801e-05,11762
6,18,0.002411653432897074,9.337012542956142e-07,11762,0.0026403658976508725,0.00014377951891746162,11762,0.0017641474422907368,9.404713637573857e-05,11762
6,19,0.0016053916327090215,6.328654083058793e-07,11762,0.0008811836946864294,4.726923845301498e-05,11762,0.0009347173276061254,4.5799423261879606e-05,11762
6,20,0.002111817064797544,8.121735709507057e-07,11762,0.0004955879833944428,2.78020895016514e-05,11762,0.004461838468502838,0.00023343553330213194,11762
6,21,0.000630950361156812,2.4579646916520837e-07,11762,0.00013353170066116084,7.186685340972447e-06,11762,0.007052397993402917,0.00036455809328178883,11762
6,22,0.0002477798134101173,9.678186006204673e-08,11762,0.0001501071003041622,8.092620094648325e-06,11762,0.00786908910123487,0.00043019293222851495,11762
6,23,0.0019371729973762068,7.525842763250055e-07,11762,0.0008920738017046044,4.864999892645503e-05,11762,0.004142410421353749,0.0002199030444313555,11762
6,24,0.0011935875543661874,4.7439019363662696e-07,11762,0.0005958908967394096,3.21137982961864e-05,11762,0.004234364624034078,0.00021370000086947522,11762
6,25,0.0004977713079280149,1.9457258605026697e-07,11762,0.00019690538514676072,1.0744156462026046e-05,11762,0.007311726060961338,0.0003892399353928199,11762
6,26,0.00047810461469677333,1.8799129110181132e-07,11762,0.00039120922293589474,2.144223913107463e-05,11762,0.0049590222870574355,0.0002591718572718844,11762
6,27,0.0012376831894551717,4.803281446432336e-07,11762,0.0002693700536537103,1.457120030770302e-05,11762,0.0062125535734439165,0.00032748413069302185,11762
7,0,0.0013154667427096507,5.266782516032228e-07,11762,0.0007496953867474662,4.183568346054836e-05,11762,0.00975357049111705,0.0005104616386751497,11762
7,1,0.0022744744234986292,8.886695565486591e-07,11762,0.0006849446734398566,3.7315151677544884e-05,11762,0.00839041128330901,0.00042729312554719095,11762
7,2,0.005472500336385636,2.15277560600606e-06,11762,0.00066350361559781,3.6066374465833636e-05,11762,0.013575579249200368,0.0007229738689643981,11762
7,3,0.007588538446914,2.9495455972213e-06,11762,0.0005392032210124872,2.883677338578097e-05,11762,0.005740746740289835,0.0003026772247884588,11762
7,4,0.002151123945407904,8.422957660021664e-07,11762,0.00020996183349828517,1.1390581381600791e-05,11762,0.010098133926384884,0.0005242379780639608,11762
7,5,0.0012491007405636607,4.849797467322243e-07,11762,0.00033495928532794716,1.8212064023757725e-05,11762,0.01032988677332744,0.0005435852891042723,11762
7,6,0.0015015373389838278,5.896067782524555e-07,11762,0.0011223079963318052,6.0227419297343446e-05,11762,0.002438800615608155,0.00012933842470652573,11762
7,7,0.00792209937742747,3.085517810205105e-06,11762,0.0007114114133665217,3.8162432015674467e-05,11762,0.009045625462170402,0.000483016522077399,11762
7,8,0.0014330685681546544,5.550416924730455e-07,11762,0.0010941676767607903,5.888990029139258e-05,11762,0.009440183482813353,0.0005141425278409044,11762
7,9,0.0022590431625872376,8.761939092424105e-07,11762,0.0007303189658410333,3.9403177049245736e-05,11762,0.01184919930149957,0.0006374046779829463,11762
7,10,0.0031698602364899566,1.2722468457854006e-06,11762,0.006885282068728439,0.0003803098876228536,11762,0.0013110109690160562,6.954889834199817e-05,11762
7,11,0.0009966988909699544,3.890515946772741e-07,11762,0.00036247937265253727,1.978707753188431e-05,11762,0.009520117063786259,0.0005129960777840199,11762
7,12,0.0017574205005099733,6.775776984795373e-07,11762,0.0007171254630886912,3.858186144525153e-05,11762,0.009375284333127861,0.0005109275953946741,11762
7,13,0.001829477757101796,7.098117690355802e-07,11762,0.00047604523155589607,2.5695647443176847e-05,11762,0.014651945653349256,0.0007974806213102852,11762
7,14,0.001326451897063323,5.499893745117981e-07,11762,0.0017944483950253164,9.817399203941559e-05,11762,0.003800219675447619,0.0001987382016618335,11762
7,15,0.0016786377871740063,6.722975199452026e-07,11762,0.0019925050142365792,0.00010865415717612279,11762,0.0007354633983448323,3.896108727381356e-05,11762
7,16,0.0005183452292034045,2.0779967135326628e-07,11762,0.00037514680534605815,2.0420201948309086e-05,11762,0.00793579877159076,0.0004243570495957219,11762
7,17,0.00039943616548606753,1.656739272157553e-07,11762,0.0009532898012534589,5.1970376885120266e-05,11762,0.004785510877022464,0.0002514616693431572,11762
7,18,0.000871256291406435,3.57485314424791e-07,11762,0.0010461153547850373,5.663536545923024e-05,11762,0.008696018773570758,0.0004674344281834205,11762
7,19,0.0035574320364162417,1.400831556992036e-06,11762,0.002369394446461141,0.0001277782032957787,11762,0.0017449418807140957,9.425752772289577e-05,11762
7,20,0.003939273895180692,1.5548709685948258e-06,11762,0.0006199016538244518,3.3610383966497206e-05,11762,0.008361204106493346,0.0004516488706555675,11762
7,21,0.0009602387942778257,3.7715551229325154e-07,11762,0.0006777446487439634,3.626489728993234e-05,11762,0.004109005211065397,0.0002210800504680882,11762
7,22,0.0019814643402313236,7.955961132245326e-07,11762,0.006096212963626777,0.0003336718286403707,11762,0.001391035125427939,7.276276833629238e-05,11762
7,23,0.0025098407026130933,1.01018665399778e-06,11762,0.005087828854171536,0.0002787751251658273,11762,0.0006632774805755131,3.468832286494058e-05,11762
7,24,0.003153134466481522,1.2261169166524326e-06,11762,0.0005925879734033998,3.2112406614325875e-05,11762,0.0026018522833181324,0.0001394246097749297,11762
7,25,0.0005772792995075318,2.2643491748983361e-07,11762,0.0008437627041035022,4.616807251656741e-05,11762,0.0007216449488114474,3.8293458941993195e-05,11762
7,26,0.0027582876379301804,1.0648619227499307e-06,11762,0.00482658746008487,0.0002620486587907869,11762,0.0005425244224325286,2.8263722264561805e-05,11762
7,27,0.004012882685037795,1.5659295688366898e-06,11762,0.0010982510633269185,6.046817185249962e-05,11762,0.004691455571162373,0.00025210572767843983,11762
8,0,0.0016678984472055162,6.630023375968644e-07,11762,0.002594600315151238,0.0001405287787445626,11762,0.0024903854959407107,0.00013238400633650414,11762
8,1,0.0020336893148649045,7.919901820749999e-07,11762,0.00025716421762542397,1.405279741907349e-05,11762,0.007249337272575199,0.00038487908542831625,11762
8,2,0.006021829866584965,2.352030687069814e-06,11762,0.00572439806570053,0.00030725639881546465,11762,0.0031009673873325498,0.00016404040096851583,11762
8,3,0.004274537522527179,1.6991130988972616e-06,11762,0.006876100774993172,0.0003715262633266394,11762,0.0025657332401142507,0.0001390530650749277,11762
8,4,0.0023650470030055154,9.227604199295939e-07,11762,0.005778314419623856,0.0003200625157694305,11762,0.002807436121246282,0.00014790232260739766,11762
8,5,0.002211963874276005,8.564411624180498e-07,11762,0.001213990612086998,6.6445901879325e-05,11762,0.0035748575068905125,0.00019022890325487858,11762
8,6,0.007064194770282717,2.7545557316060892e-06,11762,0.00022974322063315533,1.2438392094723038e-05,11762,0.007844706674655288,0.00042101578973351416,11762
8,7,0.004902547757613063,1.8988813554389915e-06,11762,0.00497646982196347,0.0002694282889405294,11762,0.0074336902804654935,0.0003988804793032399,11762
8,8,0.002658060870597551,1.0228305770690593e-06,11762,0.0009868646924904693,5.404017023211054e-05,11762,0.007116217767878526,0.00038172874128753127,11762
8,9,0.0052444674685479045,2.0283000655395746e-06,11762,0.005810021303502788,0.0003153063795447833,11762,0.003515612215107346,0.00018274061721760607,11762
8,10,0.0017179357311587213,6.694580180660757e-07,11762,0.000796378674619016,4.331177487781367e-05,11762,0.003771847954494805,0.0001964921385297014,11762
8,11,0.011441189496545367,4.43578385929698e-06,11762,0.0016364974390132142,8.900648811383689e-05,11762,0.010296653893133232,0.0005544819975877035,11762
8,12,0.0024405476364052435,9.495548221291811e-07,11762,0.001941292422776163,0.00010611552124027263,11762,0.012724077069228474,0.00067731584353041,11762
8,13,0.005866998006053313,2.253378541537536e-06,11762,0.0076213332613136444,0.00041092513247185323,11762,0.003641236795329427,0.00019123292163906192,11762
8,14,0.0003077170698936156,1.1998160384183167e-07,11762,8.418896792819104e-05,4.447482702624007e-06,11762,0.005845850959831102,0.0003083563973637614,11762
8,15,0.00026872317755304075,1.0679770416031482e-07,11762,0.000138200179992058,7.543107950929463e-06,11762,0.010486181628357351,0.0005538040815291201,11762
8,16,0.00010722472948761131,4.1860887643840365e-08,11762,9.096834966823672e-05,4.907566886286584e-06,11762,0.0025366974790344966,0.00013574061899746732,11762
8,17,0.0007555839160154655,3.2621262371892953e-07,11762,0.0015052342678298137,8.203034654759077e-05,11762,0.004988662021691509,0.00025581726487488074,11762
8,18,0.0013507429538259842,5.462469487018784e-07,11762,0.0006603183662306309,3.5233585194320905e-05,11762,0.004230643636479831,0.00021619151063358806,11762
8,19,0.0001998985296452351,7.786488212776883e-08,11762,0.00016886262806358623,8.929024971038956e-06,11762,0.003418804861296711,0.0001765201760139475,11762
8,20,0.001086033772167756,4.3614637454176754e-07,11762,0.00022592990410431234,1.2066534430505924e-05,11762,0.005399777634874445,0.0002809659243598435,11762
8,21,0.010062333199960255,4.1640156946324675e-06,11762,0.0006059182523433644,3.265327257451559e-05,11762,0.0021875635612877463,0.00011379338207362384,11762
8,22,0.009350117117899051,3.6134072946549902e-06,11762,0.01188740949445052,0.0006323807071460553,11762,0.001160147212070236,6.135900053164917e-05,11762
8,23,0.0022697028463317154,8.677688482993773e-07,11762,0.0031897664081449242,0.00017058832909577556,11762,0.0002367772543821781,1.2985569677893505e-05,11762
8,24,0.011278297312693088,4.550566177005436e-06,11762,0.0068794225421024095,0.0003687704493707318,11762,0.00047350443738560546,2.5170077726056234e-05,11762
8,25,0.002929766652092821,1.1556032467187228e-06,11762,0.0031783659972987825,0.0001744626253904546,11762,0.0024181345196700827,0.00012319497607817,11762
8,26,0.008484561656120779,3.2904680261040702e-06,11762,0.010435412461840798,0.0005612238006829507,11762,0.0008421805152731008,4.526129742032809e-05,11762
8,27,0.010372865525887169,4.069433504936045e-06,11762,0.012139257679376958,0.0006563900233029547,11762,0.0004670730366568011,2.477518007716263e-05,11762
9,0,0.0007173643934180268,2.7627827624649816e-07,11762,0.0002825794941545277,1.518332661767732e-05,11762,0.004085535139536232,0.00021579236252084144,11762
9,1,0.001283975426797375,4.994509000470701e-07,11762,0.0010414968550680188,5.6585374828554216e-05,11762,0.002575701855614265,0.00013779739195150995,11762
9,2,0.0031995123528455838,1.2304747990013738e-06,11762,0.0069408582033905954,0.0003751468545162665,11762,0.0016116192954051091,8.453845357871304e-05,11762
9,3,0.0019498188502869624,7.56604202308396e-07,11762,0.002344914978813899,0.0001274162108706711,11762,0.0017447348228692976,9.358549189558666e-05,11762
9,4,0.0034479378712279868,1.3282294774018633e-06,11762,0.0069798559391882516,0.0003857277205723042,11762,0.0038123630113933104,0.0002027958103390736,11762
9,5,0.00793222404616147,3.0851685025707266e-06,11762,0.0007669533833156976,4.123039938199904e-05,11762,0.01621880701745062,0.0008745389712395994,11762
9,6,0.001198993453775821,4.626363689980848e-07,11762,0.0008120509639864881,4.404612546367921e-05,11762,0.0073297637818430725,0.00039354802069908944,11762
9,7,0.0013071302899020209,5.128966418198314e-07,11762,0.0019661173886908905,0.00010654584286637593,11762,0.0049582159863507825,0.0002610945401373326,11762
9,8,0.0016362763340786696,6.305785896724245e-07,11762,0.001541005665478689,8.282714520009253e-05,11762,0.0014060500964970539,7.323242136698061e-05,11762
9,9,0.0011007140342104928,4.292106904087764e-07,11762,0.0012562398973590425,6.838290548254713e-05,11762,0.00107850252460314,5.5241547086991623e-05,11762
9,10,0.0010859656894864607,4.4043786145945297e-07,11762,0.0007241269751030795,3.8770321599679175e-05,11762,0.0007449338323562012,3.893252774114257e-05,11762
9,11,0.0013869182544649428,5.34760306587566e-07,11762,0.0006733693900761272,3.6609456606264735e-05,11762,0.008627364597421755,0.0004577373891350148,11762
9,12,0.0004975883831716264,1.918632741750072e-07,11762,0.0001597515383021453,8.632340374750086e-06,11762,0.004816413908865015,0.00025085972225486006,11762
9,13,0.0039251240948823245,1.52696706901203e-06,11762,0.0008196778464029989,4.43690973076209e-05,11762,0.008523557231805765,0.00044821319470570483,11762
9,14,0.0036478926031132796,1.420527752214984e-06,11762,0.000626947812403966,3.3916181961039835e-05,11762,0.008602670222382496,0.0004585698225756472,11762
9,15,0.000943344349752884,3.729139531869811e-07,11762,0.0029966731673677434,0.00016049150215032807,11762,0.0015554421668113297,8.08917734611238e-05,11762
9,16,0.00614794005629405,2.3853816129278283e-06,11762,0.0002532328900003459,1.3614094367453913e-05,11762,0.013913205282356234,0.0007435313065589247,11762
9,17,0.0009874788553188103,3.828573789108075e-07,11762,0.0012400341963320508,6.730718439228777e-05,11762,0.011985844494248101,0.0006400796802093329,11762
9,18,0.0005798258600014748,2.3359863831693938e-07,11762,0.006911750251894267,0.0003871529235086596,11762,0.004138821511123321,0.00022071426334324378,11762
9,19,0.00291136191046496,1.1397763373909537e-06,11762,0.003035658959675703,0.0001636725181428845,11762,0.0018048103881827858,9.343391515609671e-05,11762
9,20,0.0029350973956376435,1.1536649367334667e-06,11762,0.0005522396048450661,3.0491074959181904e-05,11762,0.009258099061063287,0.0004961277596372602,11762
9,21,0.002985633764108954,1.1509318379313502e-06,11762,0.0027994735822610205,0.00015177209748157598,11762,0.004230121777969924,0.0002224335344481657,11762
9,22,0.0023515266954671084,9.100997480906008e-07,11762,0.0051737647433949645,0.00027975112532007844,11762,0.001274524665119707,6.622496349042547e-05,11762
9,23,0.0031384888891309746,1.2007679365366118e-06,11762,0.0015562412977094709,8.395230732273483e-05,11762,0.005728303857965567,0.00030236261841170756,11762
9,24,0.006122152580335688,2.3829390615347368e-06,11762,0.00607716126609371,0.00032988605564275363,11762,0.0026487314556461286,0.00013662225829661552,11762
9,25,0.009935756606352805,3.827302562518721e-06,11762,0.009783315451875522,0.0005290331061259926,11762,0.006037729755509324,0.0003209538596905466,11762
9,26,0.004287693209289667,1.6427709018790768e-06,11762,0.005237124051015333,0.0002844565724427658,11762,0.002025262455789247,0.0001055889310318859,11762
9,27,0.012195795562168982,4.710320196366825e-06,11762,0.0009263226293026795,4.954062565745122e-05,11762,0.015752317094396354,0.0008485269516722675,11762
10,0,0.0021002081214318525,8.411662849446019e-07,11762,0.0009080735190362267,4.961696472541297e-05,11762,0.002492592727157234,0.00013503354950780184,11762
10,1,0.004686916930290068,1.8101235282297e-06,11762,0.000918072661193794,4.962377028107871e-05,11762,0.007653748249201891,0.0004089814705551851,11762
10,2,0.0034710319471448828,1.3325107803463345e-06,11762,0.0014283531070542616,7.58178502545671e-05,11762,0.0006791571397337251,3.498081336304649e-05,11762
10,3,0.004203005533861289,1.6442399525563407e-06,11762,0.000206607009603511,1.0570402546350478e-05,11762,0.0009916042243078454,4.923689501090221e-05,11762
10,4,0.0012461389153132648,4.932881213752456e-07,11762,0.0001115127731015032,6.181270882698629e-06,11762,0.005702681616010928,0.00030185799576333246,11762
10,5,0.005611155065892997,2.1723514577006997e-06,11762,0.0008715833217642179,4.6427377664565495e-05,11762,0.004584620696352816,0.00024324412562099924,11762
10,6,0.004898511781081644,1.9054990139942165e-06,11762,0.004945720115928363,0.0002685592276466217,11762,0.0012226997370237075,6.432240498086667e-05,11762
10,7,0.0012684391146857653,4.892295323428482e-07,11762,0.0011324548258651115,6.212198349657266e-05,11762,0.001665481911624831,8.795246199571259e-05,11762
10,8,0.0011062617820371008,4.2660570327568864e-07,11762,0.00029189102981730966,1.5942603871320435e-05,11762,0.003302919917335579,0.00017409375280704522,11762
10,9,0.0019952058534854133,7.709728775077699e-07,11762,0.001506025675335141,8.243048114080991e-05,11762,0.003246021283944994,0.00017422668478284914,11762
10,10,0.001136102479069803,4.436663268889828e-07,11762,0.000675734346896085,3.541252954047444e-05,11762,0.006873239003251917,0.00037544084996809216,11762
10,11,0.0060870801402954445,2.362070809565775e-06,11762,0.0010670605011483937,5.7943643101992555e-05,11762,0.008616799758490362,0.00045906853859102565,11762
10,12,0.0016080823288961632,6.177384134485415e-07,11762,0.0003647491223705159,2.0081974816480968e-05,11762,0.004207330580636371,0.00021734909065012153,11762
10,13,0.0009258772707785868,3.5715241881393135e-07,11762,0.00020264296334723453,1.106089600172075e-05,11762,0.007392201390778993,0.00039750616981313084,11762
10,14,0.012489808700325695,4.856112067110181e-06,11762,0.0016681556784353918,8.999254941381642e-05,11762,0.009966211258324937,0.0005320090619667431,11762
10,15,0.0030159304085410864,1.1684818821792932e-06,11762,0.00044828393024850307,2.450368050068954e-05,11762,0.006482761093343267,0.00034148697485961724,11762
10,16,0.0028350965212682417,1.0948661387360944e-06,11762,0.0005361425911813391,2.9160017757510515e-05,11762,0.006387033158482423,0.00033948112730967293,11762
10,17,0.0007683585339526728,2.986534474874884e-07,11762,0.0003485247629507675,1.9060612398454366e-05,11762,0.0055433458680023175,0.00029962676495479785,11762
10,18,0.0025432269266094263,9.931643055771535e-07,11762,0.0009383345882820549,5.1978085223493325e-05,11762,0.003085297459144779,0.00016295461344230508,11762
10,19,0.0025542569308561534,9.941180014014234e-07,11762,0.004337273811222922,0.0002376276908282684,11762,0.003232573820379192,0.00017026734435422383,11762
10,20,0.006128140116870113,2.3824668319170907e-06,11762,0.003372284799065741,0.00018143912471340514,11762,0.0028820381671169682,0.00015311256454135776,11762
10,21,0.000878864369941568,3.4057298947846755e-07,11762,0.0001557158653687163,8.537760060369994e-06,11762,0.005374349849809423,0.00028540102260270087,11762
10,22,0.0014743787929536016,5.705042314423034e-07,11762,0.0001723904636082496,9.34438260500764e-06,11762,0.004871391953631498,0.00025611944221058224,11762
10,23,0.0023950165793708393,9.260519727924966e-07,11762,0.0003303575942627628,1.8128048788133798e-05,11762,0.006033126898074762,0.0003268066763921112,11762
10,24,0.009492062598451746,3.6786283245403745e-06,11762,0.0012031672924290478,6.410757072711393e-05,11762,0.0171775104842592,0.0009147041689165086,11762
10,25,0.001039973658993118,4.02598471757394e-07,11762,0.0002508585782297518,1.3862019133304208e-05,11762,0.0070172054755752965,0.00036890240887490876,11762
10,26,0.0012355946665631797,4.786334511370602e-07,11762,0.0006432660403190022,3.44994529368509e-05,11762,0.0065901369858051674,0.0003497215115426454,11762
10,27,0.001414500977553903,5.474098701212511e-07,11762,0.0003494763470057812,1.9250610532271525e-05,11762,0.006513340038096042,0.0003451106772781192,11762
11,0,0.011149617039725173,4.308530655224354e-06,11762,0.01027929516584431,0.0005494181418417768,11762,0.0014453163859614422,7.600310407595219e-05,11762
11,1,0.004750305637060327,1.8461788119473368e-06,11762,0.00026371893615470635,1.4452350664606654e-05,11762,0.0062498164769750056,0.000330768366968831,11762
11,2,0.00584442324400493,2.2698663001488192e-06,11762,0.00663529089795621,0.00035730344807707594,11762,0.0006850244149981939,3.450919195485757e-05,11762
11,3,0.003733293314765077,1.4468881260904205e-06,11762,0.0005537886285720313,2.9838662684671773e-05,11762,0.0069873988167635705,0.00037185094473506217,11762
11,4,0.0050165518550918465,1.962107687768443e-06,11762,0.0007583632598632289,4.140705508152324e-05,11762,0.004961908981942569,0.00025369687613839895,11762
11,5,0.007528261429457839,2.9257750799469713e-06,11762,0.0005860403542861348,3.196324913058202e-05,11762,0.00643673925882412,0.0003337840374021967,11762
11,6,0.007575164059475429,2.9418590169188505e-06,11762,0.0005209951278088282,2.842634583272298e-05,11762,0.0068171784562102876,0.0003626119220844363,11762
11,7,0.0015869532199018137,6.125448456883663e-07,11762,0.00035810152974182993,1.9417860156167607e-05,11762,0.006725037497139234,0.0003627164443161791,11762
11,8,0.0026871952055416023,1.0429741409817135e-06,11762,0.0014840679362941075,7.960454235613127e-05,11762,0.00247061106843262,0.00013283172486027847,11762
11,9,0.005714891931635965,2.2202487040667983e-06,11762,0.0019189613021626678,0.0001046160238624244,11762,0.005092283199397334,0.0002650357170040104,11762
11,10,0.0026386213429135663,1.0435828914898986e-06,11762,0.0008769578945766941,4.76859531846733e-05,11762,0.0034883446889662994,0.00017747568855168083,11762
11,11,0.004234526120850215,1.6464898438367402e-06,11762,0.0007727241906992808,4.23133063002654e-05,11762,0.0030254119173088083,0.00015379544330085422,11762
11,12,0.0028719749001217087,1.1103789233898627e-06,11762,0.0029197470207405892,0.000156432997682218,11762,0.0005986501789277865,3.135375819860463e-05,11762
11,13,0.0018730760864833643,7.272949678545281e-07,11762,0.0031562055974437226,0.0001693889300878098,11762,0.00587880666598391,0.0003186814998948051,11762
11,14,0.0012223094586896646,4.727496793598018e-07,11762,0.00023481291402394395,1.2791684461292465e-05,11762,0.006338157761774482,0.0003340984130195279,11762
11,15,0.001989335288961641,7.720700843243019e-07,11762,0.00020919900014856226,1.1367891325013845e-05,11762,0.005573519403439372,0.00029204349894031617,11762
11,16,0.006342921241522287,2.4622173737159514e-06,11762,0.0008271911697682608,4.463193934154299e-05,11762,0.008718180966995422,0.00045888572635007787,11762
11,17,0.0009402093834749178,3.6642573400405614e-07,11762,0.00019764867308883941,1.0667075489926789e-05,11762,0.008510858228422992,0.00045114838598067034,11762
11,18,0.0011683215139312395,4.5159896820213357e-07,11762,0.00016930214827345138,9.131026612751209e-06,11762,0.009833053545652348,0.00052505156175164,11762
11,19,0.0019392553191991092,7.543622952413358e-07,11762,0.0003836305446038392,2.059317715453086e-05,11762,0.003898244505101157,0.00020558516769051197,11762
11,20,0.0015221761161481613,5.956616296535876e-07,11762,0.00033100273344818977,1.79769175628486e-05,11762,0.004567744026400162,0.00023372827266101271,11762
11,21,0.004603595771967246,1.7971873567874639e-06,11762,0.0011188364035189804,6.105923735678395e-05,11762,0.0057285493792599935,0.00030327986452907484,11762
11,22,0.008370389700840504,3.2361284523047964e-06,11762,0.0012707054908404308,6.805643277314394e-05,11762,0.011832632537909026,0.0006285568444686259,11762
11,23,0.00941754878087923,3.6591987359917157e-06,11762,0.009849411777449631,0.0005275959757582427,11762,0.002280590001320017,0.00011825429329064167,11762
11,24,0.0057272174649248865,2.21234772887398e-06,11762,0.007095479940107949,0.0003726177098437748,11762,0.002172079738935553,0.0001114778210973521,11762
11,25,0.0038522384234769684,1.491960973251543e-06,11762,0.0023405082390768653,0.00012750882240238106,11762,0.0053753345469196535,0.0002810306601292838,11762
11,26,0.005623451956096062,2.173135632816324e-06,11762,0.0039528236420054725,0.00020978960183136913,11762,0.005814363062867599,0.00031080086214305065,11762
11,27,0.0072991497318546554,2.8332078923524086e-06,11762,0.006929804577487892,0.00037365103093680565,11762,0.002528701336436666,0.00013264297145764836,11762
12,0,0.012685843823186554,4.901376333020251e-06,11762,0.00039926382722630977,2.1614456310126596e-05,11762,0.023392847889593775,0.0012524272824771508,11762
12,1,0.001778894329966303,6.891833838237246e-07,11762,0.0007385590291399159,4.03425950033195e-05,11762,0.007593948083107231,0.0003969957107567902,11762
12,2,0.006276227381587962,2.4643491724714733e-06,11762,0.003390277660665632,0.00018596149022793597,11762,0.007750440035412437,0.00041245310890021655,11762
12,3,0.006118886255338038,2.410271745796548e-06,11762,0.0008991148389572228,4.854369366882588e-05,11762,0.009758024297460657,0.0005195582464354549,11762
12,4,0.0044833693193679774,1.7605070149525745e-06,11762,0.005639202205395601,0.0003152762756949111,11762,0.004929061659913345,0.0002614757764331561,11762
12,5,0.0018515552865961227,7.148597379127174e-07,11762,0.0004391267229879404,2.458265990497807e-05,11762,0.004204652476150495,0.00021954593567550626,11762
12,6,0.0034622185385278373,1.3654868123356634e-06,11762,0.03612523762769317,0.0020348447899646623,11762,0.00116722294967931,5.9864385858934005e-05,11762
12,7,0.007015809988486353,2.7177489249561793e-06,11762,0.0148179460457964,0.0007962970108275844,11762,0.0005107270643986848,2.7224318926048516e-05,11762
12,8,0.0077502525193891975,2.998822661174049e-06,11762,0.007447300752499684,0.00040320901866402716,11762,0.004710441686570582,0.0002472786851064878,11762
12,9,0.011717780429875299,4.564552884907026e-06,11762,0.0013227218997675916,7.140492207130085e-05,11762,0.009178839201045803,0.0004933134670283562,11762
12,10,0.004877801895887024,1.9025746761124473e-06,11762,0.0029131862084447293,0.0001565463278937055,11762,0.0033616397474061617,0.00017673247721377517,11762
12,11,0.005063125678081009,1.9562635761193535e-06,11762,0.0028102350105041625,0.00015279630259474285,11762,0.005619733739194006,0.00029033039954017866,11762
12,12,0.008430906503002062,3.267378931815795e-06,11762,0.012118498388967117,0.0006556877072154522,11762,0.0033047578430807317,0.00017244053780286533,11762
12,13,0.006626635459059912,2.585538708524419e-06,11762,0.0036541053091630245,0.0001976492037274788,11762,0.004946051153749522,0.0002590041826772289,11762
12,14,0.004238998847917783,1.6252940340536958e-06,11762,0.002204453775706107,0.00011919872838542307,11762,0.004427443152204128,0.00023836199181028877,11762
12,15,0.0035045609035315103,1.3554216394830873e-06,11762,0.0038906775163514928,0.00020962042453389495,11762,0.002209563119914558,0.00011666685380754831,11762
12,16,0.0024823789943014506,9.577441682921358e-07,11762,0.0022802215899145116,0.00012739902005740923,11762,0.004498359499666055,0.0002413818500543416,11762
12,17,0.006051710992655937,2.361513247337962e-06,11762,0.002851836495860011,0.0001542476113141642,11762,0.008839200202882777,0.0004663510580220368,11762
12,18,0.002065094407583522,7.936520145981161e-07,11762,0.0003907835390872645,2.1381387828269043e-05,11762,0.007685242705394083,0.00040680795848999947,11762
12,19,0.0019947106975466812,7.629729504781242e-07,11762,0.0013732921253674453,7.557267119513878e-05,11762,0.0017448032532106303,9.169863994389792e-05,11762
12,20,0.003585096799976532,1.3874967924553673e-06,11762,0.0013571953593373215,7.160609622026164e-05,11762,0.004989820631990716,0.00026823087919046316,11762
12,21,0.0032913770239897445,1.2747671861194967e-06,11762,0.00020359661846124986,1.1103834518429434e-05,11762,0.00887480262661712,0.0004615652914652095,11762
12,22,0.007045573280292719,2.72352816342384e-06,11762,0.0034581836651841977,0.0001896694808012667,11762,0.00714103763146427,0.00036821495356455415,11762
12,23,0.00605774513893546,2.3402897727071535e-06,11762,0.0021196520225314126,0.00011576461833993435,11762,0.003674135357766508,0.00019742728621540562,11762
12,24,0.004603483348257599,1.7778832728831232e-06,11762,0.008557644995414632,0.00045388008972258856,11762,0.007745972216699485,0.00041874247205905466,11762
12,25,0.0036240365569751806,1.4095488477342144e-06,11762,0.0005938739139768048,3.257370028649904e-05,11762,0.0070125780453132395,0.0003693818725280399,11762
12,26,0.0074890937019692315,2.900849245572376e-06,11762,0.001761038980359046,9.446741192628373e-05,11762,0.013169081714649929,0.0006988540884061109,11762
12,27,0.004423993070670249,1.707809150563069e-06,11762,0.0020978923467126443,0.00011402962298042829,11762,0.005318551957630702,0.0002740972106408011,11762
13,0,0.0011842432885766593,4.5895764629260257e-07,11762,0.0002965308432917659,1.635339629930143e-05,11762,0.0054441984392994405,0.0002859725088169095,11762
13,1,0.0014961496751497438,5.806252637846565e-07,11762,0.0002511609827103384,1.3848291131834267e-05,11762,0.006685330694048385,0.00035527416067976375,11762
13,2,0.005696076963601893,2.211495674404654e-06,11762,0.0010250160159971482,5.5430600096836877e-05,11762,0.011654011134404913,0.0006241765892662355,11762
13,3,0.001664294119832672,6.460950068366768e-07,11762,0.0014488308856439457,7.942132037875597e-05,11762,0.001794196507373645,9.703293375978435e-05,11762
13,4,0.002196745667056717,8.493951900951537e-07,11762,0.0024699391032220273,0.00013554703346496148,11762,0.0023613257157925355,0.00012207629817800108,11762
13,5,0.0014997245928951729,5.842238858938971e-07,11762,0.001161356466797593,6.341887480454916e-05,11762,0.002770163151996143,0.00014819856716977295,11762
13,6,0.0015484220985982253,6.062354112264083e-07,11762,0.00202906533488026,0.00011407678377075152,11762,0.0031775863105273057,0.00016796982965358595,11762
13,7,0.010612323800868328,4.132794632637681e-06,11762,0.001470999603838162,7.938142456816839e-05,11762,0.010787191812019863,0.000570812412475927,11762
13,8,0.0021245797332035384,8.249389118755673e-07,11762,0.00023000114907548844,1.2471187981879977e-05,11762,0.006390452467155488,0.00033766299652476393,11762
13,9,0.004216238046747659,1.6436587409061494e-06,11762,0.0004047416078866513,2.234786615916822e-05,11762,0.006886140478316764,0.0003621846634251441,11762
13,10,0.004047280854281995,1.5685515776776032e-06,11762,0.0006221694914134451,3.4067058416398005e-05,11762,0.006922926163525315,0.0003668523405082581,11762
13,11,0.01335246329428967,5.224781807837283e-06,11762,0.006576688260383036,0.0003526950481587773,11762,0.004886691263636403,0.00026004198475638996,11762
13,12,0.008158778707788542,3.159251121360998e-06,11762,0.0010145880953423261,5.488147995135998e-05,11762,0.006491747719738635,0.0003466089762781968,11762
13,13,0.00791625525432093,3.070662441155971e-06,11762,0.0004961223653673482,2.7210749839595193e-05,11762,0.009210181645302025,0.0004928462947187663,11762
13,14,0.0034831531906300995,1.3482507719472944e-06,11762,0.001783982298398129,9.673446077775112e-05,11762,0.005621618001947277,0.0002977044208905685,11762
13,15,0.0017499963688202926,6.769734670840677e-07,11762,0.0007497307263297685,4.144988573966071e-05,11762,0.004839615878332181,0.0002565217485189528,11762
13,16,0.006771631985813343,2.6355576980532478e-06,11762,0.007795809378666086,0.0004233140866382152,11762,0.0033657463805341695,0.00017997976462856075,11762
13,17,0.004249251748670372,1.6442764023079344e-06,11762,0.005698936894675608,0.0003119079618376909,11762,0.002050875530669607,0.00010721440894841611,11762
13,18,0.01306272236220645,5.102259660691908e-06,11762,0.006782146309696266,0.0003642479548890689,11762,0.011138787352368727,0.0005964256751016825,11762
13,19,0.0034384858022438515,1.3339674513930274e-06,11762,0.004302961145497887,0.00023538168307382233,11762,0.0033215598898052832,0.00017364807749863234,11762
13,20,0.0045799054552098485,1.7704265803208083e-06,11762,0.0013456562029395824,7.379622106424994e-05,11762,0.0069304798285812685,0.0003647438673180808,11762
13,21,0.004660081255458029,1.8050193477301323e-06,11762,0.0032335046347030504,0.0001776595639174547,11762,0.005754234242926229,0.0003006053430087371,11762
13,22,0.0039125397022367545,1.5145407530144114e-06,11762,0.0022668334773863225,0.0001253766007519518,11762,0.0062944706911253374,0.0003288237657084716,11762
13,23,0.003117464191541188,1.2023431568454811e-06,11762,0.001734974324265017,9.549668159900516e-05,11762,0.006671745116696778,0.00034869962648538815,11762
13,24,0.007106233516686961,2.7510551813057155e-06,11762,0.0033265563654792884,0.00018231388612803694,11762,0.0070043030768313355,0.00037191074165302446,11762
13,25,0.008295168407215767,3.2228535603837874e-06,11762,0.002671117872491354,0.00014436315344038583,11762,0.01205760758543571,0.000643699166854507,11762
13,26,0.004215385211267461,1.6315889090088857e-06,11762,0.001615879025649046,8.810290433082869e-05,11762,0.0031594586843422647,0.00016395035659895845,11762
13,27,0.007383395393400816,2.8620587516777937e-06,11762,0.003692782593238853,0.00020334705053804173,11762,0.008071121015543645,0.00042891183777336064,11762
14,0,0.0061228349253117645,2.3913400119512136e-06,11762,0.005410795987264951,0.0002867618426571467,11762,0.00022408402635605912,1.1865792821460347e-05,11762
14,1,0.0031159856098211284,1.2113680382217224e-06,11762,0.0015856129486396513,8.610302493519535e-05,11762,0.0018633166643228227,9.318391880409751e-05,11762
14,2,0.005607329690237722,2.187101773816301e-06,11762,0.005833231776797631,0.00030925378377142623,11762,0.0007770198687421985,4.0252972130973275e-05,11762
14,3,0.010644622475936463,4.134607690145954e-06,11762,0.012087817694255007,0.0006451586726264076,11762,0.0008321068717149842,4.3376054899671824e-05,11762
14,4,0.00017670365866765997,6.927257462313033e-08,11762,0.00021458009340429617,1.1314978712083366e-05,11762,7.333278254734784e-06,3.788683054264844e-07,11762
14,5,4.896321853808994e-06,1.9112926924516886e-09,11762,1.3909785740627155e-05,7.707546096864805e-07,11762,8.045265462659347e-07,4.270614438555442e-08,11762
14,6,0.002400543339399648,9.277101542473132e-07,11762,0.001246267370438156,6.70967854524789e-05,11762,0.0003676956883953026,1.8759574999353725e-05,11762
14,7,0.0011373342204496054,4.288791015759899e-07,11762,0.00694804260208174,0.00036558164343710657,11762,0.0003626808349553677,1.8412955182705083e-05,11762
14,8,0.012305464119631543,4.764097227134041e-06,11762,0.03410664468932975,0.0018266509346773385,11762,0.0008401948278121441,4.42276672818202e-05,11762
14,9,0.012479871509728586,4.824851039482722e-06,11762,0.000999416220932372,5.443683236988923e-05,11762,0.022037914608867257,0.0011713043847992666,11762
14,10,0.008746764986293731,3.394736716271643e-06,11762,0.020422732189166244,0.0010992876119436646,11762,0.002223348655011709,0.00011405971527273424,11762
14,11,0.012295477246979998,4.7738021531103316e-06,11762,0.025648714194776108,0.001377195791072391,11762,0.0038526553868758625,0.00020744607820103743,11762
14,12,0.011498172828351545,4.452279995910083e-06,11762,0.02339554321599543,0.001260160688265114,11762,0.002709878037236089,0.00014070958542063621,11762
14,13,0.012021107863547549,4.6570089367967665e-06,11762,0.017011336172063105,0.0009115540320441032,11762,0.002508892910071569,0.00013101784141511877,11762
14,14,0.0038066244439042577,1.4656744807556594e-06,11762,0.005310559403908936,0.0002847240813536333,11762,0.002995927133270208,0.00015907543918889852,11762
14,15,0.0031167400455407645,1.1901539732028105e-06,11762,0.004794175393382782,0.00025273378556474584,11762,0.007467481215795889,0.00040434568399978185,11762
14,16,0.0029653615237580475,1.1437631926674332e-06,11762,0.006402778075489017,0.0003469332637283582,11762,0.0009193476092227326,4.818950131534958e-05,11762
14,17,0.0021112396725710583,8.18103780028734e-07,11762,0.0003536108400534449,1.978383971515545e-05,11762,0.008005470007828523,0.0004180039523857922,11762
14,18,0.003849436895681657,1.4926520547169603e-06,11762,0.0060419133389404125,0.00033301382869572424,11762,0.004975315584512411,0.00025959367239477253,11762
14,19,0.003005444591947222,1.1543093310146037e-06,11762,0.0048490731326607615,0.00026377577997732665,11762,0.002666045417741333,0.0001388102616844413,11762
14,20,0.009095075798439016,3.538527533255907e-06,11762,0.002665612906677454,0.00014505074042128052,11762,0.01032100440207516,0.0005513205672973337,11762
14,21,0.0022818056628443623,8.890478652197316e-07,11762,0.0012975978368987378,7.168104119872521e-05,11762,0.01059767834148002,0.0005726562844355889,11762
14,22,0.004258161031889151,1.6535154897394721e-06,11762,0.0066150058908199475,0.00035654787285224423,11762,0.004464000771767261,0.00023871194723526756,11762
14,23,0.002893997213711104,1.1131391633081909e-06,11762,0.0056102784304545295,0.00030048343258828127,11762,0.004231677927012661,0.0002295169017747396,11762
14,24,0.0022970998005897546,8.833745227433296e-07,11762,0.0034032591392699654,0.00018623342813040472,11762,0.0015168339587080693,8.03760832166702e-05,11762
14,25,0.007467385675055504,2.879426543760038e-06,11762,0.00017701151028287908,9.570545453039003e-06,11762,0.017597822389616467,0.000942319706149413,11762
14,26,0.0027680565231893847,1.078950186323985e-06,11762,0.0009950571756729026,5.574716693831403e-05,11762,0.007036045159848514,0.0003754278379099061,11762
14,27,0.0033420361467008703,1.2920959593377077e-06,11762,0.005576270908962609,0.00030511385790813183,11762,0.01104729880113418,0.0005976502074149466,11762
15,0,0.0050204488317816725,1.953127095765468e-06,11762,0.0011951153520844316,6.510731001356396e-05,11762,0.007274412672386912,0.0003793728925262291,11762
15,1,0.011607280258307153,4.480318196241588e-06,11762,0.03956592716805286,0.002144196335844464,11762,0.0019959310218946942,0.00010662683275964307,11762
15,2,0.004203440500254651,1.6324362898283773e-06,11762,0.0008310300113902514,4.540169645715131e-05,11762,0.003923654201774337,0.0002064491393938874,11762
15,3,0.006167397454264997,2.3804627362339334e-06,11762,0.0015959034924146707,8.803905059887695e-05,11762,0.010772710652859207,0.0005565651486343403,11762
15,4,0.009600697642047818,3.6980736638073762e-06,11762,0.0339184610194998,0.0018443811181302347,11762,0.0009604447198980963,4.9449065191930956e-05,11762
15,5,0.0035785586814966346,1.3887856219551533e-06,11762,0.0002927597426314984,1.6224684138428694e-05,11762,0.00774666896197776,0.0004106143282034604,11762
15,6,0.003715895669643195,1.437647228526922e-06,11762,0.0009664523913739202,5.235474813814624e-05,11762,0.011817093734947813,0.0006261673919744125,11762
15,7,0.003804804443274888,1.477777289279494e-06,11762,0.002274068244273453,0.00012428595413512678,11762,0.002963274585091432,0.0001559630807117235,11762
15,8,0.0027219939553958365,1.0520983986811218e-06,11762,0.00037725756867296775,2.1111084730647613e-05,11762,0.011221035822104814,0.0005991149758270692,11762
15,9,0.0014197220938593214,5.550450528026329e-07,11762,0.00040175751415116894,2.2356019555200352e-05,11762,0.00950728367445849,0.0005148258298865397,11762
15,10,0.002547954342482546,9.927117352789967e-07,11762,0.000863916822973305,4.8073941686955504e-05,11762,0.00811815984666591,0.0004263598549444018,11762
15,11,0.002053783679660913,7.987637867751608e-07,11762,0.0003019947884658036,1.682976923312848e-05,11762,0.008370823193959178,0.0004488958716591789,11762
15,12,0.0023670437335588344,9.267280694501852e-07,11762,0.0002824088601578377,1.5543507792846048e-05,11762,0.00833531580830082,0.00044510549431605543,11762
15,13,0.003293022444818235,1.2792613532921915e-06,11762,0.0004605685423917176,2.5486856927715605e-05,11762,0.010855637991806628,0.0005823809955734633,11762
15,14,0.008142397807000976,3.1460146507635778e-06,11762,0.017115717708233974,0.0009321466512749724,11762,0.0010892597196338267,5.700030984568603e-05,11762
15,15,0.002965442481216283,1.1479606881830074e-06,11762,0.008175810615842377,0.00044635449560427804,11762,0.0013165842618728758,6.87279366234822e-05,11762
15,16,0.00224456387074378,8.692943890245338e-07,11762,0.0009265822412797325,5.096933022079567e-05,11762,0.003016695713844813,0.00015070528438504484,11762
15,17,0.0022227056932010584,8.588553053112679e-07,11762,0.001663463813282709,8.928759759458443e-05,11762,0.0025068055297039833,0.0001308706418459366,11762
15,18,0.0012716196099519734,4.916071435617438e-07,11762,0.0019862052554594084,0.00010619588657088594,11762,0.0002204898661644171,1.16737737943689e-05,11762
15,19,0.00497563435791532,1.9246272080404833e-06,11762,0.0013066982639284453,7.141876106159867e-05,11762,0.0010127090720718475,5.2196080815865345e-05,11762
15,20,0.007630784939497016,2.9456178942288345e-06,11762,0.011286775191592508,0.0006136424784453774,11762,0.0012402176370205846,6.539276586820093e-05,11762
15,21,0.004119103288902211,1.5974615129485027e-06,11762,0.0005764744557028094,3.221437120598816e-05,11762,0.012210121798096737,0.0006454369227025493,11762
15,22,0.005381739444566614,2.0808683834610634e-06,11762,0.0015565816095609174,8.510142950752666e-05,11762,0.01620609021886958,0.0008640636070107253,11762
15,23,0.011847479828819953,4.590124402393299e-06,11762,0.0014552772053562104,7.891794469255844e-05,11762,0.022627054073996726,0.0012095339190754304,11762
15,24,0.0099211288667121,3.823524330305875e-06,11762,0.022022450858653616,0.0011857080369128685,11762,0.004128398791220074,0.0002165837282450583,11762
15,25,0.009012387269553156,3.4969068969407567e-06,11762,0.00997840272101056,0.0005418740014767025,11762,0.004663716275562534,0.0002406968831661234,11762
15,26,0.003761291945861384,1.4666210246978545e-06,11762,0.0013567470516250828,7.43291705070979e-05,11762,0.012697999744565617,0.0006897722305044933,11762
15,27,0.005492723412490341,2.119230377320325e-06,11762,0.0010834396982092281,5.8718698119277044e-05,11762,0.014881210884974358,0.0007823990416195809,11762
16,0,0.00833033511039458,3.2283426139807925e-06,11762,0.026784976024979024,0.0014377550794249289,11762,0.0014018232543389047,7.40786373108094e-05,11762
16,1,0.008426702825297212,3.2604400337301915e-06,11762,0.020510098902411764,0.001095108474586727,11762,0.0027855259153621976,0.00014599197043845775,11762
16,2,0.011534109131295354,4.4843485153026266e-06,11762,0.021691682763872927,0.0011748165722615148,11762,0.006461938681190197,0.0003359454744456075,11762
16,3,0.0064138739662462285,2.4962358318822873e-06,11762,0.00978654260244656,0.00052592758523882,11762,0.0042993937909644375,0.00021577405524695603,11762
16,4,0.006060175185105386,2.3457069013968555e-06,11762,0.013638636642670482,0.0007348772202221702,11762,0.0023207510522626628,0.00012214047819443966,11762
16,5,0.00965443452430224,3.7426715547334265e-06,11762,0.025648648654812162,0.0013737170452782273,11762,0.005328123878215645,0.000279785335499738,11762
16,6,0.005823839408463032,2.2464249241359856e-06,11762,0.007291005827236164,0.00039270492696163057,11762,0.006411288094457747,0.00034155728680176364,11762
16,7,0.0029651255774108044,1.1476793968465923e-06,11762,0.0031987913350978,0.0001706069207357366,11762,0.003421775543916997,0.0001823135172467995,11762
16,8,0.0033633097828618713,1.305312792825387e-06,11762,0.0005063482839100252,2.8071876738021666e-05,11762,0.005746211311657507,0.0003025963783091661,11762
16,9,0.0017264340105072307,6.724838317253826e-07,11762,0.0007464407312462366,4.009720444234002e-05,11762,0.0010940124468328473,5.725172184859332e-05,11762
16,10,0.0005744457000844081,2.2621512766641008e-07,11762,0.0002693993450202343,1.482612820074828e-05,11762,0.002628921863896748,0.00014428197210583857,11762
16,11,0.0007529502841778126,2.935729532067164e-07,11762,0.00048187710138963786,2.597621819144402e-05,11762,0.0021659158567614765,0.00011498566974926984,11762
16,12,0.0009376682565881805,3.638568279281676e-07,11762,0.00019473748791024812,1.069953793603016e-05,11762,0.005072626842484099,0.00028246363364480356,11762
16,13,0.0005753640479293229,2.2309123275639366e-07,11762,0.00017458227145905996,9.361536312133207e-06,11762,0.0005197526898307632,2.7525630685068235e-05,11762
16,14,0.0033566147265710958,1.292670729117188e-06,11762,0.005124834894735704,0.0002769056903743157,11762,0.01023247364144383,0.0005498211449895534,11762
16,15,0.002331489829730734,9.025872500464332e-07,11762,0.0009812747402737042,5.4615561912060804e-05,11762,0.008087103353775467,0.0004310748134981305,11762
16,16,0.003075244123685613,1.1828688849982314e-06,11762,0.00482476933934484,0.0002624731006179219,11762,0.0037908319852240522,0.00020004719542592706,11762
16,17,0.0035604593771537654,1.3726401924697559e-06,11762,0.005935415832020649,0.0003202734964301595,11762,0.003143664615673085,0.0001696699448113074,11762
16,18,0.002286925299371322,8.858293679837924e-07,11762,0.005100076467711572,0.000278336205266248,11762,0.001917325804228369,9.961511235747443e-05,11762
16,19,0.007709335480487839,3.0042157488202412e-06,11762,0.006444313361598437,0.00034887655683506804,11762,0.009822929161032163,0.0005260861053224386,11762
16,20,0.0035972312915848004,1.3867686908846513e-06,11762,0.010594173354200133,0.0005702348487399104,11762,0.006420609985089491,0.00034389578470979886,11762
16,21,0.0012685856227617118,4.968048714202981e-07,11762,0.0002821367257443426,1.5683944906803347e-05,11762,0.009204069615456481,0.00047862433652699456,11762
16,22,0.0007864664942168502,3.05948390412151e-07,11762,0.0001436844308035199,7.847836125154723e-06,11762,0.006778629097219905,0.0003652024072482246,11762
16,23,0.0008416071057083963,3.295466636490745e-07,11762,0.0002156755838736029,1.1943683118627309e-05,11762,0.011554570868059454,0.0006102888038091672,11762
16,24,0.0016577538462887477,6.472822095757616e-07,11762,0.0006232889217784332,3.4113612635246925e-05,11762,0.0044906222079647146,0.00023346124736547914,11762
16,25,0.001026179198275656,4.0253966228461593e-07,11762,0.00013765043948182735,7.5253006725636315e-06,11762,0.006204435852956405,0.0003288059199746163,11762
16,26,0.003239560545119772,1.2617148240477444e-06,11762,0.000503718992496641,2.7247018344725494e-05,11762,0.013567629509338265,0.0007254974646137037,11762
16,27,0.0019383742259952055,7.559863520591802e-07,11762,0.0008625179516256054,4.68152506357205e-05,11762,0.0015627894193639255,8.181591727394278e-05,11762
17,0,0.001956814349410511,7.557620063129172e-07,11762,0.00277739375230318,0.00015274270474363423,11762,0.005475542317245182,0.00030208948979938477,11762
17,1,0.0012483680544388908,4.83473900486377e-07,11762,0.0008695019234183988,4.855166933039838e-05,11762,0.008788816932795046,0.00046853463355540274,11762
17,2,0.0018560862972827618,7.160145936988967e-07,11762,0.00021156090065184492,1.1823883726797165e-05,11762,0.0108849424573916,0.0005858595511040519,11762
17,3,0.0012917306283415976,5.020152005185849e-07,11762,0.0007340896925454435,4.0576149244018374e-05,11762,0.008693247998715235,0.0004626343579648473,11762
17,4,0.0032221127341028884,1.2495824206329825e-06,11762,0.00033574575528014407,1.834886480304373e-05,11762,0.017558560633565156,0.0009403294861564138,11762
17,5,0.001732243343909768,6.707709162670757e-07,11762,0.001218496999256819,6.807230113855811e-05,11762,0.01300625112053106,0.0006902656584881778,11762
17,6,0.0012899573064483057,5.030356959640263e-07,11762,0.0002947047937640535,1.625379995213309e-05,11762,0.009405765716458413,0.0005189844537324982,11762
17,7,0.00026184739023349846,1.0213737717711321e-07,11762,0.00017698277781732146,9.780222189177762e-06,11762,0.00066363727354796,3.465361656405069e-05,11762
17,8,0.0004717965695145299,1.821396032470305e-07,11762,0.0008811891089771317,4.7971997179026023e-05,11762,0.00039120069800646623,1.9287863043002383e-05,11762
17,9,0.001493632353584589,5.79321367670096e-07,11762,0.000679795210122963,3.705498638617578e-05,11762,0.006841458057630107,0.00036885851008799816,11762
17,10,0.0002575514595796924,9.977867128236088e-08,11762,0.00022299905432152095,1.2182569095579848e-05,11762,0.0005974837210082784,3.375874332252834e-05,11762
17,11,0.0004655893444954613,1.805837752437712e-07,11762,0.00010890598453170977,6.042579940544397e-06,11762,0.006677076643264496,0.0003528470454139073,11762
17,12,0.0003155055227686221,1.2425496509567851e-07,11762,0.00016028360901751074,8.61174380662255e-06,11762,0.00206139576357609,0.00011127062906064252,11762
17,13,0.0003563996894273434,1.3867309807610257e-07,11762,0.00018058822754564254,1.0064593706494224e-05,11762,0.0010018468482908762,5.192587244111196e-05,11762
17,14,0.0033344272964805056,1.2955288775723274e-06,11762,0.006792861917936089,0.00036171251979866747,11762,0.0010724788209447288,5.2778409896886556e-05,11762
17,15,0.0005256602772143872,2.059114920738829e-07,11762,0.0004179955904422166,2.2491820017797255e-05,11762,0.0016746215118347526,8.75452141311282e-05,11762
17,16,0.0016495742508266427,6.423564463053248e-07,11762,0.00040734854239561657,2.2191707127577862e-05,11762,0.001990673873507348,0.00010132399069456213,11762
17,17,0.0026612237069926427,1.0306204471999723e-06,11762,0.0023842435045984306,0.0001298579868195333,11762,0.0029940643519616415,0.00015639773538837028,11762
17,18,0.0032001047246712436,1.2379094578796837e-06,11762,0.007232577079138474,0.00038697336845365104,11762,0.00167063323449768,8.116852850881826e-05,11762
17,19,0.0019322930128018874,7.549638498178405e-07,11762,0.002217520312007997,0.0001172186019866444,11762,0.000991247368797975,5.2312147321858146e-05,11762
17,20,0.0011755344881413277,4.5738463461824936e-07,11762,0.0007857271560375302,4.251598964532525e-05,11762,0.0017492263159230943,8.86056343703823e-05,11762
17,21,0.0030762970492909654,1.1868877350097372e-06,11762,0.0017008795016598649,9.375919301400703e-05,11762,0.010251774302781562,0.0005388488372284491,11762
17,22,0.002894411546042954,1.1130317283087665e-06,11762,0.003291026382459076,0.00018191336188141618,11762,0.010138479427934584,0.0005176512902077441,11762
17,23,0.00328072943452532,1.267105408819232e-06,11762,0.0017559595575965315,9.819498388365729e-05,11762,0.00985106168254122,0.0005208270057699941,11762
17,24,0.003621545954642571,1.3986552141470775e-06,11762,0.010640083778572838,0.0005650174257560643,11762,0.003504120393715943,0.00018405436124974717,11762
17,25,0.0017075169490388062,6.545566224992031e-07,11762,0.001588555668643481,8.799402941051643e-05,11762,0.010024151767122302,0.0005284219653883283,11762
17,26,0.0037584324598802657,1.4540964125921903e-06,11762,0.00639336961839345,0.00034634781283475696,11762,0.005566707557059377,0.00027927965387842244,11762
17,27,0.007410443681469597,2.849559132859202e-06,11762,0.0048783721559454134,0.00026865964000099765,11762,0.015507981641747522,0.0008125293294486799,11762
18,0,0.0013664522146611797,5.256444465725886e-07,11762,0.0003971600762560783,2.181258663712772e-05,11762,0.010664842447373734,0.0005759550869375103,11762
18,1,0.0002841605179324714,1.111364784619825e-07,11762,0.0008580092685654541,4.787575654056512e-05,11762,0.0035196823951403064,0.00018751261624628615,11762
18,2,0.0002456348966425318,9.546149104441583e-08,11762,0.00014287711509939645,7.931968352825429e-06,11762,0.005220578029726241,0.00027583862734187375,11762
18,3,0.00031210641015631005,1.2142631254212288e-07,11762,0.0001236474882280565,6.927421742508389e-06,11762,0.002420816311118506,0.00012620701483074075,11762
18,4,0.0007494409046595683,2.916643160802027e-07,11762,0.00025705532673460753,1.4313320546112621e-05,11762,0.01396176369736259,0.0007416118206234112,11762
18,5,0.00024000262714113737,9.28871875110239e-08,11762,0.0004104287531553765,2.2862395286273873e-05,11762,0.004179832909250441,0.00022104414075348934,11762
18,6,0.0004433389324522633,1.7232052653562475e-07,11762,0.0002600343057712777,1.4186731647975784e-05,11762,0.004178620246258622,0.0002231686440610199,11762
18,7,0.006682544595436654,2.583587940030685e-06,11762,8.22940177383777e-09,4.517810098822452e-10,11762,0.021471025981228464,0.0011542240833107794,11762
18,8,0.00220222419339967,8.533523974305442e-07,11762,0.00034019940023087574,1.876034986730184e-05,11762,0.007650741574343658,0.0004090399808231489,11762
18,9,0.0012778495223909818,4.930084069574515e-07,11762,0.0002194773687993848,1.2322860509302875e-05,11762,0.010544829533065155,0.0005681626399716076,11762
18,10,0.003030412590515088,1.1772854446757007e-06,11762,0.006983701049775861,0.0003842627021295895,11762,0.002571808278695455,0.00013159145809669116,11762
18,11,0.0014670988507664525,5.677105858673201e-07,11762,0.0014372863026440507,7.903562167730469e-05,11762,0.0027390876694084183,0.00014578009154074008,11762
18,12,0.0009099986726279031,3.5523065860443243e-07,11762,0.0009395309896346266,5.275630974564214e-05,11762,0.003038796273606698,0.00016081414994249433,11762
18,13,0.0022886434713325575,8.85141965092669e-07,11762,0.0009306224243766923,5.274926164673353e-05,11762,0.010231641009259043,0.0005292418844251435,11762
18,14,0.0014204560046254507,5.490867065905794e-07,11762,0.0018892828557948108,0.00010379283581156343,11762,0.007751979840943345,0.00041414376827329406,11762
18,15,0.0016985433158174066,6.582410483987847e-07,11762,0.0018295584956895979,0.00010002474786686761,11762,0.007420270242599042,0.000393079875540116,11762
18,16,0.002360506993905624,9.157425309616063e-07,11762,0.009677418428193951,0.0005203843162908419,11762,0.0018321833980718643,9.485534984312083e-05,11762
18,17,0.004760490971780277,1.8392748006308718e-06,11762,0.00025115092153833447,1.3487700251461188e-05,11762,0.016331179864383698,0.0008773438247866133,11762
18,18,0.0021684928160496135,8.376910277678813e-07,11762,0.008272606103892414,0.00044880937656749923,11762,0.007147317371242391,0.00037441896110078214,11762
18,19,0.002334880712394918,9.034745884971626e-07,11762,0.005843660661482218,0.00031949312884285626,11762,0.003144076700315258,0.00016562693434097562,11762
18,20,0.00027545163528441786,1.0708455283005788e-07,11762,0.00015844050447314523,8.9450637111296e-06,11762,0.01221928898610112,0.0006581690133436693,11762
18,21,0.0014951074047472347,5.863925170775255e-07,11762,0.00037046039587544194,2.0523213804156464e-05,11762,0.02490071554714575,0.0013470450475651715,11762
18,22,0.002173007622323555,8.437920524352151e-07,11762,0.001119598512143212,6.142679166536387e-05,11762,0.0068924318743162055,0.00036315495385469214,11762
18,23,0.0007790232379941333,3.0401139582656176e-07,11762,0.0008771154561213843,4.75349278959865e-05,11762,0.0033231165124318453,0.00017929485326848057,11762
18,24,0.0046381125310417355,1.8031274886704921e-06,11762,0.001668088406323374,9.092253776566678e-05,11762,0.007453673453185803,0.0003874330521501669,11762
18,25,0.007661807115592997,2.9588421781960613e-06,11762,0.0004133471941590919,2.2301341825372158e-05,11762,0.02120051333306685,0.0011293788402839489,11762
18,26,0.00166719993771577,6.528424019890735e-07,11762,0.002048942545973689,0.00011156536499905424,11762,0.006450459476251606,0.000336466265767703,11762
18,27,0.002486973921253242,9.646838626325286e-07,11762,0.0004643854447960734,2.5532204651598618e-05,11762,0.01547692855534105,0.0008296612149574959,11762
19,0,0.004042859243318756,1.5699225262948051e-06,11762,1.283686541014199e-07,7.122229943986121e-09,11762,0.019475128711324608,0.0010652735141853957,11762
19,1,0.0004922096569840646,1.9198549343386666e-07,11762,0.000246369928579807,1.3407701656820642e-05,11762,0.003523956334917665,0.00018718690272745154,11762
19,2,0.0004935008487272078,1.9471647162232744e-07,11762,0.0006149617507030887,3.4508473585086e-05,11762,0.014178578629288563,0.000780809984466706,11762
19,3,0.00010744708332627099,4.20037404894688e-08,11762,0.00031754891886496243,1.7469047280101338e-05,11762,0.0023350525749582657,0.00012461597398083672,11762
19,4,0.0006737747213957092,2.637099326050652e-07,11762,0.0005189947192791205,2.937952673741515e-05,11762,0.013926691080639767,0.0007633630499957837,11762
19,5,0.0005955176099917616,2.330893928734819e-07,11762,0.00213641681454933,0.0001209021328315935,11762,0.0038463584198670294,0.00020968625906331445,11762
19,6,0.00160140811782801,6.233488181147513e-07,11762,0.006817611254516817,0.0003751457443381808,11762,0.0010150458203901254,5.364489219169216e-05,11762
19,7,0.00027426577365369204,1.0717417152477495e-07,11762,0.00015286711234030836,8.319386119986347e-06,11762,0.002049201078875715,0.0001099111198884653,11762
19,8,0.00038388085523913685,1.4947974591179668e-07,11762,0.00011842974730237047,6.534001922004165e-06,11762,0.005215279889263462,0.00028190845140253746,11762
19,9,0.00017867565126491192,6.94479250055903e-08,11762,0.00013639242003225596,7.528086187101679e-06,11762,0.0028081131632753656,0.00015220034576376865,11762
19,10,0.00027283606101433604,1.0553905745119763e-07,11762,0.000128735067866496,7.201911517205508e-06,11762,0.00738099411608841,0.0004009786040344592,11762
19,11,0.000749121717439748,2.881303131914902e-07,11762,0.0009530182624631433,5.203790332439831e-05,11762,0.00613065195950647,0.0003307168030803712,11762
19,12,0.00021903269261435075,8.450436331756882e-08,11762,7.634149743545422e-05,4.146648773424002e-06,11762,0.010127780394417859,0.00056498802108711,11762
19,13,0.0004270139341528687,1.6526950687228607e-07,11762,0.00016956320181146288,9.30564496521534e-06,11762,0.004420120286744159,0.0002411264670147668,11762
19,14,0.001286664192891889,4.980853677885102e-07,11762,0.001425104045313914,7.750081323453435e-05,11762,0.009169393047401752,0.000493214078339011,11762
19,15,0.002782638946353609,1.0791560919359117e-06,11762,0.018578499599919415,0.0010023834436813756,11762,0.0012678018870224488,6.48396353376753e-05,11762
19,16,0.002403870523877586,9.274717317969917e-07,11762,0.003605132288434856,0.00019626397185677105,11762,0.011698309840118586,0.000627310603694303,11762
19,17,0.0023315746601931023,8.96459685110232e-07,11762,0.014471322698377568,0.0007826799500295486,11762,0.002599500636388718,0.00013359102613774926,11762
19,18,0.0030477921625851868,1.1795188010259215e-06,11762,0.02110116334006733,0.0011368427098228107,11762,0.0011802242445717662,5.94972253637436e-05,11762
19,19,0.0020993493101329,8.109532469522283e-07,11762,0.008827242126076421,0.0004796089282199543,11762,0.005652078052160137,0.0002947342895505612,11762
19,20,0.002364562278715312,9.099664335213891e-07,11762,0.009499581650693761,0.0005135790629019902,11762,0.0027442182189254074,0.00014623246882457873,11762
19,21,0.0005309035535802451,2.049640979120046e-07,11762,0.000940647300422552,5.0834767993753636e-05,11762,0.010976340443901538,0.0005839490075524387,11762
19,22,0.002098489290492114,8.090441869694199e-07,11762,0.01602908110890621,0.0008599429444038401,11762,0.0013091418094529428,6.865864021888492e-05,11762
19,23,0.0021896184319066766,8.459426853378466e-07,11762,0.010359560948621326,0.0005556592526591734,11762,0.008864051817671893,0.00047780828073660045,11762
19,24,0.001137686286541215,4.404688164845442e-07,11762,0.004675266451739416,0.0002597954221516922,11762,0.002316938047115175,0.00012016904330601648,11762
19,25,0.0011879902272729005,4.582298282989953e-07,11762,0.0041262636783234215,0.0002247298508563578,11762,0.004566688107165922,0.0002355988206515964,11762
19,26,0.003216340456747967,1.2539052407644764e-06,11762,0.005319316804642856,0.0002852528019960409,11762,0.011249554861679095,0.0006109138982891378,11762
19,27,0.0010035154312408234,3.895168347802075e-07,11762,0.0014890522022129584,8.166098824510809e-05,11762,0.005340473291968276,0.0002894905324635709,11762
20,0,0.0004744268411958986,1.840961307691479e-07,11762,0.00045395101787550106,2.5253701485193633e-05,11762,0.00472927636931482,0.0002520338577712947,11762
20,1,0.0006983415909588652,2.712588348296848e-07,11762,0.0001155212992842838,6.392351887288254e-06,11762,0.014192552711421488,0.0007694897384776917,11762
20,2,0.0018077085240002214,6.995444810058559e-07,11762,0.0009193351264998597,5.041910925356448e-05,11762,0.021564841265167948,0.001164417796029873,11762
20,3,0.0007319667682519352,2.812111318706546e-07,11762,0.0004092334057452517,2.304207973653044e-05,11762,0.00698734841046939,0.00037319632067713443,11762
20,4,0.000409910235719053,1.583040195568361e-07,11762,0.0008048455729795936,4.454530029248956e-05,11762,0.0047485777280143705,0.000252688379917679,11762
20,5,0.0006004332070859638,2.3217252556764032e-07,11762,0.0009330474996061056,5.1978267238092355e-05,11762,0.012453264204891543,0.0006716236124673975,11762
20,6,0.0009560337051727727,3.6860741076828693e-07,11762,0.0010171201210558106,5.6440111896250066e-05,11762,0.0065780173760954,0.0003507473088086011,11762
20,7,0.00031257978355459957,1.212179142278193e-07,11762,0.00031898349643066633,1.7276063881579475e-05,11762,0.005438253442893602,0.0002973917894668693,11762
20,8,0.0004578087678505525,1.771548943901342e-07,11762,0.0027357044857878325,0.0001528862505805221,11762,0.0017811769691796952,9.077887171078554e-05,11762
20,9,0.0003754631677101914,1.4653502585402647e-07,11762,0.0004943797836569218,2.715376622010981e-05,11762,0.0015032711696074338,8.038769293547381e-05,11762
20,10,0.00026880909038658906,1.0441681459421983e-07,11762,0.0003592682269753909,1.9910164883836806e-05,11762,0.002505523216760868,0.00013613465736773034,11762
20,11,0.0004793533158892601,1.8692567137341298e-07,11762,0.0007321289843152585,4.0589301765288234e-05,11762,0.0008330315398977212,4.51355958193533e-05,11762
20,12,0.00027913455823981326,1.0863675132582773e-07,11762,0.0003255605049895377,1.7921123133460588e-05,11762,0.0014788017133415437,8.260753408478606e-05,11762
20,13,0.0001719519369643578,6.642643108386521e-08,11762,0.00013609157430576215,7.436993928631302e-06,11762,0.0006365294351165903,3.3825760494881494e-05,11762
20,14,0.0016607776179858905,6.412305348435045e-07,11762,0.0023509911886236325,0.00012909776220515942,11762,0.006267940356541708,0.00034263222657610894,11762
20,15,0.0010662475354115432,4.128267937729102e-07,11762,0.002103764851714547,0.00011814898680638045,11762,0.0025914335715474263,0.00013617360064990984,11762
20,16,0.000732472153728899,2.8509564997186435e-07,11762,0.000741616118265898,4.13494002968755e-05,11762,0.005406933348663877,0.00029765462395847994,11762
20,17,0.0018862632366761112,7.25145143510093e-07,11762,0.006519517038557971,0.00036107748984603766,11762,0.0062866070764129095,0.000338787334596434,11762
20,18,0.0005352656343782752,2.0632353341489615e-07,11762,0.00035050010909064413,1.9951240212866036e-05,11762,0.01563420996561459,0.0008628791679952624,11762
20,19,0.0010232104100309995,3.9538121526941063e-07,11762,0.0016738263660019679,9.441908698868282e-05,11762,0.0017771618150515343,9.360982593600159e-05,11762
20,20,0.0007779410873254132,2.9811316754525937e-07,11762,0.0005407678927020517,3.033627263584466e-05,11762,0.004106189190157205,0.00022619516700209434,11762
20,21,0.0025675474467544692,9.884732613666162e-07,11762,0.016419745488970433,0.0008883908196527927,11762,0.004453392050221914,0.0002328054212408395,11762
20,22,0.001481235637337096,5.751732920132711e-07,11762,0.0008982245370512254,5.0621662120373986e-05,11762,0.0093865437315321,0.0005071258925772343,11762
20,23,0.0006381695376571316,2.481461121098567e-07,11762,0.0014868335241741111,8.251785778259372e-05,11762,0.005915066838181948,0.00032109656023599,11762
20,24,0.0009654201847177447,3.7389062152937796e-07,11762,0.0032638586388087274,0.0001785455541002819,11762,0.006707705483990938,0.000351983062435322,11762
20,25,0.0009981980855755725,3.860165181308308e-07,11762,0.0011026245378084835,6.129974904655407e-05,11762,0.012244181073814303,0.0006589185271300009,11762
20,26,0.0016591706339640889,6.404497304095459e-07,11762,0.008477585778233942,0.0004674786556960004,11762,0.0008855247914155252,4.496100253235301e-05,11762
20,27,0.0013251189857900975,5.151907760210683e-07,11762,0.004350111372345962,0.0002422946291924825,11762,0.0053158492541856344,0.00028370895074739046,11762
21,0,0.0010592030236284571,4.113412896896158e-07,11762,0.0010806646279930597,6.038379950663955e-05,11762,0.013312246837805597,0.0007227273960289355,11762
21,1,0.0018724169993384794,7.242581959983388e-07,11762,0.006853314595884111,0.0003782195595998291,11762,0.002023499704442361,0.0001072181069312079,11762
21,2,0.0009930822421864533,3.8324895485540736e-07,11762,0.0035180684044434658,0.00019579862587790634,11762,0.0025246059447283685,0.00013765362255395642,11762
21,3,0.001225030688169762,4.735236371455541e-07,11762,0.0020519045941969384,0.00011329299331017015,11762,0.00429742575834869,0.00023111657038556727,11762
21,4,0.002450868217690181,9.515703403111369e-07,11762,0.005309393959644462,0.0002913104454101188,11762,0.004978483666528437,0.00027393790802321535,11762
21,5,0.00228383737589639,8.800134463037984e-07,11762,0.013261462963395886,0.0007238446266381326,11762,0.0008498335772057571,4.499006516703786e-05,11762
21,6,0.005996702831876703,2.3252288925638635e-06,11762,0.0019015864710454882,0.00010198016254869335,11762,0.007777688196535857,0.00042329582214349414,11762
21,7,0.00024383159524544808,9.440264750981216e-08,11762,0.0012330000038168326,7.02388642851144e-05,11762,0.00039761347090477676,2.1747031063118244e-05,11762
21,8,0.00029450059508911205,1.1494117366104553e-07,11762,0.00027540135347390275,1.5500926019474775e-05,11762,0.001074366588764241,5.828052736413642e-05,11762
21,9,0.00020655578926817377,8.008001931454589e-08,11762,8.960752802246631e-05,4.956741924161713e-06,11762,0.0018253392056899536,9.999486767057272e-05,11762
21,10,6.619825797617667e-05,2.5599452371465593e-08,11762,8.431999624294262e-05,4.6854537525375544e-06,11762,0.0027390487112487413,0.00014869158713153556,11762
21,11,0.00020902390892514895,8.086665487701692e-08,11762,0.00012017607359179162,6.704232745175557e-06,11762,0.001384922355025258,7.404298214184515e-05,11762
21,12,0.00028256082942841506,1.097707599081368e-07,11762,0.0001705803665275946,9.677637355263224e-06,11762,0.0022544526442096467,0.00012145508325384641,11762
21,13,0.00030881952689095735,1.194606140406811e-07,11762,0.0009059257459837099,5.14070041672231e-05,11762,0.0011378712593697665,6.314406255351851e-05,11762
21,14,0.0011249917374670142,4.3447263931534194e-07,11762,0.012640129947156617,0.0006926723635129478,11762,0.0017137762370071133,8.788941434740937e-05,11762
21,15,0.0011300190630804472,4.405156211659254e-07,11762,0.00045951742745612936,2.6311150816270614e-05,11762,0.0066685587106052715,0.0003606158571529544,11762
21,16,0.0023219010614067832,8.985576368664132e-07,11762,0.000127544767822771,6.964793679193662e-06,11762,0.001401069604835041,7.390207648419648e-05,11762
21,17,0.0017676981545130383,6.81218334001748e-07,11762,0.0025576220156587593,0.000137952128245937,11762,0.006240314718958319,0.00034259227795630664,11762
21,18,0.0020724136319247486,7.97635034176899e-07,11762,0.002058696944812659,0.00011290613471825,11762,0.009396850466221653,0.0005094039456864533,11762
21,19,0.0003589546658662028,1.3742226816131816e-07,11762,0.00019947688592807458,1.104148417461239e-05,11762,0.010683917254196831,0.0005818129547053592,11762
21,20,0.0008347967176882778,3.224444971044616e-07,11762,0.00021015181291091927,1.1702639690436713e-05,11762,0.007345731339492727,0.00040065810859302316,11762
21,21,0.00018079946283776414,7.044404129057806e-08,11762,0.0005200210385485992,2.935672303711837e-05,11762,0.0064165060751190306,0.0003514499374315697,11762
21,22,0.0004223268828435081,1.6308121137302984e-07,11762,0.004036764211980307,0.00022318774203401463,11762,0.0006637578784462923,3.556685057022117e-05,11762
21,23,0.0018192322628430545,7.036494465241837e-07,11762,0.0005616184971215221,3.0275723073626057e-05,11762,0.006517641462059017,0.00035787745350752953,11762
21,24,0.0007053970860208873,2.7425955165657895e-07,11762,0.003406382723557684,0.00018936345657976774,11762,0.0009051179850322093,4.9453019893716885e-05,11762
21,25,0.000723473010535163,2.8113228327738466e-07,11762,0.004320650869155289,0.00023478224007955352,11762,0.0019201719718047094,0.00010384784136616392,11762
21,26,0.00020616329760077753,7.997396439792147e-08,11762,0.0005652229847102235,3.11753403668825e-05,11762,0.005298342295678688,0.00028911209700534343,11762
21,27,0.00032151544937860006,1.244917276103987e-07,11762,0.001937004484643347,0.00010814566602215584,11762,0.000801552389029962,4.1667298662644115e-05,11762
22,0,0.0003383001330634252,1.309654332418438e-07,11762,0.00031169594101934265,1.681758782531188e-05,11762,0.001183105845182262,6.302603804878423e-05,11762
22,1,0.0002959545548992962,1.1459740207125222e-07,11762,0.0037354294455382757,0.00020514555249029446,11762,0.001128625356785696,5.6402311347442666e-05,11762
22,2,0.0004424564023373295,1.7131669409515126e-07,11762,7.529003575668481e-05,4.150485277905655e-06,11762,0.0013885314443996023,7.392498101401365e-05,11762
22,3,0.0002943441007164832,1.1403094699316192e-07,11762,0.0005663272138197808,3.1373052469052695e-05,11762,0.0003935056455202581,1.982732801558427e-05,11762
22,4,0.00011036437238166992,4.230435562565806e-08,11762,0.0010926740446367854,5.943986249214148e-05,11762,7.697550051382026e-05,3.6382909202608036e-06,11762
22,5,0.0003301777324918294,1.276889913310456e-07,11762,0.00037211451368107526,2.0451534391422086e-05,11762,0.00022513889422836946,1.163241775155362e-05,11762
22,6,0.00022244351896674237,8.687905189735518e-08,11762,0.00033580059987082053,1.840735324171136e-05,11762,0.00040445643999921635,2.194302108130087e-05,11762
22,7,0.0005325897319601109,2.059633041490685e-07,11762,0.004084691704940367,0.00022480962991229167,11762,0.000983039356548376,5.0908968764426746e-05,11762
22,8,0.00044980296611029914,1.7510108164346857e-07,11762,0.0014252665534782818,7.998144009364208e-05,11762,0.007337928547413551,0.000393895319801999,11762
22,9,0.0005542583412204121,2.1469961950259246e-07,11762,0.0017049098611799963,9.528967315809554e-05,11762,0.0014524259258238453,7.854256781001176e-05,11762
22,10,0.00011643519155842878,4.514287310939211e-08,11762,0.0007904285488436985,4.383371251522842e-05,11762,0.0026889594565068127,0.00014888966448565677,11762
22,11,0.00013184489841717596,5.094382635832664e-08,11762,0.0004902120688963052,2.727168311829433e-05,11762,0.0024369011893926127,0.00013493897145959823,11762
22,12,0.00023692560249530451,9.137011641269531e-08,11762,0.0026000388848753807,0.0001438944236074931,11762,0.0012780180386352603,6.98295883816149e-05,11762
22,13,0.0007123999627407754,2.7459613556066884e-07,11762,0.008286549988044893,0.00046548624244564866,11762,0.0009580310490708436,5.125586722798596e-05,11762
22,14,0.00014850986645208303,5.719919293468941e-08,11762,0.000769647790334405,4.223706669757841e-05,11762,0.00042557205678693646,2.2515495646264578e-05,11762
22,15,0.0008357322059928857,3.265943732584916e-07,11762,0.008007650688289526,0.0004465634496258607,11762,0.0009053617124170407,4.9608653642836685e-05,11762
22,16,0.0010127155952183633,3.9120118237334063e-07,11762,0.0014342611904099138,7.93582280579909e-05,11762,0.002749274537022502,0.0001467633655686721,11762
22,17,0.0008454855588859316,3.273775859899439e-07,11762,0.006148270912603121,0.0003351315930731913,11762,0.00034589131417757114,1.8536611195908327e-05,11762
22,18,0.00034469836995544545,1.3467668292711586e-07,11762,0.0022111032975359927,0.0001277444383536809,11762,0.006661037762100888,0.0003535895280983503,11762
22,19,0.00024562372198909117,9.550929750801004e-08,11762,0.001146566500291775,6.283058077593012e-05,11762,0.00037253870717548885,1.9888615773655336e-05,11762
22,20,0.0002136563174298357,8.312140954479585e-08,11762,0.0006231682170201089,3.4939356787554035e-05,11762,0.0005871706689962337,3.152613774918027e-05,11762
22,21,0.000311292373973568,1.2128119167515238e-07,11762,0.0019858564239192606,0.00010962211923362241,11762,0.0022109950585019276,0.00011794761777105615,11762
22,22,0.00014588483139258107,5.51809890398384e-08,11762,0.0006894321652083197,3.8419539867752295e-05,11762,5.5442445655259775e-05,2.882749628192723e-06,11762
22,23,0.0006480052566906739,2.5080826788043026e-07,11762,0.0012520845118203492,6.920581868901862e-05,11762,0.004956377972212788,0.0002687149670618001,11762
22,24,0.0005146135713736313,1.984397798131698e-07,11762,0.003925759805976522,0.00021376571610387123,11762,0.0010350122759322513,5.176152899539421e-05,11762
22,25,0.0007536835652587274,2.9096146969287093e-07,11762,0.011843515020701278,0.0006526002185844686,11762,0.0019589610205290346,0.00010184692248644449,11762
22,26,0.0002647480064692614,1.0163196610632148e-07,11762,0.0018810306190046766,0.00010651249893988646,11762,0.0007975309535996111,4.1936149688545934e-05,11762
22,27,0.0008033609422778249,3.1167546924354963e-07,11762,0.0051168873396938595,0.0002853563710570655,11762,0.001863612015118667,9.77463693111626e-05,11762
23,0,0.0014723080278799946,5.697831683844403e-07,11762,0.01068483760194062,0.0005963000795864095,11762,0.002823749468078595,0.0001479531772123492,11762
23,1,0.0013165751100538761,5.217900400656411e-07,11762,0.006167006945360181,0.0003401679869031484,11762,0.003780738099322554,0.00020013240031339908,11762
23,2,0.001040825504824954,4.06172236305292e-07,11762,0.005367456815305396,0.0002949908493350026,11762,0.002729601382262489,0.00014696310019736712,11762
23,3,0.00041002035423700435,1.5952849834494276e-07,11762,0.0020907200723369263,0.00011473558418378454,11762,0.0006759661942004403,3.6601748397735376e-05,11762
23,4,0.000272212392345733,1.0647922757394959e-07,11762,0.0011745268544885337,6.540698168443158e-05,11762,0.0001443321190715132,7.602881894031872e-06,11762
23,5,0.0005116047836036726,1.9711881052884262e-07,11762,0.0051284444907647424,0.00029047609098843344,11762,0.0006052732694136576,3.345693339727775e-05,11762
23,6,0.0012878700009997487,5.009737201175573e-07,11762,0.006716591751452241,0.0003699388294248696,11762,0.0011088132772480704,5.909622336778895e-05,11762
23,7,0.0011201787441916975,4.3557585055534066e-07,11762,0.00019364336375978425,1.0580860072763941e-05,11762,0.0009282432194617449,5.0593636441917154e-05,11762
23,8,0.001751833486083923,6.887648579256428e-07,11762,0.002498989828488354,0.00013714751511894035,11762,0.0017889568457955974,9.487951461801561e-05,11762
23,9,0.0010714074288155884,4.196326082533333e-07,11762,0.0008187825073938413,4.581306639777113e-05,11762,0.0009412129104218962,5.141656889456618e-05,11762
23,10,0.0009803848453946576,3.7966684889951306e-07,11762,0.00013069064954645437,7.120515978966021e-06,11762,0.0023215681873204157,0.0001240900719597591,11762
23,11,0.0009300237353773993,3.614415575233473e-07,11762,0.005892790236734875,0.000321731276734781,11762,0.0015486356561220803,7.726251679862627e-05,11762
23,12,0.00035347095232871116,1.37695525672386e-07,11762,0.0009245947993918444,5.1125917795078255e-05,11762,0.0016643074911805958,8.906529278029347e-05,11762
23,13,0.00043477207473078237,1.6857897180025435e-07,11762,0.0016867550071852147,9.151798688530816e-05,11762,0.001250682032603297,6.49035484382688e-05,11762
23,14,0.00040409450102432253,1.5688059656919924e-07,11762,0.0007166351148567395,3.95976834247644e-05,11762,0.0006965993507713605,3.8104810798205274e-05,11762
23,15,0.0009712835680977796,3.776388080533052e-07,11762,0.0012367606427039861,6.838100503930447e-05,11762,0.0007953362982920372,4.218134631815949e-05,11762
23,16,0.0009688463760847193,3.7667822137917537e-07,11762,0.0003087093884787789,1.7004909623276e-05,11762,0.002288742479450489,0.00012541271832775078,11762
23,17,0.002184019679846598,8.382019552918925e-07,11762,0.001114702531773742,6.046248210187441e-05,11762,0.0028382162710721987,0.0001545622427101041,11762
23,18,0.00036616133115395294,1.4281230237687255e-07,11762,0.0015154472579172178,8.412365660489378e-05,11762,0.0014992619857178114,8.022653380163473e-05,11762
23,19,0.0005552214544175613,2.1657229551994673e-07,11762,0.0008589400430559026,4.768291648871536e-05,11762,0.0007590731819240526,4.0924863089285666e-05,11762
23,20,0.0031932480456816105,1.249612287156079e-06,11762,0.0007984378123880899,4.4143132817588607e-05,11762,0.001098316155153233,5.93492691673961e-05,11762
23,21,0.0006029672674334433,2.3457500534351219e-07,11762,0.0002997021652358451,1.6741904893071116e-05,11762,0.0024573953962229475,0.00013380548066970976,11762
23,22,0.0009491508264289994,3.6984307895615194e-07,11762,0.00022543097544415328,1.2477693471041358e-05,11762,0.0023713228856697094,0.00012721065799785997,11762
23,23,0.0003054994894658182,1.1892565284812235e-07,11762,0.00018030131341328787,9.952271216788242e-06,11762,0.0009761038511908046,5.252381231161304e-05,11762
23,24,0.0003519176751264396,1.3645711133817472e-07,11762,0.0002596264122930033,1.4568503505661427e-05,11762,0.0027000299575015967,0.00015141352899176978,11762
23,25,0.0013611264569764231,5.287623000352636e-07,11762,0.0016972047661545117,9.294340275588816e-05,11762,0.005188191686407987,0.00028527113227433246,11762
23,26,0.00041376168238727663,1.6188702549580836e-07,11762,0.0006029127198260423,3.338979305962254e-05,11762,0.002741834232935945,0.00014980972475037342,11762
23,27,0.0007386241933941235,2.8664564733663326e-07,11762,0.0001303680948355829,7.265608074020409e-06,11762,0.006635530963581543,0.0003635436161695593,11762
24,0,0.001331306767057554,5.181563422242798e-07,11762,0.0019032289643880714,0.00010458027687938852,11762,0.0017921676781926905,9.730359971592167e-05,11762
24,1,0.0005556813794915796,2.160206387537213e-07,11762,4.6089941490700314e-05,2.4590429853264766e-06,11762,0.002870730352426807,0.00015426253194298774,11762
24,2,0.0007100721879832384,2.780489360489076e-07,11762,0.0005374974505500729,2.9018066396571457e-05,11762,0.004691360202599652,0.00025800545264656824,11762
24,3,0.0008958851813885482,3.463769635672176e-07,11762,0.00018997801304401077,1.0250260915152483e-05,11762,0.0028548105220302334,0.00015152036230447024,11762
24,4,0.00011402427007303808,4.423867401303584e-08,11762,7.273441579648525e-05,4.010408697037922e-06,11762,0.000810225174361147,4.446669569626461e-05,11762
24,5,0.0004187261026565273,1.6201450361630057e-07,11762,0.00011856617674446203,6.515407666431738e-06,11762,0.005896193574668536,0.0003227281143846698,11762
24,6,0.0002983565324592073,1.1543497231718007e-07,11762,0.0001820398350869223,1.005013411895845e-05,11762,0.0031571692985786245,0.00017535664984714733,11762
24,7,0.00013993620560070398,5.496050808501298e-08,11762,7.069196276924876e-05,3.8635562432020414e-06,11762,0.0016195710824574011,8.732770731242415e-05,11762
24,8,8.590309075318176e-05,3.362354818362899e-08,11762,0.00016167852198479242,9.011386414724854e-06,11762,0.0006308044253893162,3.424538897975555e-05,11762
24,9,0.00020009352477812426,7.776050415231944e-08,11762,0.00012122960358590015,6.664020570099981e-06,11762,0.00047555045640701953,2.602908985775935e-05,11762
24,10,0.00011501832318425144,4.5168659286492264e-08,11762,9.313402699083435e-05,5.100835467604422e-06,11762,0.00028798946923307524,1.6043597349686106e-05,11762
24,11,0.0002583384188114708,1.0083018953142967e-07,11762,0.0003584656712777111,2.0016954724355694e-05,11762,0.001060957548298866,5.8579211449501256e-05,11762
24,12,0.0005395284136105566,2.0955067076330794e-07,11762,0.0001742689479069819,9.599767253629514e-06,11762,0.0007817168167422689,4.276696278758602e-05,11762
24,13,8.089848923127327e-05,3.182716295185317e-08,11762,0.00019478919954889903,1.0710216635791987e-05,11762,0.00038692695723403206,2.1168615415989837e-05,11762
24,14,0.00022158856142070804,8.584151839569521e-08,11762,0.003744849436819418,0.0002098139561601691,11762,0.005270956939689441,0.00028647908338078033,11762
24,15,0.000586041335472778,2.266239534576565e-07,11762,0.0033026718578195204,0.0001885998923413149,11762,0.004367190080959749,0.00023731134398676326,11762
24,16,0.0002629862726976295,1.0179555322920681e-07,11762,0.0006408747172754182,3.7294746504715654e-05,11762,0.0010263859507774423,5.736670639759374e-05,11762
24,17,0.0002703451042876845,1.0502813590510692e-07,11762,0.0009701068505410472,5.3596597053471265e-05,11762,0.0021581544021281435,0.00011661570747252854,11762
24,18,0.001786159273644631,6.937423063888109e-07,11762,0.0021114706367595156,0.00011721324157735468,11762,0.006649943898525921,0.0003618953591352519,11762
24,19,0.00027339850144063896,1.062538861583218e-07,11762,0.0036738606376061685,0.0002047949340581763,11762,0.000715841205072331,3.797857016100173e-05,11762
24,20,9.262027591662476e-05,3.6179478931721666e-08,11762,0.0001883108603983199,1.0436767420344989e-05,11762,0.005153857811254675,0.0002833769024247812,11762
24,21,0.0015988104176534977,6.194842841733264e-07,11762,0.009619849671664696,0.0005278676996247211,11762,0.0005612172429706285,2.8159085337567175e-05,11762
24,22,0.0004193243675599064,1.6347886696259891e-07,11762,0.0006851001192499931,3.7168512734174834e-05,11762,0.0014202415370782528,7.347303221795384e-05,11762
24,23,0.00043576948430329454,1.6813459654338922e-07,11762,0.0038745618431452315,0.00021641321605241743,11762,0.0007392036704861728,3.871966920549643e-05,11762
24,24,0.0011607344935211734,4.4947979388902054e-07,11762,0.0028016883648711447,0.00015374277439849293,11762,0.004288494984422939,0.00023101150813206766,11762
24,25,0.0006714292945113227,2.583625408869329e-07,11762,0.001667191913739762,9.193891532577722e-05,11762,0.0007720264930490985,4.141709967641146e-05,11762
24,26,0.00043836820206950107,1.686185339580743e-07,11762,0.006840530073724998,0.0003762328122053421,11762,0.0009816878213321726,4.966857148733572e-05,11762
24,27,0.0008967788947360638,3.4703570639484844e-07,11762,0.00526095310670582,0.0002886105452044469,11762,0.001834279697155807,9.497536954476181e-05,11762
25,0,0.00016149881842651744,6.267898062165993e-08,11762,0.0004804142085091763,2.764506605840117e-05,11762,0.0011239631879559051,6.279673588402162e-05,11762
25,1,0.00016247723568302218,6.340261229172949e-08,11762,0.0002811561202648812,1.5608870953151932e-05,11762,0.0020791158650907615,0.00011452251589424818,11762
25,2,0.00022528682402061704,8.703316507722461e-08,11762,5.1509178537945154e-05,2.8668256760319037e-06,11762,0.0011114609818567741,6.133480855318925e-05,11762
25,3,0.00027257736079313086,1.058234225336239e-07,11762,0.00018287446347843683,1.0111196969918007e-05,11762,0.001662659596617864,9.356383522952129e-05,11762
25,4,0.000696160230322292,2.707790847330792e-07,11762,0.00010816325432942811,5.878062916419251e-06,11762,0.0039966128826797636,0.0002199067662213818,11762
25,5,0.00012957540479162035,5.037661180156811e-08,11762,0.00031017821790817727,1.7824179339581025e-05,11762,0.0012814899264583762,7.114369572501336e-05,11762
25,6,0.00014355834603779747,5.5546855586587016e-08,11762,6.921970948103022e-05,3.88257225198658e-06,11762,0.0006137290475911812,3.375798758111558e-05,11762
25,7,0.0004776035699725704,1.857900021067543e-07,11762,0.0037054547043240695,0.0002037581034624432,11762,0.0004595765184238003,2.4061551626629343e-05,11762
25,8,0.00047028982420857995,1.8176147642500001e-07,11762,0.005182357948914871,0.00029775954565112344,11762,0.0005926609179361877,3.096840603857823e-05,11762
25,9,0.0004129996060303586,1.5956876366254012e-07,11762,0.003486045006988668,0.0001899370897508193,11762,0.0006190426763603035,3.184641296374916e-05,11762
25,10,0.0005624226979721779,2.2080986798415707e-07,11762,0.006021063980595699,0.00032766692143326286,11762,0.0006432668341676699,3.277478097482333e-05,11762
25,11,0.00043160011259935814,1.67323732131684e-07,11762,0.005320146882111725,0.00028986053742765324,11762,0.0005223988177589841,2.63319674983182e-05,11762
25,12,0.0004596564490201993,1.7997053846498197e-07,11762,0.0032575668330870975,0.0001801219277850601,11762,0.0005313956284520032,2.738329212533274e-05,11762
25,13,0.0006273887749377783,2.4396145965063737e-07,11762,0.002478986925895893,0.00013797030134291724,11762,0.0006172350039553124,3.26264362833531e-05,11762
25,14,0.0002694228157227517,1.050201449296202e-07,11762,0.0001502507309657998,8.281876334078797e-06,11762,0.002477920692758544,0.00013494700613681348,11762
25,15,0.0005972242392265159,2.3298296567559543e-07,11762,0.0001678902845861324,9.29999235063122e-06,11762,0.003994909052510939,0.00022200060701146386,11762
25,16,0.0005768484959803634,2.2679257887713776e-07,11762,0.00018500073080403282,1.0076923738705073e-05,11762,0.0012944785177584817,6.800096165539877e-05,11762
25,17,0.00025583963520484315,1.0011575354083873e-07,11762,0.0003935027743595277,2.1882136356250735e-05,11762,0.005034803079062249,0.00027972499856061323,11762
25,18,0.0004041461877672321,1.5838151604755257e-07,11762,9.498805854502836e-05,5.266979084002815e-06,11762,0.003959135496864669,0.00021853688868297977,11762
25,19,0.0004825160097605016,1.8821751289763832e-07,11762,0.00016416556924553436,9.113105374140236e-06,11762,0.002052120351648197,0.00011216899664035386,11762
25,20,0.0008612429584418319,3.3623160785091156e-07,11762,0.0012424946636380495,6.83286281250254e-05,11762,0.0015146594815868188,8.502874259284709e-05,11762
25,21,0.0003623176688131751,1.4020246455446352e-07,11762,0.00025532289425370125,1.399387118597866e-05,11762,0.0012250685855378545,6.646901162829046e-05,11762
25,22,0.0007127260041245105,2.749469659331527e-07,11762,0.0003383700633034694,1.8613157795129942e-05,11762,0.002667000963322023,0.00014328771706198336,11762
25,23,0.0003073197100003296,1.1960313974767544e-07,11762,0.005033102665582005,0.00028054373695242857,11762,0.0004920570769714458,2.613708347215547e-05,11762
25,24,0.0019403125028382372,7.516308636140307e-07,11762,0.004488536315868226,0.000248945615649737,11762,0.0025751069708404815,0.0001378715513376853,11762
25,25,0.0007760190815325956,3.00796114167084e-07,11762,0.009872278172821308,0.0005434758881368734,11762,0.0016893753644875793,8.68102331364524e-05,11762
25,26,0.0013291981837689987,5.167462670392805e-07,11762,0.0008838866192871107,4.841265155734124e-05,11762,0.00385379900574642,0.00020847819179684016,11762
25,27,0.0002604030074832771,1.0000707076324521e-07,11762,0.0001848274342785204,1.0176126330575989e-05,11762,0.0011212122160336074,6.065309418277444e-05,11762
26,0,0.0006592111373431534,2.5674489877635746e-07,11762,0.009276766264608263,0.0005149925771601849,11762,0.0008409291096131143,4.30327022216201e-05,11762
26,1,0.0003742598930719523,1.4611108484507092e-07,11762,0.005804312102938964,0.0003197593211127326,11762,0.0008866363398042637,4.5557973310969945e-05,11762
26,2,0.00038571716869457555,1.5015705464768416e-07,11762,0.006301910710276464,0.000349795803824838,11762,0.0008273279887290204,4.016460230003563e-05,11762
26,3,0.0004054351170632374,1.584134426361235e-07,11762,0.00529625829047426,0.0002922105849799961,11762,0.0008040695872184922,4.1790728502227365e-05,11762
26,4,0.00027519314870291155,1.0745796574922677e-07,11762,0.005232090046109761,0.00028746344407757816,11762,0.0004054357758082041,2.084213338206679e-05,11762
26,5,0.00014234592182958602,5.546985740628972e-08,11762,0.0011002913397233551,6.132122896202283e-05,11762,0.0004887138731564057,2.5781070447766133e-05,11762
26,6,0.0002118613376670981,8.257202289560128e-08,11762,0.0031804023271073765,0.00017641087013269718,11762,0.0003118789735573756,1.61943447016987e-05,11762
26,7,0.0011331498557520985,4.4791273921876296e-07,11762,0.003403285753969519,0.00018937084179950295,11762,0.0010951708668858753,5.8564556378634974e-05,11762
26,8,0.0032388368882115552,1.295795833129467e-06,11762,0.00014864752434710094,7.872246163743203e-06,11762,0.0040083803220200805,0.00021939183897471862,11762
26,9,0.0008277453560036447,3.309644037872824e-07,11762,0.004388705489808315,0.00024188753279968196,11762,0.0010467263893524912,5.537502441614709e-05,11762
26,10,0.0003656646180449426,1.4339946915106653e-07,11762,0.0004558157476132518,2.510033305863853e-05,11762,0.00037449930057990746,2.0205578706656926e-05,11762
26,11,0.0010744331999908885,4.2729101393754597e-07,11762,0.0002489574923164657,1.3339069651100475e-05,11762,0.001468944789305584,7.688809294895984e-05,11762
26,12,0.0005032451933575337,1.991998990965151e-07,11762,0.0011338484028067541,6.172289915363285e-05,11762,0.003224290353015798,0.0001783861830985385,11762
26,13,0.00027444980313554886,1.0944582097159135e-07,11762,0.0018307389214273033,0.00010152678735350629,11762,0.0009412399061790475,5.064609499329288e-05,11762
26,14,0.0003639023779537868,1.4233666953498077e-07,11762,0.0052876888858258905,0.00029501456942729407,11762,0.0009212554083992759,4.684557975562274e-05,11762
26,15,0.00021912298802753225,8.503239269683371e-08,11762,0.0018448385072131022,0.00010269824297404996,11762,0.0006445455460038649,3.315042032524903e-05,11762
26,16,0.0001450834470513635,5.6643162035850635e-08,11762,0.0008540386943835431,4.889125968940387e-05,11762,0.00025084214078161237,1.3881000291131453e-05,11762
26,17,0.0005380371282358771,2.098240313471675e-07,11762,0.004543658548058315,0.00025037215816829916,11762,0.0015557463044703435,8.16886226434611e-05,11762
26,18,0.0003137996893070663,1.217339763067545e-07,11762,0.004585610414663775,0.0002507163292297381,11762,0.0005857437821426209,2.883338714856964e-05,11762
26,19,0.0003366564681270823,1.3111420882049141e-07,11762,0.004292903083171019,0.00023608235547904722,11762,0.00038239473841175826,1.948936543036044e-05,11762
26,20,0.0003954899228748068,1.5536388928406217e-07,11762,0.0005874781277015767,3.235574540237541e-05,11762,0.0008390997256429762,4.523815366575762e-05,11762
26,21,0.0006227632343376877,2.4452590537277036e-07,11762,0.0020296062276863474,0.00011087306595712994,11762,0.002966673181947403,0.00016385472437829797,11762
26,22,0.0006370806276576722,2.4874484877070686e-07,11762,0.00044407063127696676,2.403978912353473e-05,11762,0.00781168354181978,0.00042905400054910406,11762
26,23,0.00044404960918999117,1.73484384451683e-07,11762,0.0016326615083980434,9.147502840733985e-05,11762,0.003209887734618735,0.0001772186686092285,11762
26,24,0.0003644810429799046,1.4147183195315925e-07,11762,0.0027753455142076992,0.00015435117065911791,11762,0.0011832272004841876,6.66668902038736e-05,11762
26,25,0.0007228125471491546,2.838745499519015e-07,11762,0.004436529901014517,0.0002468866550463913,11762,0.0029257822500329002,0.00015861730154923177,11762
26,26,0.00024749721112372967,9.657863623396912e-08,11762,0.00029637315125117424,1.6488474303073253e-05,11762,0.00881383777850169,0.00048437596667110807,11762
26,27,0.0010386197712617742,4.06725221043975e-07,11762,0.0003158634999462774,1.7165514280993987e-05,11762,0.0015822175737670004,8.464302384301096e-05,11762
27,0,0.0,0.0,11762,0.0019152199217588946,0.00010496801814820981,11762,0.0019852429056344562,0.00010644601684941712,11762
27,1,0.0,0.0,11762,0.0036893169622384285,0.0002029825099550134,11762,0.0003750781175151124,1.951241872324889e-05,11762
27,2,0.0,0.0,11762,0.0032653797464522556,0.0001808603209153029,11762,0.0009763064685124856,5.216259562265544e-05,11762
27,3,0.0,0.0,11762,0.003399684460624214,0.00018756422749928125,11762,0.0004395142862731082,2.2716391876509867e-05,11762
27,4,0.0,0.0,11762,0.0047207924812160745,0.0002630555359423403,11762,0.0005964784136021338,3.077852976484954e-05,11762
27,5,0.0,0.0,11762,0.00620338117245354,0.00034381774405806034,11762,0.0007384917030480428,3.760092247468805e-05,11762
27,6,0.0,0.0,11762,0.0015670723067211607,8.718550138598229e-05,11762,0.0013692683271270384,7.167483263845153e-05,11762
27,7,0.0,0.0,11762,0.0005614001404868582,3.132525567201897e-05,11762,0.00870585177090321,0.0004821585699746141,11762
27,8,0.0,0.0,11762,0.00053690302706032,3.0071813214547534e-05,11762,0.0035897346124506005,0.00019752427037129605,11762
27,9,0.0,0.0,11762,0.0029876468494028194,0.00016905086063756516,11762,0.0053172047217085565,0.00028959241291829,11762
27,10,0.0,0.0,11762,0.0007142440932303443,3.931912699565188e-05,11762,0.027258170230380737,0.001512239800007988,11762
27,11,0.0,0.0,11762,0.00014328118032534018,7.974355177140713e-06,11762,0.009539101156799379,0.000527997425417265,11762
27,12,0.0,0.0,11762,0.0017920600355263566,9.996339036340868e-05,11762,0.010378652101016067,0.0005747927899214857,11762
27,13,0.0,0.0,11762,0.0013608386208015923,7.83449124977746e-05,11762,0.027480377337028086,0.001520276792535313,11762
27,14,0.0,0.0,11762,0.0036002251605108714,0.0001960247375015723,11762,0.0009013701739703991,4.347095390843964e-05,11762
27,15,0.0,0.0,11762,0.003050514233188238,0.00016759421686563422,11762,0.0006969658032949368,3.595425716857544e-05,11762
27,16,0.0,0.0,11762,0.00223424639868952,0.00012428589788714305,11762,0.00042225283684783205,2.2719191660296924e-05,11762
27,17,0.0,0.0,11762,0.002878629184267693,0.00016555014638836574,11762,0.0003811370394400149,1.9603296388068702e-05,11762
27,18,0.0,0.0,11762,0.0034600993349237254,0.00019024732328809115,11762,0.0004694590614998292,2.4721013821589675e-05,11762
27,19,0.0,0.0,11762,0.006807623089433645,0.0003749568162401184,11762,0.0011104765528554019,5.7760031457580806e-05,11762
27,20,0.0,0.0,11762,0.0035425964326962532,0.00019473674315572553,11762,0.0007171180688056655,3.772890139778029e-05,11762
27,21,0.0,0.0,11762,0.004703845639146863,0.00026102657980858984,11762,0.0012447804618476886,6.59463410975011e-05,11762
27,22,0.0,0.0,11762,0.006817062183985713,0.00037636432006578054,11762,0.0014011288443544936,7.274075514953936e-05,11762
27,23,0.0,0.0,11762,0.007591720088816439,0.0004177111698883305,11762,0.0012661444485547668,6.55294958601316e-05,11762
27,24,0.0,0.0,11762,0.009664214426395137,0.0005366910808345885,11762,0.0012093207825351945,6.340951198965408e-05,11762
27,25,0.0,0.0,11762,0.0020192097753696523,0.00011234240640729798,11762,0.0025274541247247706,0.00013578908234521616,11762
27,26,0.0,0.0,11762,0.003137912354294502,0.00017402496686641131,11762,0.0034800772746479435,0.00018692648686173175,11762
27,27,0.0,0.0,11762,0.0033862896655754236,0.00018765955151695208,11762,0.001309266554608954,7.004554479733543e-05,11762
