layer,head,taylor_v2v_abs_mean,taylor_v2v_abs_mean_pq,taylor_v2v_count,taylor_t2v_abs_mean,taylor_t2v_abs_mean_pq,taylor_t2v_count,taylor_t2t_abs_mean,taylor_t2t_abs_mean_pq,taylor_t2t_count
0,0,0.0010776013573731832,1.4781911640529006e-06,1280,0.005963076470739684,0.00018482898902611667,1280,0.00909492278056705,0.00027751575958905,1280
0,1,0.00152609884334725,2.093414049968704e-06,1280,0.0059461983961170495,0.00018821936831328883,1280,0.016277347728153754,0.0005086422479719,1280
0,2,0.0013774419862831002,1.8894951782188855e-06,1280,0.004871193936111184,0.00015195477733004087,1280,0.01875019544741002,0.0005749303053461666,1280
0,3,0.0028080034152632,3.851856539551734e-06,1280,0.0097560851590306,0.0003082834267697666,1280,0.06747278752042495,0.0020617560304130498,1280
0,4,0.0011971387926763167,1.6421656977239653e-06,1280,0.00788880899368865,0.000249207971322031,1280,0.007166468930392918,0.0002227459880068602,1280
0,5,0.0013072763676641166,1.7932460492450033e-06,1280,0.005915361336652283,0.00018855010560921346,1280,0.01941748039693412,0.000605182335211,1280
0,6,0.0027647210822531166,3.7924843396810667e-06,1280,0.00414219550236315,0.00013150346562954286,1280,0.06434568908889556,0.001974406479975517,1280
0,7,0.0020450212850561668,2.8052418161796044e-06,1280,0.0022303207346917667,6.92230553231606e-05,1280,0.05380307453795765,0.0016618556136555,1280
0,8,0.00124419830638085,1.7067192111354986e-06,1280,0.0027719047175953832,8.645791452679097e-05,1280,0.03534276155513296,0.00112181892233765,1280
0,9,0.0010460662630814334,1.4349331458962471e-06,1280,0.002305447524813983,7.153823881781346e-05,1280,0.005753786904373649,0.00017765223347242673,1280
0,10,0.0026740266610355665,3.6680749783103823e-06,1280,0.003410465079781433,0.00010608331415208002,1280,0.09229102905525598,0.002874030400177983,1280
0,11,0.0011634194904388,1.5959115114753085e-06,1280,0.0020726330535011995,6.453856395425394e-05,1280,0.0124874252281491,0.00037708555797843335,1280
0,12,0.0011941989766294,1.6381330242933902e-06,1280,0.0023917138201833333,7.419302883462546e-05,1280,0.014990637555380618,0.0004660542793963833,1280
0,13,0.0011724921995661835,1.6083569276635161e-06,1280,0.0028208674379991,8.80301349524756e-05,1280,0.0222886514932459,0.00069546549566105,1280
0,14,0.005468263543567268,7.501047388204218e-06,1280,0.025507842480123985,0.0007813349891311167,1280,0.01455773473990495,0.00044408082906305005,1280
0,15,0.007720548645049,1.0590601714621553e-05,1280,0.008955243299403831,0.0002753048594677833,1280,0.05672567017048391,0.0017531331014066169,1280
0,16,0.007656576292040001,1.0502848126410733e-05,1280,0.015459099097048033,0.0004784760305523667,1280,0.030738480338717,0.0009333914075410331,1280
0,17,0.006394629513797133,8.77178260768006e-06,1280,0.017567718549893602,0.00054085960871005,1280,0.03549777081927152,0.0010965571604783333,1280
0,18,0.007200032376914534,9.87658761048294e-06,1280,0.020747847066900197,0.0006405598592050334,1280,0.0257790194415671,0.0007825047870572167,1280
0,19,0.008287149440784883,1.1367831904165827e-05,1280,0.030037328631578885,0.0009265729352888333,1280,0.015925235551776468,0.00048379333422868335,1280
0,20,0.006063232899094784,8.317191907610336e-06,1280,0.013885705876153467,0.00042858209687923337,1280,0.04457111433714539,0.0013962926063815332,1280
0,21,0.00393248902668115,5.394360798567004e-06,1280,0.004708954450450133,0.00014632453622441635,1280,0.034835638174323905,0.0010874431825613335,1280
0,22,0.003390002573998583,4.6502092925383015e-06,1280,0.015309432141975733,0.0004752706620224166,1280,0.005349256346031884,0.0001672643810497826,1280
0,23,0.005517933548266733,7.5691818310815355e-06,1280,0.009311134216128834,0.0002897760414016166,1280,0.027305397601367017,0.0008512449136468168,1280
0,24,0.009404461891259966,1.2900496433753487e-05,1280,0.0118822032554296,0.00037039021725843337,1280,0.025580729038324517,0.0007881916655379166,1280
0,25,0.004430337053937183,6.0772799223305614e-06,1280,0.0154338464696858,0.0004908751851709333,1280,0.03759215082561688,0.0011902454854148333,1280
0,26,0.008939583176195682,1.2262802700294695e-05,1280,0.011799443849289,0.00036980099659793335,1280,0.03744662979257398,0.00115654037538195,1280
0,27,0.004283057275041317,5.875250029166157e-06,1280,0.019630673921398015,0.0006245631935859167,1280,0.036051314564701835,0.0011416764941370333,1280
1,0,0.0026073598479285664,3.576625310529845e-06,1280,0.0032994919801675165,0.00010121354403472471,1280,0.014083251607360084,0.00043867540564263333,1280
1,1,0.0035293568493177836,4.84136742470644e-06,1280,0.00890662744093615,0.0002760176313196167,1280,0.008429030253068915,0.0002632639054423333,1280
1,2,0.0029342252549989668,4.025000343039348e-06,1280,0.01831152985909053,0.0005839996571932333,1280,0.013147396729569482,0.00041372881984414996,1280
1,3,0.0022927553112784002,3.1450690153629842e-06,1280,0.004463674644483667,0.0001388594132647539,1280,0.019328992823299484,0.0005983122512005167,1280
1,4,0.0030644997658365336,4.203703382076348e-06,1280,0.005362396481132184,0.00016443762309960002,1280,0.0172649954676747,0.0005376504621460833,1280
1,5,0.0026226815785244995,3.5976427682776987e-06,1280,0.0061959426975969345,0.0001912472711996,1280,0.02233640620374895,0.0007006828892012667,1280
1,6,0.0017676318403705667,2.424735035780797e-06,1280,0.015329212024274315,0.0004866425049040333,1280,0.005751204593470467,0.0001780580302707667,1280
1,7,0.0013936109395112832,1.911674810810947e-06,1280,0.0055734958153549835,0.0001742525791795473,1280,0.008045888853767216,0.00024523715906846666,1280
1,8,0.007357378929706667,1.0092426503507165e-05,1280,0.00777918567697115,0.00024383663577555003,1280,0.023574175363705718,0.0007327041511398834,1280
1,9,0.0031652076703067495,4.341848648311067e-06,1280,0.003451305580350983,0.00010642681736491336,1280,0.004214537860718717,0.00013046453551814662,1280
1,10,0.0015805905985880834,2.168162685846946e-06,1280,0.0007455562745590167,2.3166913647574654e-05,1280,0.0324457701064678,0.0010080611008952166,1280
1,11,0.0011647478573545333,1.5977336874561585e-06,1280,0.0015938887651145166,4.983779598097954e-05,1280,0.015975277808744616,0.00048600380312245004,1280
1,12,0.0016410037340174332,2.2510339294684544e-06,1280,0.00096168061067675,2.993615811495871e-05,1280,0.012232614282652285,0.0003783242452727333,1280
1,13,0.00071923175819435,9.86600491000496e-07,1280,0.01722268091733285,0.0005299523920870167,1280,0.008555546959369,0.0002637764509401,1280
1,14,0.00105900947093095,1.4526878875123093e-06,1280,0.0019305877017548334,6.016883110535517e-05,1280,0.010824559147598167,0.0003315697017519,1280
1,15,0.0013956181340782669,1.914428169393599e-06,1280,0.0015762765018412332,4.922701099639252e-05,1280,0.019663058139788785,0.00059973010137775,1280
1,16,0.0007707761867644667,1.0573061535941756e-06,1280,0.002255759501736017,7.031950009840782e-05,1280,0.005442725502812516,0.00016936006950694514,1280
1,17,0.0012923250000558665,1.7727366244603589e-06,1280,0.0010227637818142165,3.190566894709408e-05,1280,0.008994312883411668,0.00027656606564989997,1280
1,18,0.0011960976268833167,1.6407374829248986e-06,1280,0.0024053005033029167,7.52056113983822e-05,1280,0.0075632929670821835,0.00023782895282796533,1280
1,19,0.0009594910487796,1.3161742805433876e-06,1280,0.0015501223285146167,4.8031916014622256e-05,1280,0.011238915110197867,0.000347152094214,1280
1,20,0.0007968003115099667,1.0930045438136467e-06,1280,0.0015504308331189996,4.924312035592867e-05,1280,0.0067362754238047,0.00020904822862685,1280
1,21,0.0006762870266024834,9.276913944468619e-07,1280,0.0012647227464317834,3.925819116955739e-05,1280,0.010287839077932367,0.00031801521690021664,1280
1,22,0.0010701198925838666,1.4679285218672546e-06,1280,0.004282626729055467,0.00013407834121339067,1280,0.009170252537216967,0.0002886801859970834,1280
1,23,0.00130132917809545,1.7850880358657312e-06,1280,0.00170967418359655,5.3224093753220327e-05,1280,0.01593479945885665,0.0005023795999742833,1280
1,24,0.0012251782905631002,1.6806286551150137e-06,1280,0.002246110702316133,7.026287877406304e-05,1280,0.006408334719784101,0.00019654207321095733,1280
1,25,0.00136782412895775,1.8763019631762995e-06,1280,0.0026110953481008497,8.126888072314266e-05,1280,0.008217250304160867,0.00025888090927588334,1280
1,26,0.0027609764692778497,3.787347693051321e-06,1280,0.00547634237172655,0.00016958997588780033,1280,0.006289361712504118,0.0001938058461477,1280
1,27,0.0009290106789686666,1.2743630742755435e-06,1280,0.0024370443130976166,7.59334543562038e-05,1280,0.007944405401474315,0.00024805423142385,1280
2,0,0.0034327042955149666,4.708785041004358e-06,1280,0.003127495257591733,9.876072017249369e-05,1280,0.022986106340454115,0.00071543611382605,1280
2,1,0.0011372154768049,1.5599663588051229e-06,1280,0.0031240412904006494,9.7434580459018e-05,1280,0.009946419339674566,0.00030932865002303333,1280
2,2,0.0014982085720447,2.0551557877732814e-06,1280,0.0015475611502110667,4.8358662712448076e-05,1280,0.011898265105135817,0.00036859887689623334,1280
2,3,0.0029362757273171335,4.027813075317341e-06,1280,0.0008848005986028833,2.745304364704162e-05,1280,0.009097957299881382,0.0002731960571753,1280
2,4,0.0023492453450207167,3.222558772846343e-06,1280,0.00307922208887605,9.53672380508478e-05,1280,0.011319637372480366,0.00035868167493539996,1280
2,5,0.0017307944809535167,2.374203675185813e-06,1280,0.0015768955901477833,4.8994001196178694e-05,1280,0.008819998400629884,0.0002692186048444167,1280
2,6,0.0025995859983254,3.565961586536314e-06,1280,0.0022086401090319666,6.98950028076161e-05,1280,0.033691376375486436,0.0010579919143997333,1280
2,7,0.0014746688773546164,2.022865404370088e-06,1280,0.00246649706648815,7.709730054868374e-05,1280,0.014090737338127166,0.00043162582434136675,1280
2,8,0.001076999946836983,1.4773661810936391e-06,1280,0.0033159565751645498,0.00010331591263726723,1280,0.008078438287213833,0.00024864581954596666,1280
2,9,0.0022110121603304165,3.032938497126112e-06,1280,0.0038169695752495836,0.00012002118899533576,1280,0.015053807406805633,0.00046318479082481666,1280
2,10,0.0018940389002655503,2.598132923434046e-06,1280,0.004092648905109734,0.00012883883880277237,1280,0.010305529082832684,0.0003153385651566667,1280
2,11,0.0011200388202183334,1.5364044160670841e-06,1280,0.002883980795208583,8.988662180985518e-05,1280,0.012838673352272617,0.00039970976893871673,1280
2,12,0.0009649055638665501,1.3236015968638108e-06,1280,0.0020912708562121503,6.55168080422911e-05,1280,0.014198501425539634,0.00044279065115909993,1280
2,13,0.00129399842567555,1.7750321319732728e-06,1280,0.0020645743416499002,6.466062974381605e-05,1280,0.019475560658141416,0.0006087864406701334,1280
2,14,0.0021151611309827333,2.901455595124882e-06,1280,0.005228754962596783,0.0001649448594057976,1280,0.006758021120864034,0.00020909279882121666,1280
2,15,0.0017394790810906335,2.386116704847519e-06,1280,0.007211508534377684,0.00022625328634093332,1280,0.008803295970721985,0.0002704591549631833,1280
2,16,0.0018032453282993334,2.4735875529275503e-06,1280,0.0038022183499700503,0.00012062311746693147,1280,0.012363267579606383,0.0003877524256766167,1280
2,17,0.0028806518144316334,3.951511403653667e-06,1280,0.00515721879092245,0.0001623617095880427,1280,0.006000305355276667,0.00018613707336341133,1280
2,18,0.0025960883741238837,3.5611637619765155e-06,1280,0.006556169362549216,0.00020270995985965,1280,0.0070413255998952005,0.00021716220386793332,1280
2,19,0.004140122112758534,5.679179850313215e-06,1280,0.0053668909729082835,0.00017001892537293266,1280,0.00617354598779225,0.00019358439232186904,1280
2,20,0.005079864735804966,6.96826438378222e-06,1280,0.013626646127363501,0.0004210904469672333,1280,0.005524243437131766,0.00016921478928301665,1280
2,21,0.0014531288043049667,1.9933179787127433e-06,1280,0.0025737894247488667,8.02108967692082e-05,1280,0.007961118577535784,0.0002479294490889667,1280
2,22,0.0014078313542711,1.9311815559543088e-06,1280,0.00342269755983195,0.00010705202672039531,1280,0.007391993361475533,0.00022931483852648335,1280
2,23,0.0012817301592775332,1.7582032333051817e-06,1280,0.00239921038439655,7.461737750145813e-05,1280,0.012598056909231015,0.0003929782092314167,1280
2,24,0.0013894458294505835,1.905961358682185e-06,1280,0.003399740129898,0.00010642633191658046,1280,0.005411558343060517,0.0001683482276291363,1280
2,25,0.0011787937840494502,1.617001074638551e-06,1280,0.0026018108119198,8.132969297498583e-05,1280,0.01577393995391195,0.0004923281723798667,1280
2,26,0.0020213574402229,2.77278112484123e-06,1280,0.003164066478537533,9.799965388783325e-05,1280,0.009396833881889166,0.00029525401171796666,1280
2,27,0.0016915703429133833,2.3203982767240196e-06,1280,0.0033464183430850663,0.00010495605245341859,1280,0.013562608423891669,0.0004247553999559,1280
3,0,0.003716565456945334,5.098169353327624e-06,1280,0.002638899080788283,8.166278431150498e-05,1280,0.006138127704919733,0.0001922654165890875,1280
3,1,0.003402482871801217,4.667329042648896e-06,1280,0.0011941436874422335,3.7115509657893037e-05,1280,0.02850521865593687,0.0008834969520161999,1280
3,2,0.0017100835091525164,2.3457935664171017e-06,1280,0.0011502387478401167,3.595416407313016e-05,1280,0.01888212934841245,0.0005863942979192834,1280
3,3,0.0013606447344045,1.8664536817966648e-06,1280,0.0014180371137134168,4.453695681733381e-05,1280,0.02560990188256555,0.0007963273093498334,1280
3,4,0.0024674790579884,3.3847449291751416e-06,1280,0.002137647024179933,6.636952673401882e-05,1280,0.014666835102768,0.0004506660213919,1280
3,5,0.00262704835949985,3.603632869393925e-06,1280,0.0013259008707867,4.133392085669633e-05,1280,0.01396365468099245,0.0004302701871567167,1280
3,6,0.0017835123433087169,2.4465189906426946e-06,1280,0.0015381078754567,4.803040725480032e-05,1280,0.018127723700293485,0.0005547388472535499,1280
3,7,0.004284370807610517,5.877051853396774e-06,1280,0.0047106551083307,0.00014496473664110868,1280,0.020969413476450385,0.0006633895815615333,1280
3,8,0.0021343229706758,2.9277406983503184e-06,1280,0.007133464959110783,0.00022089064420488337,1280,0.0039319195574781,0.00012084429597574342,1280
3,9,0.0026296851399554666,3.6072498467557145e-06,1280,0.0034011352828144663,0.0001054074817482997,1280,0.008749102806329232,0.00027077284587185,1280
3,10,0.0035128268614054003,4.818692539413875e-06,1280,0.00255630283578505,7.91542130648477e-05,1280,0.014860216543828103,0.00046397702929615005,1280
3,11,0.0035505823946000836,4.870483393976169e-06,1280,0.004183156034874417,0.0001295079127551732,1280,0.018699716170222733,0.0005889159443633834,1280
3,12,0.00425625480698475,5.838483962283351e-06,1280,0.006577486776734483,0.00020523848881065,1280,0.0073070399570837824,0.00022641962593413336,1280
3,13,0.0042373985715376495,5.8126180668855816e-06,1280,0.005384788612313167,0.0001663313149886527,1280,0.019101075339487215,0.0005962978718190333,1280
3,14,0.0030364903261622497,4.165281654535905e-06,1280,0.010180743063263716,0.00031681520690455,1280,0.02143667890913997,0.0006851249678265667,1280
3,15,0.002182151862655183,2.9933496055482497e-06,1280,0.004193386062496483,0.000131710787963456,1280,0.02537866152905123,0.0007997330319439001,1280
3,16,0.0012451955037514333,1.7080871111581353e-06,1280,0.00274701940724255,8.559103394929356e-05,1280,0.00381418450403235,0.00011736281967414534,1280
3,17,0.0014509864949397832,1.9903792790299307e-06,1280,0.0022050837470525,6.86248510299448e-05,1280,0.020777971673699783,0.0006427813212454833,1280
3,18,0.0022744568661181163,3.1199682662575324e-06,1280,0.005303007539547801,0.000166690538505975,1280,0.009757395635688183,0.00030346355605575,1280
3,19,0.004417441797376817,6.059590952864e-06,1280,0.008733331635918684,0.0002769535856404095,1280,0.014387099705231733,0.00045108953767545,1280
3,20,0.0035972520313691165,4.934502107642053e-06,1280,0.002975341010160983,9.286342719550026e-05,1280,0.01989054244844125,0.0006259165755861334,1280
3,21,0.0013672649035545836,1.875534846562434e-06,1280,0.003922113869653733,0.00012123252119103195,1280,0.025792829783767915,0.00081275934514355,1280
3,22,0.0016284170168887168,2.23376819844575e-06,1280,0.00231030100739335,7.175679385936402e-05,1280,0.014068262536511568,0.0004433262442161499,1280
3,23,0.0012013434381969335,1.647933383938302e-06,1280,0.002461310557814933,7.735669316011992e-05,1280,0.0126346156197693,0.00039278642447769995,1280
3,24,0.0030662096700665997,4.206048921604558e-06,1280,0.0019099627563813001,6.001796764584287e-05,1280,0.017444739193914902,0.0005464992460507668,1280
3,25,0.0019467598446898666,2.6704524642016443e-06,1280,0.0020249243549793666,6.318900381129558e-05,1280,0.008052577668441484,0.0002472120496417167,1280
3,26,0.002092043213574767,2.8697437779726226e-06,1280,0.0015574341253549,4.8735981370791326e-05,1280,0.014961807433792216,0.00045690804969488326,1280
3,27,0.0016760024420083835,2.2990431318075373e-06,1280,0.0029647480166374337,9.19577937182441e-05,1280,0.013458217150665966,0.0004122944684259,1280
4,0,0.0025719203722663164,3.5280114833444783e-06,1280,0.010517084196483917,0.0003287077661502,1280,0.0020180372974891165,6.181538148308796e-05,1280
4,1,0.003364398087948417,4.615086536044015e-06,1280,0.014506477587095367,0.00045423334883623335,1280,0.005551082457391933,0.00016907042690868332,1280
4,2,0.001608186235626333,2.2060167827184112e-06,1280,0.0023925868607079332,7.475319500002374e-05,1280,0.024480022839876835,0.0007561821305590833,1280
4,3,0.0009851840106804334,1.3514183969188939e-06,1280,0.00157672916283025,4.8956077313265047e-05,1280,0.0040505093915991,0.00012548210842782241,1280
4,4,0.0033070659295522165,4.536441607785721e-06,1280,0.010594503595048784,0.0003307480721843167,1280,0.008432668129103099,0.00026429265807461673,1280
4,5,0.005398999832768433,7.4060354573870476e-06,1280,0.005702468974770084,0.00017822151988691078,1280,0.006649046509854317,0.00020624109462015003,1280
4,6,0.0018781490397543163,2.5763361346147276e-06,1280,0.0247455927698562,0.0007673647601521334,1280,0.008919548608218917,0.00027593064323334996,1280
4,7,7.96917397298073e-05,1.0931651539561758e-07,1280,0.0001852608244435667,5.7011322339188654e-06,1280,5.7283925503378207e-05,1.7226652896538154e-06,1280
4,8,0.004204622675783701,5.767657993189142e-06,1280,0.0018950395207290834,5.844239939611917e-05,1280,0.0004900464078592333,1.4856316538094938e-05,1280
4,9,0.009020637605772151,1.2373988482250464e-05,1280,0.008889210858626416,0.0002758517838405,1280,0.00127094806005105,3.9293125854942636e-05,1280
4,10,0.0003821986581685,5.242779962274664e-07,1280,0.00021688293290213334,6.698625705033508e-06,1280,0.0003858826235222833,1.1918027373784603e-05,1280
4,11,0.010594882980001268,1.4533447161532001e-05,1280,0.004659179309721584,0.0001444165664714359,1280,0.008708309870243566,0.0002764611326785,1280
4,12,0.004500876009065717,6.1740411564743455e-06,1280,0.00013829912184969495,4.320671411178467e-06,1280,0.004060386876072117,0.00012571488079295338,1280
4,13,0.00013064970562122816,1.7921770323120131e-07,1280,0.00011246205058675533,3.44601618812012e-06,1280,0.00013125726604895,4.037836450977341e-06,1280
4,14,0.0016493997360574166,2.262551079689097e-06,1280,0.0016564188769762668,5.188332761917293e-05,1280,0.02986797894406355,0.0009346160117799,1280
4,15,0.0013661389996381,1.8739903973261085e-06,1280,0.0023611894063435166,7.436567334490125e-05,1280,0.04041417349170233,0.0012849353534474667,1280
4,16,0.0012311320111848,1.6887956265765184e-06,1280,0.013323736508937067,0.00040943140705184994,1280,0.009241338717894551,0.00028696225219956666,1280
4,17,0.0049522298503461,6.793182250227805e-06,1280,0.005084288977930816,0.0001583625643145187,1280,0.011094330601622434,0.0003452472866728167,1280
4,18,0.0018707525738576667,2.566190089576889e-06,1280,0.0031019419113912337,9.643361897600587e-05,1280,0.010992243586883851,0.00033681210895746667,1280
4,19,0.0006630626857623167,9.095510099209744e-07,1280,0.0066608232422898,0.00020668713690375002,1280,0.03246118436012083,0.00103584831105,1280
4,20,0.0011490746556621833,1.5762340924784066e-06,1280,0.006411980015097116,0.00019894157441508335,1280,0.00824450006204335,0.00025509271630951664,1280
4,21,0.003757650496974383,5.154527434038843e-06,1280,0.0035778762835718164,0.0001123507053303777,1280,0.017999498294784585,0.0005553609042304,1280
4,22,0.0011036500674918832,1.5139232774999602e-06,1280,0.0009988346058046333,3.090078088646697e-05,1280,0.0139216617314256,0.0004336716620450666,1280
4,23,0.0016496702744840167,2.2629221862870952e-06,1280,0.0014607315559255,4.547811487191448e-05,1280,0.009668857687908367,0.0002950170722765,1280
4,24,0.0005748841905320166,7.885928543235511e-07,1280,0.0014300306103601833,4.495875999068847e-05,1280,0.007033173400022417,0.00021808981289280003,1280
4,25,0.00040025845572811666,5.490513800485876e-07,1280,0.0011937488720453,3.7057455521436605e-05,1280,0.013354093416902866,0.00041311483190896664,1280
4,26,0.0009781836649314167,1.341815726274044e-06,1280,0.005062085317272583,0.00015989947621456197,1280,0.0020585970103846668,6.103932237009127e-05,1280
4,27,0.0002125751645299,2.9159830516632565e-07,1280,0.00033126193024906665,1.025952275296897e-05,1280,0.027531844189487217,0.0008552625985914166,1280
5,0,0.010104836120016567,1.3861229247007223e-05,1280,0.006757509287316034,0.0002067785493775,1280,0.005197564092782083,0.0001628368494137794,1280
5,1,0.0074077532610393,1.0161527100964579e-05,1280,0.00159359463754065,4.973835614762121e-05,1280,0.011934042207220283,0.00037029555063935,1280
5,2,0.0023013049586874334,3.156796918138069e-06,1280,0.00197502110153395,6.165968963795995e-05,1280,0.024217613150237068,0.0007550962518784333,1280
5,3,0.0043751468439741335,6.001573178334348e-06,1280,0.0011855335309599333,3.6617164924000745e-05,1280,0.026137261885272253,0.0008210223442593834,1280
5,4,0.005552330717326433,7.616365853805225e-06,1280,0.004114424467189751,0.00012877182025293024,1280,0.015148287885115935,0.00047397765677513335,1280
5,5,0.006462580894151383,8.864994343017856e-06,1280,0.02841889896994108,0.0008862535869738168,1280,0.0021143723577475835,6.554101584230199e-05,1280
5,6,0.006970309714991618,9.561467343722983e-06,1280,0.03422705259977947,0.0010683147694014667,1280,0.0025047723227989167,7.742000125709392e-05,1280
5,7,0.0018485976741970667,2.5357992801805767e-06,1280,0.0038684295650833664,0.00011990983641126942,1280,0.0119848537509407,0.00037159809415588334,1280
5,8,0.0023235168572312503,3.1872659244308946e-06,1280,0.008685252015197816,0.0002694416384874333,1280,0.018620927742062983,0.0005898513812143167,1280
5,9,0.0026837331122729832,3.681389732950365e-06,1280,0.0059280097483641,0.0001848187835311355,1280,0.009184474207586333,0.00028039609883905,1280
5,10,0.0004892035008172667,6.710610445380709e-07,1280,0.0033649187805621667,0.00010481289301391061,1280,0.010087554249688867,0.0003205013764833833,1280
5,11,0.0011859229873323,1.6267805002540686e-06,1280,0.005583989596251083,0.00017312576180006668,1280,0.004489926736340483,0.0001376941132569969,1280
5,12,0.0018736340172201167,2.5701426867938645e-06,1280,0.004286395542408133,0.00013325437646693341,1280,0.010442444912806985,0.00032535220227585,1280
5,13,0.005521871164916051,7.5745832120337085e-06,1280,0.010063923231333117,0.00031550479114128327,1280,0.008999506077998317,0.00027739245531891663,1280
5,14,0.00031464630332553333,4.3161358552970774e-07,1280,0.002691284933102117,8.499951814885374e-05,1280,0.008029480232001618,0.0002474936891150667,1280
5,15,0.0002398280212858,3.2898219654856813e-07,1280,0.0018138274043242666,5.601860803416033e-05,1280,0.00112323350891325,3.470305024166435e-05,1280
5,16,0.0007850095457939167,1.0768306518919163e-06,1280,0.00135049548079985,4.2134790703168834e-05,1280,0.0078287575856658,0.00024363309864145,1280
5,17,0.0017890800657600833,2.454156468133991e-06,1280,0.003162343544119,9.865617491779234e-05,1280,0.0022982968713259667,7.184435037653925e-05,1280
5,18,0.0006092506208024666,8.35734732536911e-07,1280,0.0024571816499682165,7.619646515988754e-05,1280,0.0011117977216296166,3.3073586626698966e-05,1280
5,19,0.0012548792420403168,1.7213707013156651e-06,1280,0.0022228609429645833,6.996240495007593e-05,1280,0.00624749284031615,0.00019420429297875,1280
5,20,0.0006595127739145833,9.046814455892451e-07,1280,0.00322869595233515,9.983808144392868e-05,1280,0.0009287945892494999,2.864898256334988e-05,1280
5,21,0.0034060302008356003,4.672195067845682e-06,1280,0.004074816621378301,0.00012599652280421086,1280,0.0018420885088753336,5.702069969709215e-05,1280
5,22,0.0031197195220423663,4.279450648756999e-06,1280,0.007017563010814818,0.0002210767405641,1280,0.015080188542128734,0.00046694051515395,1280
5,23,0.0027275286600172005,3.7414659332056046e-06,1280,0.0013242302213947999,4.152988895030074e-05,1280,0.03876994787234852,0.0012251726091247002,1280
5,24,0.0025149633473328,3.4498811355028005e-06,1280,0.006361811675011067,0.00019674105910558087,1280,0.013799824600482636,0.0004300856200072834,1280
5,25,0.004817278511258817,6.608063805305618e-06,1280,0.0022873456607327832,7.204033487746478e-05,1280,0.008380218793301183,0.00025559935915956663,1280
5,26,0.003477777945017567,4.770614464743271e-06,1280,0.0022852837919723336,7.116980589661288e-05,1280,0.007523800067663867,0.00023449931618549997,1280
5,27,0.0014495809959668832,1.9884513005165652e-06,1280,0.001053447955248,3.2849486233591886e-05,1280,0.04246615257610143,0.00131475375569055,1280
6,0,0.0028526738221377503,3.913132814901864e-06,1280,0.003203192454212867,9.896417464163953e-05,1280,0.009235900741562783,0.00028014353379649995,1280
6,1,0.003718950395115867,5.101440866720856e-06,1280,0.00151895295049555,4.636818884936241e-05,1280,0.018521271240842865,0.0005775203016759001,1280
6,2,0.0019163572561448003,2.628747954768034e-06,1280,0.004076599944255551,0.00012652918665946675,1280,0.0127334836165952,0.0003881877216513167,1280
6,3,0.008321430369278416,1.141485650270393e-05,1280,0.00113333190513265,3.526289057270126e-05,1280,0.014568626768209433,0.00044521411797474996,1280
6,4,0.0012724658491549167,1.7454949905422342e-06,1280,0.0003929629849228833,1.2260976505314158e-05,1280,0.017236918296741,0.0005388837309945,1280
6,5,0.0005466765181350333,7.498992022948476e-07,1280,0.0006774882607380666,2.1331587963091222e-05,1280,0.013762871011598047,0.00042781849215353337,1280
6,6,0.009811638189982283,1.3459037281389011e-05,1280,0.00623750046966615,0.00019174721647866665,1280,0.015614631646258134,0.00048216828238276674,1280
6,7,0.004856266448513166,6.6615451977981854e-06,1280,0.006733720028857168,0.00021022426514631664,1280,0.03395160802430527,0.0010577112726459167,1280
6,8,0.004894053372510083,6.713379114554191e-06,1280,0.00345194739703435,0.00010776275494129112,1280,0.024477606698762085,0.00077119590898645,1280
6,9,0.004874914483574767,6.687125494195488e-06,1280,0.026967907552868018,0.0008427996946914668,1280,0.008341850609402434,0.0002606726804854,1280
6,10,0.010990817787311785,1.5076567588143304e-05,1280,0.009883866126936367,0.00031219240691935003,1280,0.0185229684677968,0.00058529851886915,1280
6,11,0.003913873693212083,5.368825364639868e-06,1280,0.013864331140553033,0.00043770935968645,1280,0.00460797315497525,0.00014291026611905528,1280
6,12,0.0017473888680540834,2.396966899790914e-06,1280,0.0045980189985641165,0.00014235846078017065,1280,0.0064852291914121,0.00020347223700671854,1280
6,13,0.004895093951688484,6.714806522246453e-06,1280,0.01693141842974905,0.0005280156869149833,1280,0.005273737180289051,0.0001656755789552042,1280
6,14,0.005410137502716766,7.421313438920945e-06,1280,0.0022666213083936833,7.077433129691805e-05,1280,0.012563837536617883,0.0003894249971342834,1280
6,15,0.004387038358705266,6.01788526300629e-06,1280,0.0023645231468425836,7.370030897056272e-05,1280,0.02783656698549442,0.0008590152027578667,1280
6,16,0.0017420637951653668,2.389662276561927e-06,1280,0.0010308105309964166,3.217688673563118e-05,1280,0.024231504287134432,0.0007668408003080334,1280
6,17,0.0031570315202884163,4.3306330848101055e-06,1280,0.004126505894589584,0.00012802581476599679,1280,0.009922376383561417,0.0003074487727196667,1280
6,18,0.00341489517181985,4.684355509384904e-06,1280,0.005517884291937916,0.0001728202943932105,1280,0.00351385446179125,0.00010914427852595722,1280
6,19,0.0027381904361712833,3.756091130810305e-06,1280,0.003649856989075733,0.00011547599635988689,1280,0.011297228469629716,0.00035551884635578334,1280
6,20,0.0038466305486034497,5.276585124261962e-06,1280,0.0018706858989597835,5.766275632138832e-05,1280,0.007510657101382351,0.00023199081504603333,1280
6,21,0.00112836722955,1.5478288474921227e-06,1280,0.00024962769060361665,7.81148831809538e-06,1280,0.05579832070361585,0.0017860096712845833,1280
6,22,0.0007489704455470332,1.027394301874876e-06,1280,0.0015231085974675665,4.729932430805097e-05,1280,0.021924437649545284,0.00069715611867975,1280
6,23,0.0039683445194213665,5.443545295205632e-06,1280,0.0019172136969936831,6.010712465909229e-05,1280,0.014117634272376217,0.00044517392830275003,1280
6,24,0.0020552511524461166,2.8192745476973355e-06,1280,0.0026213524968028003,8.200757323440553e-05,1280,0.009114971221758084,0.00028066465367283333,1280
6,25,0.0010859365752698168,1.489624930592724e-06,1280,0.0006497546709974834,2.046532374936026e-05,1280,0.010025484439760583,0.0003097394500730333,1280
6,26,0.00098098810035665,1.3456626907107187e-06,1280,0.0007569449807090168,2.3857751377449367e-05,1280,0.009628298167854115,0.00029646875034894995,1280
6,27,0.00121853923952145,1.671521590036028e-06,1280,0.0002859980471878333,8.89485488508752e-06,1280,0.014342299897331599,0.00044480229560725,1280
7,0,0.0024034332146432333,3.2968905575769003e-06,1280,0.0033919042391042666,0.00010602690183283399,1280,0.013086320024058268,0.00040308572234245004,1280
7,1,0.0049474269317783676,6.786593867828122e-06,1280,0.0028745447095867,9.025528425769405e-05,1280,0.033143909730294234,0.0010555087021284833,1280
7,2,0.010914677659854951,1.4972122962368257e-05,1280,0.004256696773865017,0.00013143131788478975,1280,0.022494402559307916,0.0006999512501195335,1280
7,3,0.014151559029717901,1.9412289468549726e-05,1280,0.004125643050590067,0.00012847999612812107,1280,0.024737984419137566,0.0007751348917523,1280
7,4,0.003833302728992233,5.258302785759311e-06,1280,0.0010438500232604333,3.2563574840297893e-05,1280,0.015913096400026864,0.0004938734484530834,1280
7,5,0.0025117562506313837,3.445481824912213e-06,1280,0.0037044716603607166,0.00011546999004897628,1280,0.019358178377236315,0.0006030004735540999,1280
7,6,0.002504763881224383,3.4358900898632705e-06,1280,0.0023197083060892336,7.135876750842897e-05,1280,0.014979654150162433,0.00047984809970255,1280
7,7,0.012658348920846585,1.736399029687704e-05,1280,0.0020937684217253497,6.486185917697895e-05,1280,0.03060765444320163,0.0009704304926753,1280
7,8,0.003553454739251983,4.87442350845203e-06,1280,0.006545034186312117,0.00020829355442904726,1280,0.012559581136467032,0.0003818866747933667,1280
7,9,0.004261215638441183,5.845288941814322e-06,1280,0.0021454289426543166,6.637686449640264e-05,1280,0.04385949616706356,0.0013901071965319832,1280
7,10,0.005426823493507933,7.444202324920965e-06,1280,0.0315223605246804,0.0009787583935291168,1280,0.0030054198026239504,9.305412149747143e-05,1280
7,11,0.0021318859436310167,2.9243977275136804e-06,1280,0.0018021272305450999,5.612964495217467e-05,1280,0.025166137153367598,0.0007868989765490833,1280
7,12,0.004370518213060301,5.995223876053252e-06,1280,0.0014808902528262835,4.594294686265562e-05,1280,0.035337361041456426,0.0011027450642873333,1280
7,13,0.0045441292923745005,6.233373519074052e-06,1280,0.0016148625022082835,4.9909333801905854e-05,1280,0.03982821417059761,0.00125480100358815,1280
7,14,0.00206471584284405,2.8322576700639632e-06,1280,0.010231207122501399,0.00032530409039161666,1280,0.01749992934787765,0.0005426501440957667,1280
7,15,0.0052060362846191,7.141339211709508e-06,1280,0.01077482957066415,0.00033548741069216667,1280,0.0032526481300388832,0.00010067612325886332,1280
7,16,0.0016375189236962002,2.24625367115557e-06,1280,0.0046312772505529495,0.00014506591807149846,1280,0.026757498887642752,0.0008334105135207,1280
7,17,0.0008309026435284168,1.1397841502638634e-06,1280,0.005926184899597751,0.00018587484692539997,1280,0.0114636501496837,0.0003584500778575333,1280
7,18,0.0021288108422652164,2.9201794812221357e-06,1280,0.00253087227108035,7.848753321085256e-05,1280,0.025118112501331714,0.0007936964708829501,1280
7,19,0.010068087317639116,1.3810819381731253e-05,1280,0.011431103327519484,0.0003608801083139,1280,0.010944895313703717,0.00034027449150725,1280
7,20,0.007765877493331584,1.0652781183581825e-05,1280,0.0026203543081871664,8.155465890605564e-05,1280,0.04187889087112726,0.00128986474262535,1280
7,21,0.0022372309216886,3.0689038732548395e-06,1280,0.001960978768214683,6.09484212358268e-05,1280,0.008128327352930334,0.00024951923953143334,1280
7,22,0.00976412781797835,1.3393865324590483e-05,1280,0.018326029600681634,0.0005712634141386833,1280,0.009039022463070933,0.000282785342164,1280
7,23,0.004601962534091266,6.31270581631591e-06,1280,0.020195293772530883,0.0006331941468509666,1280,0.0015687391637631502,4.7803252017281084e-05,1280
7,24,0.006520304538942833,8.944176321027536e-06,1280,0.002939765461884233,9.170723749143922e-05,1280,0.005970637465679784,0.00018572519736477172,1280
7,25,0.00144219654278755,1.9783217338779566e-06,1280,0.003401734454598633,0.00010538490832996511,1280,0.004863533872850166,0.00015284135427223267,1280
7,26,0.004658738960889234,6.390588428838567e-06,1280,0.011810941957188917,0.0003666165897440833,1280,0.0030720362761465832,9.672394177696947e-05,1280
7,27,0.008260514582654284,1.1331295730852264e-05,1280,0.009882992529886267,0.00030818513524243335,1280,0.011173880295890068,0.0003478893025304667,1280
8,0,0.007570813328337967,1.0385203471622995e-05,1280,0.016863851508257182,0.0005267204712717167,1280,0.0054517377016433,0.00016964544321775935,1280
8,1,0.00628746481932765,8.624780295320445e-06,1280,0.0009291548264963334,2.935351604595529e-05,1280,0.04553886624717046,0.0014435779891385835,1280
8,2,0.009929001737191316,1.3620029835237935e-05,1280,0.019533452272829235,0.0006110766832215334,1280,0.015261966450187433,0.00048833013028865,1280
8,3,0.0075868217465805,1.0407162899194605e-05,1280,0.02282862340090705,0.0007112377522335668,1280,0.01747697313616445,0.0005513808899125166,1280
8,4,0.003939844577426233,5.404450729834329e-06,1280,0.016809142660652733,0.0005175217054777334,1280,0.0108180880026414,0.0003332598225084833,1280
8,5,0.0051576164830179835,7.0749197279713705e-06,1280,0.006736002726133416,0.00021208624152046685,1280,0.0200753547544157,0.0006284994018479667,1280
8,6,0.011292619004090383,1.549056106808228e-05,1280,0.00185155711813435,5.773645832967781e-05,1280,0.027329703414579815,0.0008483178347628,1280
8,7,0.00897004154997675,1.2304583745388273e-05,1280,0.019865323034044435,0.0006166030340380833,1280,0.05736681962677417,0.0018273517939180499,1280
8,8,0.006841139193416684,9.384278745313881e-06,1280,0.003384570682650617,0.00010594769586483512,1280,0.009542811554562465,0.00028792182299336666,1280
8,9,0.01057278224235835,1.4503130643446493e-05,1280,0.01974423372689665,0.0006136916528203499,1280,0.019360093247541916,0.0006053513890534667,1280
8,10,0.0040090976860937665,5.499448125680616e-06,1280,0.0034380937121908837,0.00010688994649574537,1280,0.011513352496725268,0.00035737929260735,1280
8,11,0.02519834129759597,3.456562593432611e-05,1280,0.005131514547211184,0.00015952506393428513,1280,0.05237047122909642,0.0016170695278221166,1280
8,12,0.006108533100151134,8.37933210069928e-06,1280,0.0072950544015004835,0.0002249956386853667,1280,0.033684634929159026,0.00105255373936045,1280
8,13,0.009992205694061283,1.3706729348283061e-05,1280,0.01793379091831558,0.0005540909501388834,1280,0.04452934034452477,0.0013830416912033166,1280
8,14,0.0006250374853291834,8.57390239406097e-07,1280,0.00019107636105704316,5.9778687524628e-06,1280,0.012235573849314533,0.00037309975466138335,1280
8,15,0.0007835847833276834,1.074876247489278e-06,1280,0.000547272179741,1.7030485683879742e-05,1280,0.014516812805519865,0.0004465216775896167,1280
8,16,0.0002704572585052167,3.709976110697647e-07,1280,0.0003062997780815667,9.565557214019147e-06,1280,0.0071896835552630505,0.00022617782226906668,1280
8,17,0.0029428359737455664,4.036812039238888e-06,1280,0.01132231364344225,0.0003533725450920833,1280,0.01511199162909325,0.0004778528890691667,1280
8,18,0.0023039394688215997,3.1604107997255707e-06,1280,0.0014562097394350498,4.538354512983086e-05,1280,0.01200252037038275,0.0003725443509463167,1280
8,19,0.00044544755299344993,6.110391668307739e-07,1280,0.0004136655097740501,1.2974952853100907e-05,1280,0.004771997354718333,0.00014856572015334725,1280
8,20,0.0020662879908049,2.8344142560197036e-06,1280,0.0026726518138530833,8.276912126757882e-05,1280,0.012808305939605183,0.0003926209646911833,1280
8,21,0.015242859459704002,2.090927226752054e-05,1280,0.006650876944149734,0.00020839745940621666,1280,0.014908467758042767,0.00046637778847045,1280
8,22,0.0081472232630517,1.1175889253998983e-05,1280,0.00888139389174585,0.00027295037268241666,1280,0.005247507882567417,0.00016152568829203332,1280
8,23,0.0005179292103889,7.104653101902566e-07,1280,0.0017843508633555666,5.5290718121466454e-05,1280,0.00070176647912485,2.1965836408405156e-05,1280
8,24,0.016600942460058783,2.277221186826386e-05,1280,0.026639061994728697,0.00081446907085645,1280,0.006190620673199451,0.00019374050337113828,1280
8,25,0.007543789821615534,1.0348134195332809e-05,1280,0.008560007389614016,0.0002673003705618333,1280,0.0124254977603186,0.0003875369162562666,1280
8,26,0.011548601050738632,1.584170238394869e-05,1280,0.021994238883015254,0.0006788687994765335,1280,0.010857789810681065,0.00034574210208985,1280
8,27,0.00499678600217135,6.854301786519967e-06,1280,0.02173393633730328,0.0006637302793895834,1280,0.00412198957152055,0.0001302541720880013,1280
9,0,0.001997799191189567,2.740465284131382e-06,1280,0.0016261777889875334,5.0333089755531336e-05,1280,0.04624759853762342,0.0014557825733835003,1280
9,1,0.004702636344461484,6.450804329673904e-06,1280,0.002220853394760483,6.92499041322332e-05,1280,0.01487515808351715,0.0004660382052681167,1280
9,2,0.004450102407038934,6.104392875325854e-06,1280,0.01647735255861935,0.0005088833232391,1280,0.018427245401653566,0.0005725315629634833,1280
9,3,0.005202750065829267,7.136831367486028e-06,1280,0.016854804815390364,0.0005265339937042334,1280,0.00584403019180015,0.0001821346563519354,1280
9,4,0.006283388851736933,8.619189091823147e-06,1280,0.019480222831778783,0.0006088368736989999,1280,0.017286575506962682,0.000533946368487,1280
9,5,0.013760220423553883,1.887547382910711e-05,1280,0.003193494115540284,9.963315170117801e-05,1280,0.04096213946028603,0.0012805579885182667,1280
9,6,0.0027550058853904,3.7791575834752547e-06,1280,0.002871052341755317,8.93276206708007e-05,1280,0.013808506215354949,0.0004295284660374333,1280
9,7,0.0034378774729285507,4.7158813042342054e-06,1280,0.006827841179737417,0.00021328969605953333,1280,0.026971346437373183,0.0008410897383003335,1280
9,8,0.0016101999147461,2.2087790311498454e-06,1280,0.004034688786826217,0.0001238891478146242,1280,0.022700896324522466,0.0007087335544999334,1280
9,9,0.0021222751331937666,2.9112141719181647e-06,1280,0.0043778342056081,0.00013760979806665935,1280,0.011941224263712968,0.00037315936350345,1280
9,10,0.0012122012383575665,1.6628274906802197e-06,1280,0.0023520833025827,7.32435000246516e-05,1280,0.004076098055823666,0.00012560792002193872,1280
9,11,0.0045028288079625,6.176719906464112e-06,1280,0.00172850239665455,5.375208258324415e-05,1280,0.027530745631793196,0.0008509921256846,1280
9,12,0.0010097363115886499,1.3850978210107102e-06,1280,0.0004600860133786501,1.4295442568828623e-05,1280,0.020057466387015634,0.0006247161767103834,1280
9,13,0.007885309081245783,1.0816610538969795e-05,1280,0.0024317580153526003,7.575738715794341e-05,1280,0.0355749357272543,0.0011013771734170832,1280
9,14,0.004058072560439917,5.566629028906182e-06,1280,0.0026978685860635497,8.499971392969748e-05,1280,0.016527614638410584,0.0005152513872779666,1280
9,15,0.0036647525932475005,5.027095479035309e-06,1280,0.020259907909500382,0.0006405117518303,1280,0.011261586390029733,0.0003510062620711667,1280
9,16,0.007684188336383999,1.0540724749413116e-05,1280,0.0023624252477484338,7.370331239651784e-05,1280,0.0859435600932556,0.002725305458742167,1280
9,17,0.002186247653900317,2.9989679772747294e-06,1280,0.007807514788964849,0.00024455775802155,1280,0.03238007245696882,0.00101062374816695,1280
9,18,0.0010634528529227666,1.4587830644715992e-06,1280,0.006773320725396033,0.00021209047905318328,1280,0.016365600654201715,0.0005080134725136166,1280
9,19,0.008062013887638332,1.105900397557584e-05,1280,0.015437066253298269,0.0004872321226444501,1280,0.020786335123299634,0.0006533966920274333,1280
9,20,0.0018681810691371,2.5626626459491144e-06,1280,0.002453587667446267,7.776363520845213e-05,1280,0.03066625454751673,0.0009676723252183501,1280
9,21,0.0055290520604481495,7.584433549213028e-06,1280,0.006638856017559599,0.00020362579868236666,1280,0.01476781487012125,0.0004558077409262334,1280
9,22,0.004833263115566884,6.629990547841562e-06,1280,0.024455261565284034,0.0007662495215517167,1280,0.0056904470372766,0.00017768017268926194,1280
9,23,0.005483663162190483,7.52217168522431e-06,1280,0.0054703920851958505,0.00016924973954299998,1280,0.013331616666619051,0.0004113119789607167,1280
9,24,0.010519006019535433,1.4429363508252266e-05,1280,0.010585976996594533,0.00032430976562033335,1280,0.01096910967316938,0.00034092477430460003,1280
9,25,0.015506658881842333,2.127113696464948e-05,1280,0.022532392435436966,0.0006976481547562334,1280,0.009628896304320666,0.00029551344729795,1280
9,26,0.006829710510070633,9.368601521005725e-06,1280,0.012406045456297435,0.00038756586941853335,1280,0.00427005597371985,0.00013385898702617094,1280
9,27,0.018811562602801684,2.5804612655592567e-05,1280,0.0048507632393087,0.00015171836662651532,1280,0.03322327146179301,0.0010227154518764167,1280
10,0,0.0032602052394470338,4.4721608219895626e-06,1280,0.004379927860744149,0.0001378310933891674,1280,0.025637298599955654,0.0008138514753613834,1280
10,1,0.010881784656438201,1.4927002294450159e-05,1280,0.004166801298727733,0.00013055650311733638,1280,0.016702472122763785,0.0005178295015330666,1280
10,2,0.004109114024998867,5.636644756187367e-06,1280,0.003613325617957667,0.00011181071965626645,1280,0.012942801225108201,0.0004087142586743333,1280
10,3,0.004426583439519933,6.07213091883355e-06,1280,0.0021704549936126835,6.754814704937791e-05,1280,0.003453405917658317,0.00010581302377064547,1280
10,4,0.00165977770980885,2.276786979594035e-06,1280,0.0002549293841020333,7.947630478663826e-06,1280,0.017306316894481165,0.0005328231447296166,1280
10,5,0.0015463667691145667,2.1212164180656537e-06,1280,0.0037627178379295335,0.00011801347575687817,1280,0.0207527524085359,0.0006472530436680001,1280
10,6,0.008488117282392167,1.164350795842863e-05,1280,0.0135890254944115,0.00042506260233375,1280,0.005241411281171283,0.0001635754877616605,1280
10,7,0.002857654419832,3.9199649068515545e-06,1280,0.003270284130697534,0.00010226212391329047,1280,0.015761512830598165,0.0004877874803090334,1280
10,8,0.0022931174627463164,3.145565787937016e-06,1280,0.0010834764633121166,3.364152286983082e-05,1280,0.02647822747568772,0.0008435649229122,1280
10,9,0.0037491337123564165,5.1428446051905545e-06,1280,0.003043701762398567,9.396376548826812e-05,1280,0.021039398169856765,0.0006725930203902833,1280
10,10,0.0011406351717463167,1.56465729959053e-06,1280,0.0021765456906592336,6.897785925738809e-05,1280,0.05047310199468783,0.0015865603537937667,1280
10,11,0.009785848173350984,1.3423660037625375e-05,1280,0.0040579103119,0.0001274426485562457,1280,0.05999481181690191,0.00190249871579535,1280
10,12,0.0025204441582597,3.4573993935206114e-06,1280,0.0009918794912486169,3.1056172905627684e-05,1280,0.017251838874244568,0.0005425557510503334,1280
10,13,0.0026013625599337334,3.5683985674751207e-06,1280,0.0013382473921386498,4.225181848851086e-05,1280,0.0313271996716745,0.0009710119389524332,1280
10,14,0.023977036699117535,3.289031095168177e-05,1280,0.004905955952077983,0.0001525308902497841,1280,0.0568097199400957,0.0017979360757957666,1280
10,15,0.005713027401081116,7.836800260825847e-06,1280,0.002011311237903083,6.24456183938582e-05,1280,0.0270289277026828,0.0008500492512163333,1280
10,16,0.005584810076375817,7.660919171886943e-06,1280,0.0013465612224052334,4.193318989771655e-05,1280,0.02472680445551605,0.0007678558883553333,1280
10,17,0.0019876332067809165,2.7265201707060475e-06,1280,0.00061079699374265,1.9172509956254188e-05,1280,0.014013698637957784,0.0004381417367360333,1280
10,18,0.00556140210274705,7.628809466789001e-06,1280,0.0035459784081884,0.00010949471691404844,1280,0.016665829111085797,0.0005226545018586666,1280
10,19,0.006038743255392817,8.28359843065817e-06,1280,0.018425310161470948,0.0005793912088046667,1280,0.01057616161870095,0.0003299957331951167,1280
10,20,0.011720897843664065,1.6078049163886315e-05,1280,0.006365258169997333,0.00019786663375513333,1280,0.02083819863658687,0.0006544254477904334,1280
10,21,0.00313307694187865,4.297773579768858e-06,1280,0.0009807802366168,3.103051837800621e-05,1280,0.020300019894117765,0.0006390611501622666,1280
10,22,0.0020780404757279334,2.850535630791011e-06,1280,0.0006694204107162167,2.0868730209264857e-05,1280,0.013637652478412999,0.00042383330639609993,1280
10,23,0.004217836156593983,5.78578348742751e-06,1280,0.0008099605595515168,2.558441573358161e-05,1280,0.0201978807656928,0.00064073096870885,1280
10,24,0.01725724606967555,2.3672491180720852e-05,1280,0.00507560541973355,0.00015865429728289756,1280,0.0431265783011743,0.0013427594845082833,1280
10,25,0.0022545760290407666,3.0926968794079343e-06,1280,0.0008190487565139167,2.5614341178497684e-05,1280,0.024491098000339596,0.0007715833317218833,1280
10,26,0.0014162241633877998,1.942694325563896e-06,1280,0.00036661761863730004,1.1452191582122032e-05,1280,0.017400485662506016,0.0005519588596581834,1280
10,27,0.0018507440559904999,2.5387435593534746e-06,1280,0.00033586644107088336,1.0441644809005881e-05,1280,0.012082962764414583,0.0003724575098219167,1280
11,0,0.016100274821913715,2.208542501100248e-05,1280,0.030481875722368015,0.0009606491178444668,1280,0.006487035150352417,0.00020454231184609644,1280
11,1,0.009324826194377517,1.2791256766330842e-05,1280,0.0009388486507001334,2.9305657210703984e-05,1280,0.022939959418787667,0.0007196085438574332,1280
11,2,0.007178184131892785,9.846617466191879e-06,1280,0.03683017349654463,0.0011558299853593834,1280,0.004776954945990934,0.0001478766726529208,1280
11,3,0.005819811270801683,7.983280199853662e-06,1280,0.0015387472342992998,4.851906712231499e-05,1280,0.03934201734083818,0.0012451200106667,1280
11,4,0.006694707234506267,9.183411843813674e-06,1280,0.0026080234935268666,8.176986991046305e-05,1280,0.017334240140788333,0.0005346371483789333,1280
11,5,0.011844576070776167,1.624770379570854e-05,1280,0.0028816340047085835,9.174329573528341e-05,1280,0.025056174025848987,0.0007792398413034499,1280
11,6,0.010296300616118916,1.412386918825508e-05,1280,0.0028465779707952336,9.041170843675114e-05,1280,0.0222951575272721,0.0006996300666033333,1280
11,7,0.00366742849649875,5.030766110921715e-06,1280,0.0014563556634925167,4.54510372363918e-05,1280,0.008458875166979817,0.00026498629231781664,1280
11,8,0.003357809343138217,4.6060484850075564e-06,1280,0.007474873532961084,0.0002312345190138833,1280,0.004742458736889833,0.00014757676580547541,1280
11,9,0.0131425983419338,1.802825562609127e-05,1280,0.007051844938520883,0.00022079355014986666,1280,0.020425313434695114,0.0006321735125556166,1280
11,10,0.006906121424530382,9.473417593094946e-06,1280,0.00420243357268165,0.0001302220774265778,1280,0.026002107727966434,0.0008256504184479667,1280
11,11,0.008625104547642532,1.1831419134041473e-05,1280,0.0024590317695942832,7.798821021785786e-05,1280,0.009413344358563282,0.000293339258845,1280
11,12,0.0032428510155189335,4.448355299113982e-06,1280,0.013826621507992765,0.00042711075257426665,1280,0.003697345935999333,0.00011454715053551895,1280
11,13,0.005645922738987434,7.744749992859984e-06,1280,0.008255609311902317,0.0002601669189149,1280,0.007115540768912317,0.00022193315583963333,1280
11,14,0.0021633784823506834,2.9675973680285835e-06,1280,0.0006729265527572166,2.0862392444772244e-05,1280,0.027074364243238298,0.0008498905158818166,1280
11,15,0.00415698619714055,5.7023130354376395e-06,1280,0.0008350327294573998,2.6090617247737032e-05,1280,0.02801408132609137,0.0008829911604499168,1280
11,16,0.012377510508485949,1.6978752458231966e-05,1280,0.004986403196833517,0.00015549241392398845,1280,0.04452936739418567,0.0014010057583771166,1280
11,17,0.001982298098714767,2.719201784783023e-06,1280,0.0007851264166778499,2.462450475295417e-05,1280,0.025235378141284497,0.0008030529608188168,1280
11,18,0.0019249851643317998,2.6405832164611703e-06,1280,0.0003698809017921,1.1464975374109407e-05,1280,0.03431816779523913,0.0010653460350314998,1280
11,19,0.0028934311160545,3.969041318366631e-06,1280,0.0012218249457636333,3.85588972154384e-05,1280,0.015509959867586035,0.0004876424992955667,1280
11,20,0.0025732981571214165,3.5299014450369784e-06,1280,0.0007408620757054,2.345773343416636e-05,1280,0.018777915727014233,0.0005954125997766,1280
11,21,0.007902955965600185,1.084081749588503e-05,1280,0.004065561552759267,0.00012576147399227092,1280,0.1163898703567459,0.0036569168924825003,1280
11,22,0.015351325741979298,2.1058060008116258e-05,1280,0.0037899967805495997,0.00011803945928509154,1280,0.0381966534311383,0.0011978377854601166,1280
11,23,0.017316872256666668,2.375428295598644e-05,1280,0.03440334342841798,0.0010798365869885,1280,0.024912066440606336,0.0007711118804161499,1280
11,24,0.006864201744273583,9.415914604476243e-06,1280,0.016008791152141034,0.0004955242702595167,1280,0.08755680482560514,0.0027103295961586004,1280
11,25,0.005711495639123567,7.834699091036472e-06,1280,0.009796933008866833,0.00030519646884258334,1280,0.018235829236194417,0.0005675661598439667,1280
11,26,0.010134570950071918,1.3902017746837228e-05,1280,0.018926536941383618,0.0005908280789033,1280,0.01823930524979755,0.0005773139451848999,1280
11,27,0.010876323006982566,1.4919510292044543e-05,1280,0.0246288878262627,0.0007696794017956499,1280,0.005855848123398216,0.00018162953042411665,1280
12,0,0.017908514006800602,2.4565862820742634e-05,1280,0.00127092032862675,3.964230591562331e-05,1280,0.16560755391462104,0.005261701652744699,1280
12,1,0.00431916401030695,5.9247791672871475e-06,1280,0.003173456943471767,9.926140006334249e-05,1280,0.035513786662287765,0.0011327200005645166,1280
12,2,0.015553946913920884,2.1336004022859862e-05,1280,0.015603400535610467,0.0004818456523415166,1280,0.03641028593801814,0.0011479607314631168,1280
12,3,0.0032749389242875335,4.492371637445103e-06,1280,0.0010278730536014667,3.2144667922786675e-05,1280,0.056371592342353914,0.0017629565115640166,1280
12,4,0.005303852853008516,7.275518308417471e-06,1280,0.004185137556892884,0.00013145999633365038,1280,0.025627084769060518,0.0007951846684975334,1280
12,5,0.0038653093856737338,5.3022076609498484e-06,1280,0.0016117851752307667,4.989841875368614e-05,1280,0.08221241202151448,0.0026193656433115835,1280
12,6,0.0048992711895720666,6.720536605905967e-06,1280,0.15075481482169073,0.004682854784467883,1280,0.004888514370804784,0.0001513716674245516,1280
12,7,0.005096419295549917,6.990972973884163e-06,1280,0.015338157418682318,0.00047414935738186666,1280,0.0035667109785511505,0.00011145011421893345,1280
12,8,0.010789385023447966,1.4800253823781724e-05,1280,0.029751227204618133,0.0009289560305197,1280,0.019436377978005667,0.0006022852913084334,1280
12,9,0.01912631842098255,2.6236376468299905e-05,1280,0.004642742446018584,0.00014463522978449842,1280,0.018146953360959117,0.00056434544410595,1280
12,10,0.009114729830457649,1.2503058751685165e-05,1280,0.007198090917730285,0.00022251794039938335,1280,0.029570922333884152,0.0009244033301796,1280
12,11,0.008786640475458733,1.2053004771486886e-05,1280,0.009384738818349983,0.00029110142172405,1280,0.062320585922407155,0.0019898231081558,1280
12,12,0.011108944214167067,1.5238606604419357e-05,1280,0.02867195046906086,0.0008911456120125667,1280,0.0255135395135918,0.0007972193876442333,1280
12,13,0.009883382023720749,1.3557451334417572e-05,1280,0.00830019044148375,0.00025591937441058333,1280,0.025205966870165217,0.0007953384472602834,1280
12,14,0.0080391619720785,1.1027657012156744e-05,1280,0.009190386475324816,0.00028711111263466667,1280,0.025372728871313154,0.0008001845092609166,1280
12,15,0.005712705568991267,7.836358795045828e-06,1280,0.015013078315954866,0.00047649242318195,1280,0.019282235408127183,0.0006090299840895665,1280
12,16,0.00247069803623385,3.389160543584268e-06,1280,0.010632845375046834,0.0003293985257463333,1280,0.01824576587462915,0.0005647738276413,1280
12,17,0.012954446561934634,1.7770159910352606e-05,1280,0.012140926959470217,0.00037579494783498334,1280,0.033013830046608406,0.0010430580664609666,1280
12,18,0.004067924260103417,5.580143026940228e-06,1280,0.0013332539248977666,4.171480269393489e-05,1280,0.019736877540632667,0.0006150555195736001,1280
12,19,0.0043313495906621,5.941494629729277e-06,1280,0.007138523628289716,0.0002261791518750186,1280,0.01207779954965335,0.00038442134745251665,1280
12,20,0.006231898400130782,8.548557477869862e-06,1280,0.0064207417135074656,0.00020344695454131126,1280,0.019211116535757335,0.0006115863986822,1280
12,21,0.004914646018335066,6.7416269113514575e-06,1280,0.0012752410819262166,4.014398492433596e-05,1280,0.06450939916370159,0.0020540508368754665,1280
12,22,0.010764333056783884,1.4765888970504765e-05,1280,0.007460539530143199,0.00023239452862376667,1280,0.03753008016701637,0.00118029368270995,1280
12,23,0.00932278314011605,1.2788454226852724e-05,1280,0.006552002394566082,0.0002046514107195,1280,0.010163796786741766,0.00031386142760936667,1280
12,24,0.0066717294422838835,9.151892251031227e-06,1280,0.014147294144019365,0.00043613330629165004,1280,0.023486248153176282,0.0007375069732566333,1280
12,25,0.007304818073009699,1.0020326589604587e-05,1280,0.0018585739843028002,5.838234958772023e-05,1280,0.07601882034593166,0.0024340443391196,1280
12,26,0.011974559381807583,1.6426007371836877e-05,1280,0.005045053110222784,0.00015909091233835598,1280,0.05463082981896144,0.0017263683193448666,1280
12,27,0.008288009241046683,1.1369011304707393e-05,1280,0.006054656972707985,0.00018919615254636905,1280,0.01898870468456452,0.0005966889575948,1280
13,0,0.0026321695368238334,3.610657792500962e-06,1280,0.0014549941270397498,4.532158500633136e-05,1280,0.03007228794263025,0.0009528813482578498,1280
13,1,0.0028341511043947338,3.887724425202929e-06,1280,0.0012010346818934834,3.690004818283447e-05,1280,0.05506577913214028,0.00176319754785355,1280
13,2,0.010322968777775969,1.4160450999087365e-05,1280,0.0035469236401960164,0.0001101614747176439,1280,0.03385605903273847,0.0010560794198064165,1280
13,3,0.0035008998307829997,4.802331731803128e-06,1280,0.004700222146425367,0.00014559736831968513,1280,0.008257595541825383,0.0002593566776962069,1280
13,4,0.003805689522939267,5.220424585352778e-06,1280,0.005898111394685616,0.0001826483067261167,1280,0.01106446318381885,0.00034088161617736664,1280
13,5,0.0044817541523324,6.147810901952396e-06,1280,0.004608603346336284,0.00014409079609487883,1280,0.006370267286608066,0.00020092234291680107,1280
13,6,0.002436248360784967,3.3419044748068485e-06,1280,0.0177798901889142,0.0005666945764149167,1280,0.047184516346533166,0.0015086916470130167,1280
13,7,0.012201042428273398,1.6736683709116355e-05,1280,0.00484549900743515,0.00015283430597129433,1280,0.019854000178308198,0.0006197984625701333,1280
13,8,0.0025392511389649,3.483197723016795e-06,1280,0.0007203219914254499,2.250019174012662e-05,1280,0.01967774761343805,0.0006152856131232,1280
13,9,0.0038072808918627496,5.222607534515935e-06,1280,0.0005971561364586167,1.8714401204555225e-05,1280,0.0304845396559964,0.000963283818172,1280
13,10,0.006014828176716884,8.25079310971232e-06,1280,0.0018911995353599503,5.888466336501086e-05,1280,0.035185335049997435,0.0011287152237656167,1280
13,11,0.014466884906065932,1.9844835272077543e-05,1280,0.012090561607010332,0.00037128812586511667,1280,0.010740660305600584,0.0003352673683059166,1280
13,12,0.0144412642451546,1.9809690312726225e-05,1280,0.0038256014821816,0.00011988709247965588,1280,0.033772994200414,0.0010622970907041,1280
13,13,0.013150157227641951,1.803862441432438e-05,1280,0.0016474344445166333,5.063940541959189e-05,1280,0.03279345452460799,0.0010307363906163834,1280
13,14,0.005885612552143884,8.073542592626723e-06,1280,0.006350237904939567,0.00019806837126643334,1280,0.014256823603470033,0.00044417860525009997,1280
13,15,0.0032112021184312832,4.40494117639155e-06,1280,0.00244806057129185,7.577568532848625e-05,1280,0.016898614825398266,0.00052802073510795,1280
13,16,0.010437568679435532,1.4317652504343184e-05,1280,0.013858886994701884,0.0004273763274783334,1280,0.037147292836152646,0.0011856308036169666,1280
13,17,0.00806598189732685,1.1064447065472325e-05,1280,0.019600694719504885,0.0006123216720197666,1280,0.01709214674489577,0.0005460965439159834,1280
13,18,0.018697969963189516,2.5648792764780548e-05,1280,0.010455126636012784,0.0003239026435465666,1280,0.03963705942760492,0.0012547536702,1280
13,19,0.006957103448238851,9.543351777198394e-06,1280,0.01088781465724265,0.00033833220540616663,1280,0.01484095042458945,0.00046243689177496663,1280
13,20,0.0065059512521277495,8.924487315842047e-06,1280,0.006313676831041416,0.00019392572631123334,1280,0.027605861630263417,0.0008579555485453667,1280
13,21,0.007538876120804582,1.0341393855995787e-05,1280,0.006963394600328784,0.0002149231677660333,1280,0.041139861974746283,0.0012807552001920333,1280
13,22,0.007580167970729649,1.0398035629658083e-05,1280,0.00548035549375445,0.0001696353788728833,1280,0.032186821436728935,0.0010270508285164168,1280
13,23,0.0057661031946167505,7.909606584127283e-06,1280,0.004064627938911716,0.0001260379614540599,1280,0.011911416049618567,0.00037031170479196666,1280
13,24,0.01203932061764585,1.6514843085516935e-05,1280,0.005877130515869967,0.00018200656393135001,1280,0.01884343365145465,0.0005868854695927833,1280
13,25,0.009846215452474367,1.3506468377014481e-05,1280,0.0067037197174499505,0.00020785270114980002,1280,0.050855798684400065,0.0015985564338125999,1280
13,26,0.006945938249600617,9.528035992991684e-06,1280,0.006487743911947033,0.00020326342930290548,1280,0.007532708785409616,0.00023353978256691668,1280
13,27,0.011345536187794351,1.556314978630342e-05,1280,0.007451606380755016,0.00023173198741003332,1280,0.01957377289636495,0.0006126358773628668,1280
14,0,0.0038793025567163335,5.321402677775644e-06,1280,0.010352884936333783,0.0003214852139441833,1280,0.00034871920867368336,1.067476277185047e-05,1280
14,1,0.00500498111007625,6.865543367268999e-06,1280,0.0022084061273682665,6.827499606385461e-05,1280,0.0023518595013834833,7.028398194675739e-05,1280
14,2,0.006425904754185717,8.81468416184574e-06,1280,0.009554115238112516,0.00029307420610255,1280,0.006912138929446067,0.00021801894131165,1280
14,3,0.00827226403212455,1.1347412891616029e-05,1280,0.01759363388252187,0.0005404199726411167,1280,0.004976744554483,0.00015532932808499236,1280
14,4,5.1691051731713365e-05,7.090679253538437e-08,1280,0.00042294571403658337,1.3114373844838023e-05,1280,1.5511268096142967e-05,4.711106938544444e-07,1280
14,5,1.1573969407652207e-05,1.5876501243570872e-08,1280,1.8341163908197622e-05,5.715187054646309e-07,1280,1.7316509399956104e-05,5.378502813049626e-07,1280
14,6,0.0025329977599425836,3.4746196986677976e-06,1280,0.0036655631110562004,0.00011481835099384561,1280,0.0051004151092873,0.00016139783960896322,1280
14,7,0.0005120691904872667,7.024268740468922e-07,1280,0.004169215981638249,0.00012909417317644387,1280,0.00070453385423025,2.2092995602842242e-05,1280
14,8,0.009892423292512782,1.3569853623380626e-05,1280,0.03470657982059792,0.0010644742669285335,1280,0.0056951744580923174,0.0001804926099102152,1280
14,9,0.01481466682302345,2.0321902397197705e-05,1280,0.0018633670403857669,5.7989201324733695e-05,1280,0.03308369358016226,0.00102504842700945,1280
14,10,0.011797490323336449,1.6183114321969335e-05,1280,0.029049240550420952,0.00089658027866095,1280,0.013859617474849933,0.00043700729738606667,1280
14,11,0.014307050816114433,1.9625584103138798e-05,1280,0.027862126196396237,0.00086244913707235,1280,0.009313721137535416,0.0002931979539704833,1280
14,12,0.015020525542278519,2.060428745042214e-05,1280,0.03160137433746963,0.000981899822239083,1280,0.0055110282645310675,0.00017201893078702769,1280
14,13,0.017025747605278665,2.3354934983734848e-05,1280,0.029413553530351504,0.0009043457195675335,1280,0.035747375057932566,0.0011387769198332501,1280
14,14,0.00674989450817515,9.259114553404843e-06,1280,0.016535936275734704,0.0005098896933550499,1280,0.017402895223237114,0.00054505567874115,1280
14,15,0.0047952398158675165,6.577832395320583e-06,1280,0.010434759778225519,0.00032511006933628333,1280,0.012765310334846833,0.0003967127420987167,1280
14,16,0.0040214639961296,5.516411515643869e-06,1280,0.008038504270738584,0.0002470742490379,1280,0.011380325253336751,0.00036192350663715004,1280
14,17,0.004114585664732734,5.644150432912905e-06,1280,0.0018734049904622332,5.773736521238332e-05,1280,0.024043141702653217,0.0007489086571536499,1280
14,18,0.0058157912533355165,7.977765781367873e-06,1280,0.0058378979536920506,0.00018038289687494994,1280,0.0099412130570423,0.0003115174229888834,1280
14,19,0.004610316051923683,6.324164695079883e-06,1280,0.010489932678505384,0.00032358290409378334,1280,0.01006396834501775,0.0003187549442367333,1280
14,20,0.012375182662367451,1.6975559200315776e-05,1280,0.0052226516321713995,0.00016146419255788177,1280,0.021184389930491848,0.0006601455678863999,1280
14,21,0.004484866846610134,6.152080725934916e-06,1280,0.011628687296479217,0.00036681940593333333,1280,0.08102077772764456,0.002581802754552,1280
14,22,0.007914053954285266,1.0856041099816319e-05,1280,0.04368531970802295,0.001393073845183567,1280,0.023593552665033667,0.0007326262806966333,1280
14,23,0.005929343694257668,8.133530463036212e-06,1280,0.013435472240871549,0.00041530729581693325,1280,0.01593594780229065,0.0004972731465462001,1280
14,24,0.004084005027607367,5.602201689141756e-06,1280,0.011805702024654785,0.0003744398396557833,1280,0.007716085890289483,0.00024280835730711668,1280
14,25,0.010511160944436866,1.441860212249522e-05,1280,0.0009776326139032,3.056306749195959e-05,1280,0.11009583434709684,0.003513881550521134,1280
14,26,0.00525121876268025,7.203317912374563e-06,1280,0.0031830646656013334,9.979389432722236e-05,1280,0.023636592234045833,0.0007345079464288,1280
14,27,0.00530809652135145,7.281339533945506e-06,1280,0.03703644841402814,0.0011831758282481834,1280,0.048983805482142366,0.0015601739109592,1280
15,0,0.007769050150917166,1.0657133271876318e-05,1280,0.0035910992962536834,0.00011324983470218011,1280,0.01831506740055975,0.00057768729711345,1280
15,1,0.010897911888340115,1.4949124669027628e-05,1280,0.0344876690666448,0.0010576570476097666,1280,0.006422829933209533,0.00019847652552358328,1280
15,2,0.005983676460194417,8.20806098934176e-06,1280,0.00266376639203255,8.330113127497027e-05,1280,0.014482550041558748,0.0004478356886930167,1280
15,3,0.00945688314891405,1.2972404834293386e-05,1280,0.006291071057195984,0.00019790146684059247,1280,0.030582557695576402,0.0009719171015535832,1280
15,4,0.010875111128143483,1.4917847935821382e-05,1280,0.030894196757192984,0.0009546908617744833,1280,0.01739609094086815,0.00055273152635275,1280
15,5,0.004158762939672,5.704750266246883e-06,1280,0.0014277897433884667,4.513360903506588e-05,1280,0.029185055025057683,0.0009069960165377834,1280
15,6,0.005290833126224417,7.257658601674524e-06,1280,0.0022297507444477,6.899931433117133e-05,1280,0.015241791365421366,0.00046778350464911676,1280
15,7,0.006364868023913033,8.730957514411128e-06,1280,0.007912910666580767,0.00024929202990045003,1280,0.010183461663435317,0.0003191497169297167,1280
15,8,0.004273272656879083,5.861828061146217e-06,1280,0.0012249687875774667,3.8486069564231305e-05,1280,0.039147153672881,0.0012287432245272833,1280
15,9,0.0028310012152321837,3.883403588716509e-06,1280,0.0012814961094373002,3.976543896625865e-05,1280,0.022136358682397817,0.0006787798496914334,1280
15,10,0.0045362504396564,6.222565753522616e-06,1280,0.006354336093854299,0.00020031725929924686,1280,0.025338707108630787,0.0007971144690614001,1280
15,11,0.0043043580095627,5.904469146669148e-06,1280,0.00197948347013715,6.068427676943674e-05,1280,0.028916990061134084,0.00089865096446005,1280
15,12,0.004498271163735433,6.170467977490747e-06,1280,0.002709584022255683,8.539694637923155e-05,1280,0.02528484781684402,0.0007790885651393834,1280
15,13,0.0064507565721972,8.848774466365996e-06,1280,0.0023978378481453668,7.559209369226486e-05,1280,0.023188658026886785,0.0007193029353675167,1280
15,14,0.007669882495273767,1.0521100790644953e-05,1280,0.025474874500900982,0.0007737825292700334,1280,0.020539358623333667,0.0006518603834355,1280
15,15,0.0033077689700462,4.53740599628237e-06,1280,0.014223234827767285,0.0004386296140217166,1280,0.012611720696421918,0.00040384233551993336,1280
15,16,0.00476337471856895,6.534121696979631e-06,1280,0.0052865662072368,0.00016661403780402815,1280,0.03622859204248618,0.00114957429654375,1280
15,17,0.0027021829646968667,3.7066981653048692e-06,1280,0.004542654730679816,0.00014034149775670184,1280,0.020775972302241465,0.00065793957127015,1280
15,18,0.0007272119296886166,9.975472290846869e-07,1280,0.00495684745139135,0.0001525549325213144,1280,0.0006432759139715,1.9801568158740967e-05,1280
15,19,0.006817208670308099,9.351452211343926e-06,1280,0.004115661294472717,0.0001269177646605012,1280,0.012095389333628215,0.00038448347408351666,1280
15,20,0.010177500683766933,1.3960906303705478e-05,1280,0.022403678684857636,0.0006908922620187168,1280,0.008150898182179801,0.00025248455515591666,1280
15,21,0.00579495893164975,7.949189224963396e-06,1280,0.0035103837578560333,0.0001106107773572064,1280,0.05627987798781453,0.0017628662356408999,1280
15,22,0.005806461528076467,7.964967798491871e-06,1280,0.005258101769802149,0.00016349149620901082,1280,0.019587735106142586,0.0006044213246314333,1280
15,23,0.015944929253237133,2.1872330911440935e-05,1280,0.008899218480526784,0.00028001707803538336,1280,0.05226070145969663,0.0016378716095909334,1280
15,24,0.007595336257243866,1.0418842604933051e-05,1280,0.027594113268984633,0.0008455481513174166,1280,0.018938399403244384,0.0005911835918346,1280
15,25,0.011294078764573565,1.5492563443618202e-05,1280,0.015107747687655567,0.0004707866081356667,1280,0.012125374899596801,0.0003777299424795166,1280
15,26,0.0090151696090856,1.2366487820808977e-05,1280,0.013801132265901517,0.00043950906217405,1280,0.08653636262154878,0.002737152653929933,1280
15,27,0.0095157471930633,1.3053151139633066e-05,1280,0.0049239734612266505,0.00015365886778402445,1280,0.0410695549485353,0.0013038482486088501,1280
16,0,0.007491691572331133,1.0276668810688434e-05,1280,0.025613840513869918,0.0007873023329800499,1280,0.04834055297033044,0.0015521177410627333,1280
16,1,0.0101399128835358,1.3909345506197176e-05,1280,0.026129321659557964,0.0008043093609542334,1280,0.014768988946116168,0.0004612771053160334,1280
16,2,0.014586479478301316,2.000888819547163e-05,1280,0.019388168086341733,0.0005982938979228834,1280,0.02112604692509493,0.0006551017260859334,1280
16,3,0.0108738339694506,1.4916095973056126e-05,1280,0.019297087775839782,0.0006003174403978501,1280,0.011965678789692851,0.00036876060163220005,1280
16,4,0.008050078125468882,1.1042631153358623e-05,1280,0.018241341842667635,0.0005612344793695167,1280,0.0192819262170663,0.0005995487215041,1280
16,5,0.0112921583816311,1.54899291739277e-05,1280,0.04848225375796267,0.0015035967978493999,1280,0.016048778629927502,0.0005013953379481999,1280
16,6,0.007540922158909732,1.0344200505240977e-05,1280,0.014782770840857468,0.00046006011125230005,1280,0.026815297041290802,0.0008341789206479667,1280
16,7,0.00372214968939485,5.105829482118846e-06,1280,0.004943727305203466,0.00015424532184814626,1280,0.019970297672822733,0.0006352100617667999,1280
16,8,0.005213826913802633,7.152025949030971e-06,1280,0.0025567392755381497,7.98282518918829e-05,1280,0.019770364308821283,0.0006174967578547833,1280
16,9,0.0021454830381628,2.9430494335128815e-06,1280,0.007671978293321484,0.00024308047276073335,1280,0.0122332835003362,0.00038566595716818335,1280
16,10,0.0011630702541840833,1.5954324494785307e-06,1280,0.00249836966278845,7.91705351310902e-05,1280,0.007343405838767533,0.00023032211184329998,1280
16,11,0.0007842134582318333,1.0757386291701916e-06,1280,0.0022857683247820668,7.143830858733861e-05,1280,0.0120657295796604,0.0003749787130079667,1280
16,12,0.0006677235470675001,9.159445098539236e-07,1280,0.003934734658566633,0.00012629518360203633,1280,0.018918970319039784,0.0005866925356596167,1280
16,13,0.0003960324036912166,5.432543258030053e-07,1280,0.0009936758798402834,3.0668236466876074e-05,1280,0.0030045195132022834,9.373979118948321e-05,1280
16,14,0.004089580793878583,5.6098502040196245e-06,1280,0.015272976684779315,0.0004722813248656333,1280,0.09847321694845353,0.0031637673721276335,1280
16,15,0.0042080130068503,5.772308654134611e-06,1280,0.00228641085658405,7.012804193266368e-05,1280,0.23123901560059792,0.007427619709727566,1280
16,16,0.0049197874519677,6.748679640876272e-06,1280,0.00995664354369785,0.00030592780073736666,1280,0.017227339466141165,0.0005360363373777834,1280
16,17,0.0061279971249253,8.406031732784957e-06,1280,0.013743890682765882,0.0004247350866227501,1280,0.05086534750284948,0.0016206707962824335,1280
16,18,0.003537075258937683,4.85195508400163e-06,1280,0.009682911976597035,0.0002999861665591333,1280,0.02500888559484331,0.0007973396919382668,1280
16,19,0.014678058808385635,2.0134511413657727e-05,1280,0.016268254368734764,0.0005084306095479333,1280,0.07725283017847077,0.0024763534899264667,1280
16,20,0.005700687559775934,7.819873200868438e-06,1280,0.018722176180441766,0.00058234063866375,1280,0.028728859608842538,0.0009091937419633667,1280
16,21,0.001419958478100067,1.94781684013979e-06,1280,0.0012716183802486333,3.981966401861899e-05,1280,0.041359957902992954,0.0013160311967160502,1280
16,22,0.0013433252530224002,1.8426958199252788e-06,1280,0.0008767135344621499,2.7475110895118504e-05,1280,0.012909559606669,0.00039673593019758335,1280
16,23,0.00210568825931995,2.8884612630424543e-06,1280,0.0009919670888293667,3.1060753540174124e-05,1280,0.05856619230178236,0.0018547958721306164,1280
16,24,0.0025506410292450003,3.4988217140547993e-06,1280,0.0043605352024466,0.00013682840609141925,1280,0.029877268933735896,0.0009523233848072833,1280
16,25,0.001755741539814867,2.4084246090004882e-06,1280,0.0010611127275599501,3.304382923236676e-05,1280,0.015312805415760482,0.00047315568955198334,1280
16,26,0.005570658741684484,7.641507193816241e-06,1280,0.00220483818148405,6.879555625852185e-05,1280,0.0320414324900563,0.0009870189983178332,1280
16,27,0.0025479495428631003,3.4951296858895474e-06,1280,0.0034247490530295004,0.00010705402447099294,1280,0.011531569035772285,0.0003605241920213167,1280
17,0,0.00296496355798575,4.067165370499661e-06,1280,0.014214363941732651,0.0004522257772558667,1280,0.04775952994752205,0.0015203044569157,1280
17,1,0.0030509208957406504,4.185076682871579e-06,1280,0.005164815224844634,0.00016349900595720394,1280,0.0333186648428333,0.001057035631199,1280
17,2,0.0037888014930065835,5.197258566700645e-06,1280,0.0013387721120209836,4.2368534157141355e-05,1280,0.11362672107376659,0.0036153117020607836,1280
17,3,0.0031918340459639663,4.378373176771508e-06,1280,0.0046428441942746165,0.00014552850271902536,1280,0.02210415136050863,0.0006857018128246668,1280
17,4,0.0055927435953814,7.671801907530145e-06,1280,0.0028454663250413836,8.982572139698763e-05,1280,0.16840129377699967,0.0054112247808193,1280
17,5,0.0033861569923297834,4.644934142089899e-06,1280,0.0058690350214760005,0.0001855104126555505,1280,0.049371048489774666,0.001528772062228733,1280
17,6,0.002677637787892617,3.673028514139589e-06,1280,0.00033447928720890005,1.0428876746383653e-05,1280,0.20421789428595125,0.0065119373759163985,1280
17,7,0.00045076730955523336,6.183365001561446e-07,1280,0.0009726021501563334,3.006889466288659e-05,1280,0.0030306188777870662,9.304630706935074e-05,1280
17,8,0.0009076573489489167,1.2450718086333818e-06,1280,0.004319743067516817,0.00013425542666853515,1280,0.00461409437219605,0.00014536040073265003,1280
17,9,0.002983143364948117,4.092103384517293e-06,1280,0.004045057260914983,0.00012538283784492904,1280,0.023701208706521936,0.0007250075999327999,1280
17,10,0.0003490171727733166,4.787615543699221e-07,1280,0.0008445586644019333,2.635015815075804e-05,1280,0.0019553935622268833,6.089298778411481e-05,1280
17,11,0.0015456617245774332,2.1202492810313504e-06,1280,0.0008610692400357166,2.701602979221102e-05,1280,0.049366803042327434,0.0015470230308571168,1280
17,12,0.0006885151246033166,9.444651921517095e-07,1280,0.0008198697904001335,2.5454051545694783e-05,1280,0.033065847025303165,0.0010526839577499668,1280
17,13,0.0007125338302268334,9.774126614843258e-07,1280,0.0013129781848893,4.1123232395939846e-05,1280,0.004009080669059449,0.00012010154961562557,1280
17,14,0.0034655651406106662,4.753861649814857e-06,1280,0.011915759402124068,0.00036831420349524996,1280,0.022606168341629446,0.0007270965891458333,1280
17,15,0.0006972664266460667,9.564697217057047e-07,1280,0.0021548125659573,6.692525252692076e-05,1280,0.01505517701590025,0.00048103055893391664,1280
17,16,0.0030105481565384997,4.129695690542966e-06,1280,0.0014358326357921001,4.485674450337614e-05,1280,0.011370678208133185,0.00035216315266176665,1280
17,17,0.004068187569307183,5.580504207265821e-06,1280,0.007801581679700533,0.00024371262942054998,1280,0.027365044662246835,0.0008689878861990333,1280
17,18,0.004227464199743684,5.798990676489484e-06,1280,0.014312717688085235,0.0004393721933910333,1280,0.013550895911104484,0.00042614540385585003,1280
17,19,0.0014437526712687667,1.9804563384393536e-06,1280,0.0035460098611205,0.00010691260547112331,1280,0.0165479250904354,0.0005238383763095833,1280
17,20,0.0013711280391959,1.8808340724307353e-06,1280,0.0030244342459676663,9.321572906784897e-05,1280,0.010407460183766133,0.0003206169849933834,1280
17,21,0.006181685904598,8.479678859420539e-06,1280,0.003050992687837083,9.480323180918085e-05,1280,0.03631572847530146,0.0011267759966634,1280
17,22,0.005142590570926533,7.054308053354246e-06,1280,0.006112467925997067,0.00018933649658746667,1280,0.027541215793614016,0.000866193776775,1280
17,23,0.0055581622003728,7.6243651559154e-06,1280,0.006569331056652967,0.00020689810291288913,1280,0.0183252764256091,0.0005663322036032667,1280
17,24,0.003767090581504784,5.167476794388842e-06,1280,0.018477792592799764,0.0005720405014751333,1280,0.012958823976456752,0.00040722454885288337,1280
17,25,0.0033527835959716334,4.599154449945117e-06,1280,0.004218226869833516,0.0001310416290575084,1280,0.020128671677033066,0.0006296170203511834,1280
17,26,0.006334044684649549,8.688675843181228e-06,1280,0.01052125827593875,0.0003277575640204833,1280,0.013323860379500682,0.0004100917289881167,1280
17,27,0.010628236963327651,1.4579200199792605e-05,1280,0.012497578719186666,0.00038994103046728325,1280,0.019214000405554484,0.0005945899199677334,1280
18,0,0.003674908562326533,5.041026837798376e-06,1280,0.0031315766736951666,0.0001000006242287015,1280,0.05860676904421777,0.0018444735261605501,1280
18,1,0.0019362549638088334,2.65604247388997e-06,1280,0.005490873618119416,0.00017376025024859674,1280,0.020714914852533153,0.0006423004022673167,1280
18,2,0.0006281844039908499,8.61707001812242e-07,1280,0.0008198493811637666,2.492085966782423e-05,1280,0.020644799149067652,0.0006307679153170833,1280
18,3,0.00067144717959165,9.210523739371553e-07,1280,0.0010625301598648001,3.232277946626323e-05,1280,0.015452390180143952,0.00047673158341779995,1280
18,4,0.002295864901981267,3.1493345744326457e-06,1280,0.0023120112325684668,7.243982399364423e-05,1280,0.0102993904064684,0.0003153503885408,1280
18,5,0.00079977713722925,1.0970879780576707e-06,1280,0.0058021533699464155,0.00018101563855916616,1280,0.016155584447801585,0.0005040973026019667,1280
18,6,0.0012431570443898335,1.7052908696214956e-06,1280,0.0012635417280150833,3.988925368515056e-05,1280,0.0432980412298699,0.0013724996973988664,1280
18,7,0.011898445478512501,1.6321598746738518e-05,1280,1.6114768196739996e-08,4.905748466202097e-10,1280,0.09431610388522431,0.0029613929056345,1280
18,8,0.0031697342969701833,4.348058023873984e-06,1280,0.0010757299153709167,3.3259957141662404e-05,1280,0.04124810384594938,0.0012832999970643333,1280
18,9,0.0017468133141420167,2.396177383095765e-06,1280,0.0009039773154265666,2.8375317819257066e-05,1280,0.05898949782113045,0.0018527712671117334,1280
18,10,0.0072079048838228155,9.887386669998194e-06,1280,0.015973332116232034,0.0004983357946572834,1280,0.007311943026441716,0.00022789216335831664,1280
18,11,0.002750654119059417,3.7731880956577302e-06,1280,0.0032361666334470834,0.0001000809082157358,1280,0.012586601489867117,0.00039401059572916666,1280
18,12,0.0017951050955767503,2.462421255900483e-06,1280,0.003487577287453733,0.0001102645582276923,1280,0.0163164138894747,0.0005076508070957833,1280
18,13,0.005349041669631967,7.3375057197200624e-06,1280,0.004647004689132867,0.00014670796441098807,1280,0.01690301384633125,0.0005247316590506666,1280
18,14,0.0027862829093218,3.8220615989177755e-06,1280,0.0049458924721174,0.00015031907128055,1280,0.011790311297014916,0.0003637476928655333,1280
18,15,0.004207627868879567,5.7717803418253465e-06,1280,0.009319393355857117,0.00029421064395151667,1280,0.00552426972152865,0.0001707674735603079,1280
18,16,0.002797322066517867,3.837204480753101e-06,1280,0.016729395781680933,0.0005139909383907668,1280,0.015063564102168366,0.00047654510512339993,1280
18,17,0.008893964564360085,1.2200225725944128e-05,1280,0.0005883669949101499,1.8352080290922473e-05,1280,0.042522427421317795,0.0013384716790917834,1280
18,18,0.002738994182919833,3.757193665208068e-06,1280,0.0216982372716453,0.0006789890882436,1280,0.01631142100745815,0.0005151543024023334,1280
18,19,0.0037226389704585004,5.106500640259086e-06,1280,0.010770954213588367,0.00033221739131600005,1280,0.02170496691223885,0.0006886262192540332,1280
18,20,0.0007199034697317167,9.875219096245134e-07,1280,0.0016362515282193667,5.14385159563896e-05,1280,0.025770137234455082,0.0008034007464649833,1280
18,21,0.0022711523813824836,3.11543536118215e-06,1280,0.0020695492082153837,6.421643473249657e-05,1280,0.04716992148056908,0.0014699196092997167,1280
18,22,0.0030377790038092004,4.167049392352709e-06,1280,0.003759750490549583,0.0001163336770369134,1280,0.014823633539511565,0.0004501132160802334,1280
18,23,0.0014753184993499336,2.02375651753584e-06,1280,0.0033568903468979166,0.00010446867886930206,1280,0.019402713564356067,0.0005962688138993167,1280
18,24,0.005889390442035816,8.078724883495725e-06,1280,0.006333723661612049,0.00019692334060295,1280,0.016219175397357767,0.0004982199725320167,1280
18,25,0.009074534996822516,1.2447921813663517e-05,1280,0.0015162426198097334,4.695095755296447e-05,1280,0.05426571647800905,0.0016816558795352667,1280
18,26,0.0018446399642991502,2.530370322964125e-06,1280,0.005734026295234135,0.00017874321727505969,1280,0.011521691792457432,0.00035165940163014997,1280
18,27,0.003349057553833716,4.5940432786050924e-06,1280,0.0011603477441255,3.594175155039366e-05,1280,0.024125285899041584,0.0007409517403092501,1280
19,0,0.0097009771536325,1.3307238879903724e-05,1280,1.2605235677847515e-07,3.810133017366702e-09,1280,0.18456064660100913,0.005902581672854433,1280
19,1,0.0016148940748194663,2.21521820498403e-06,1280,0.00440412349635715,0.00013901247629351688,1280,0.0174731006615426,0.0005385861552147667,1280
19,2,0.002063022987802733,2.8299355103782752e-06,1280,0.0064973746412609,0.00020414310908496684,1280,0.0530217690963278,0.0016594877522851,1280
19,3,0.0003408668345059167,4.675813910862599e-07,1280,0.0015330504637631334,4.7441658068280344e-05,1280,0.012680704293681283,0.00039784533017684997,1280
19,4,0.0017305054628592833,2.373807216543711e-06,1280,0.0017261184273279998,5.2497269953168925e-05,1280,0.07199471621333937,0.0022946302008701497,1280
19,5,0.0015076060404434167,2.068046695259384e-06,1280,0.012884307980774133,0.0004063302756389833,1280,0.005143206898954583,0.0001556200561804,1280
19,6,0.0031608888649258832,4.335924372214899e-06,1280,0.0198326630628192,0.0006196784027559333,1280,0.003972516629261167,0.0001235742914633119,1280
19,7,0.0006759020062076835,9.271632484233828e-07,1280,0.0004519411639390167,1.4172212130479644e-05,1280,0.022433200130990334,0.0006984156285366667,1280
19,8,0.0010406548158243335,1.4275100349487625e-06,1280,0.00033837786818278337,1.0713859973308001e-05,1280,0.02958897705298108,0.0009293608918765333,1280
19,9,0.0006417876514970333,8.803671469193262e-07,1280,0.0005128121771692499,1.607570096096485e-05,1280,0.011009078841728548,0.0003355580115192167,1280
19,10,0.0007408572031408,1.0162650244417964e-06,1280,0.0005618819460361,1.7315561329352597e-05,1280,0.03966970646009328,0.0012602266205638168,1280
19,11,0.0019303708140038331,2.647970937861387e-06,1280,0.0027711040607224335,8.6704487374954e-05,1280,0.02412287379835708,0.0007525640571921167,1280
19,12,0.0006052172192359334,8.302019461540125e-07,1280,0.0009486714554895499,2.9910843473165045e-05,1280,0.010476033604997265,0.00031412688436415,1280
19,13,0.0012150567196253,1.6667444726450556e-06,1280,0.0004992286713895167,1.5420249875254895e-05,1280,0.017802073316261116,0.00055266056389555,1280
19,14,0.0029067071679946166,3.987252627338754e-06,1280,0.007178562653033734,0.00022655812387285,1280,0.0091886437270242,0.00028460666199003334,1280
19,15,0.004029099517111883,5.526885484082127e-06,1280,0.027478534330308894,0.0008534619103772999,1280,0.004696340492368217,0.00014734412554371834,1280
19,16,0.004997274749674283,6.854972219660142e-06,1280,0.020147267528803484,0.0006336798546627333,1280,0.02249354324923533,0.0006973747010008166,1280
19,17,0.0051198897199924,7.023168342547755e-06,1280,0.029242697409851286,0.0009106511579751501,1280,0.0016218576319412166,5.004711438990478e-05,1280
19,18,0.004326658746966383,5.935060013939012e-06,1280,0.041850643470752354,0.0012973234511842997,1280,0.0039397139640110325,0.00012322001740818078,1280
19,19,0.0036931634115451497,5.066067774605124e-06,1280,0.01493955348610135,0.0004665285803687833,1280,0.01600098257112367,0.0004981096521859666,1280
19,20,0.0025109340489184334,3.4443539818403116e-06,1280,0.02621426693523667,0.00081777154905485,1280,0.0089784059027427,0.0002818294135567833,1280
19,21,0.0012806410130276002,1.7567092095420427e-06,1280,0.005985893793829634,0.00018532733168302707,1280,0.030844935475518736,0.0009843164433065165,1280
19,22,0.0031647471594832,4.341216952420737e-06,1280,0.024126972073645402,0.0007491590072438,1280,0.005019526982503416,0.00015765145764206015,1280
19,23,0.004926467567808333,6.757843028269185e-06,1280,0.032794079770421015,0.0010306282639528333,1280,0.013524810300661216,0.0004206591374677167,1280
19,24,0.0025124471748843333,3.4464295897488045e-06,1280,0.011216737107702051,0.00034869239016656665,1280,0.0052340234886211,0.00016058107604215402,1280
19,25,0.0031535197000304165,4.32581577299145e-06,1280,0.009026404069231784,0.0002775067207887167,1280,0.01027385499173755,0.0003195895422195,1280
19,26,0.007982761524052216,1.0950290151763171e-05,1280,0.011319484912519282,0.00035013832965321667,1280,0.023914577004158315,0.0007433006799163665,1280
19,27,0.0019416047318922,2.663380980447175e-06,1280,0.003797100247387133,0.00011622384226080475,1280,0.09866893733881925,0.0031505842118656167,1280
20,0,0.0008349756655061666,1.1453712830924452e-06,1280,0.00035875719410914994,1.1059000636220428e-05,1280,0.21488624039754234,0.006920539192457484,1280
20,1,0.0011035832678534666,1.513831643089036e-06,1280,0.0006059168050793999,1.8883436335134323e-05,1280,0.055143689595449,0.0017693426861908502,1280
20,2,0.0036687384108517666,5.032562979391198e-06,1280,0.0035708284407196668,0.00011221704400039617,1280,0.06987673343094986,0.0022112697261666334,1280
20,3,0.0011340685980626832,1.5556496538683337e-06,1280,0.0016028039653026831,5.051103167369222e-05,1280,0.024467282388438084,0.0007661715089135832,1280
20,4,0.0009519710484676668,1.3058587760983221e-06,1280,0.0051586858422467165,0.0001619283282596353,1280,0.0132523981788684,0.00040333339289221667,1280
20,5,0.0010217990379489666,1.4016447710819893e-06,1280,0.005099518702574267,0.00015821541738620314,1280,0.023720317064392732,0.0007365821947873333,1280
20,6,0.0016662847370743333,2.2857129497638783e-06,1280,0.0034122113204090834,0.00010679305940442271,1280,0.015201723364649833,0.00046692493881736664,1280
20,7,0.0008669947961786667,1.1892932767114742e-06,1280,0.0011760283104772333,3.648545182124985e-05,1280,0.00967556961973055,0.00029250818125415,1280
20,8,0.0009165368573012166,1.2572522033082463e-06,1280,0.0036471225476285333,0.00011182574011704025,1280,0.004143982831057667,0.00012267274435469796,1280
20,9,0.0006723228923466501,9.222536266926618e-07,1280,0.0011224658780891667,3.479668193817157e-05,1280,0.003053395856108833,9.163463487787966e-05,1280
20,10,0.0006757391615958,9.26939863654638e-07,1280,0.0014424651880014835,4.475548613891036e-05,1280,0.005316229687499133,0.00016230665457111465,1280
20,11,0.0007808211243466334,1.0710852190749195e-06,1280,0.0031414120532530666,9.862962588564956e-05,1280,0.0042087024368129,0.00012779120389131432,1280
20,12,0.0005753668072673166,7.892548804937632e-07,1280,0.0031412642246403167,9.921594168724425e-05,1280,0.009926338410499067,0.00030101419680393334,1280
20,13,0.0004299554551181167,5.897880032597076e-07,1280,0.0004846952450918166,1.4966016094633086e-05,1280,0.006799246498871917,0.00020110903059851666,1280
20,14,0.003657696925491366,5.017416907696834e-06,1280,0.005430334633539699,0.00016805494320138142,1280,0.013627181435898167,0.00041288652308093334,1280
20,15,0.0023534544358577666,3.228332560033994e-06,1280,0.0091595289377058,0.00028329425638546664,1280,0.0060865350104297835,0.00018331146253126667,1280
20,16,0.0021863951284046335,2.9991702715891307e-06,1280,0.00413395757054025,0.00012755512732453016,1280,0.011108639805721965,0.00033758534468324993,1280
20,17,0.0033882098571685003,4.6477501561017e-06,1280,0.024423350025926913,0.0007570852063117334,1280,0.006462511696563834,0.0002022760870628887,1280
20,18,0.0009520868701192001,1.306017655159705e-06,1280,0.005102358152745,0.00015807873407062896,1280,0.0186492999734279,0.0005783127190484334,1280
20,19,0.0023458042311355998,3.2178384464851485e-06,1280,0.015554421776945016,0.00048304118560835006,1280,0.00588536964296315,0.00018204590068848317,1280
20,20,0.0028941456420738666,3.970021457010778e-06,1280,0.004379606216237599,0.00013837643017351663,1280,0.017772830731094747,0.0005492701117494333,1280
20,21,0.0030863518605977833,4.233678821849325e-06,1280,0.02768790604629122,0.00085586958855825,1280,0.004631795219495384,0.00014216370623745472,1280
20,22,0.0022705994751674335,3.1146769162570856e-06,1280,0.007602324814001767,0.00023734773144788333,1280,0.012805493847963534,0.00039418216057269997,1280
20,23,0.0013826360331847167,1.8966200717552277e-06,1280,0.008580178827893735,0.0002695592420399833,1280,0.006842811167359683,0.00021004804473048332,1280
20,24,0.0012975852626671335,1.7799523463501478e-06,1280,0.0042568815641932664,0.00013250290163822217,1280,0.011040161823605801,0.0003344418806464,1280
20,25,0.002232778023018967,3.062795641139924e-06,1280,0.004280231463553684,0.0001321662595475533,1280,0.017651777176676302,0.0005392832915337166,1280
20,26,0.0019652555283328666,2.6958237636299774e-06,1280,0.016233878865174686,0.0004962257760698833,1280,0.013150436730673634,0.00041496675304069996,1280
20,27,0.0021270572032392,2.917773942819115e-06,1280,0.016662753798338235,0.0005188615389962501,1280,0.0050977358917141495,0.00015759600535202346,1280
21,0,0.0026661340117754497,3.657248303050945e-06,1280,0.0115038186102083,0.00035471624593443334,1280,0.010403816454489316,0.0003188943277949,1280
21,1,0.00338636916047595,4.645225185277207e-06,1280,0.014098103419769317,0.00043385503702180004,1280,0.003988918942487333,0.0001215786313706313,1280
21,2,0.0026609573651796164,3.650147283222084e-06,1280,0.011713159175390784,0.00036362415402075004,1280,0.0019892797647571,5.9192685102160345e-05,1280
21,3,0.0018656897918560335,2.5592452600383306e-06,1280,0.0039172411254829,0.00011866282552739477,1280,0.00522317292459695,0.000153854639394,1280
21,4,0.005122404788077434,7.026618366281466e-06,1280,0.014467303522754516,0.0004484268360883833,1280,0.00388892292135285,0.00011600330410549582,1280
21,5,0.0035700048815953665,4.897126044029326e-06,1280,0.018592774807530018,0.0005681820961237834,1280,0.002552489530595833,7.953925190409367e-05,1280
21,6,0.014554859571414098,1.9965513799000134e-05,1280,0.004714692737820716,0.000145167797591563,1280,0.015094305632222367,0.00046270272902393335,1280
21,7,0.0005972162699947333,8.192267070456354e-07,1280,0.0041548977252905675,0.0001276690138612264,1280,0.0016807496206561832,5.1695044133946246e-05,1280
21,8,0.0008892955621130335,1.219884173328089e-06,1280,0.0015199446573413667,4.7072854251197414e-05,1280,0.013222814599250348,0.0004210481966029,1280
21,9,0.0006122664917450499,8.398717287367768e-07,1280,0.00022860251986939997,7.106006537718641e-06,1280,0.013502105530809118,0.000409832346206,1280
21,10,0.00023261842848393334,3.19092494442434e-07,1280,0.0008568742474299833,2.5554239994625996e-05,1280,0.0019063846541531998,5.758666470905468e-05,1280
21,11,0.0006157841857282666,8.446971002095413e-07,1280,0.00053604051030355,1.670404150617283e-05,1280,0.029640194446604498,0.0009430601207338667,1280
21,12,0.00072851840590475,9.993393771412708e-07,1280,0.0006808204218391499,2.0801482185433633e-05,1280,0.03538439504882256,0.0011228312098052833,1280
21,13,0.0006157810324509167,8.446927740959637e-07,1280,0.0117010188034593,0.00036213739858973333,1280,0.0013982168909975666,4.250683573468316e-05,1280
21,14,0.0017807399611200001,2.442715998785865e-06,1280,0.0188840304216076,0.0005838960463837833,1280,0.003194282463610367,9.676245062641973e-05,1280
21,15,0.0023794464411631667,3.2639868957790234e-06,1280,0.0004430907540774333,1.3485486603982604e-05,1280,0.028673008954532,0.0009113624726740668,1280
21,16,0.0050536667431136,6.932327487177137e-06,1280,0.0003131159403686,9.517002758934693e-06,1280,0.008125769962380932,0.00025184095327309997,1280
21,17,0.0029708503602231,4.075240550417236e-06,1280,0.00458519983053895,0.00014166712324496867,1280,0.008098529218898382,0.00024632516463501665,1280
21,18,0.0036622482631021667,5.023660159159231e-06,1280,0.004321655280340467,0.00013426594097151856,1280,0.01518221583019865,0.0004757743944929667,1280
21,19,0.00081571355920805,1.118948639782652e-06,1280,0.0013497093785588,4.209262901879821e-05,1280,0.013515345343345517,0.00041224290033883333,1280
21,20,0.0014743441159670333,2.0224199139889584e-06,1280,0.0002251960871740833,6.948455855250793e-06,1280,0.03606181424083838,0.0011509776302013168,1280
21,21,0.00072469870528375,9.940997336388483e-07,1280,0.0067916185172786,0.0002121204682092167,1280,0.006440043106825467,0.0001922082075449,1280
21,22,0.0011876990108939834,1.6292167508213824e-06,1280,0.013396135190873732,0.00041085221013628334,1280,0.012348010628026347,0.00038769172250648336,1280
21,23,0.004402907805380533,6.039654059552541e-06,1280,0.0019133689980416167,5.8822510410720674e-05,1280,0.01376164128316755,0.00042171656577578336,1280
21,24,0.002010461935782317,2.7578353019770967e-06,1280,0.01247706319122695,0.00038704290164848335,1280,0.0006376232892683667,1.8855922661514812e-05,1280
21,25,0.0015362725161622334,2.107369708470036e-06,1280,0.021528026660765382,0.0006669101829996,1280,0.0009568851393902834,2.878353366868545e-05,1280
21,26,0.0004924186183098168,6.754713550080153e-07,1280,0.007239855136939782,0.00022770095098571667,1280,0.012280562007977834,0.0003845946781408,1280
21,27,0.00107138656540915,1.4696660732849605e-06,1280,0.009780250455113016,0.0003012480312805834,1280,0.008789861178305084,0.00027445026539556666,1280
22,0,0.0007848142021818333,1.076562694154682e-06,1280,0.0018376046842973166,5.487621190602051e-05,1280,0.0023201109866021665,7.120953275747655e-05,1280
22,1,0.0007187762076495166,9.859755950458347e-07,1280,0.006218731711044217,0.00019114411344453333,1280,0.0004448847418328167,1.3501751549273877e-05,1280
22,2,0.0012546853232890166,1.7211046954016824e-06,1280,0.0005599596605006167,1.6934589009416173e-05,1280,0.0031511314595036,9.46882711111e-05,1280
22,3,0.0007412283933068501,1.0167742034833643e-06,1280,0.0015093362121044501,4.540650088086471e-05,1280,0.0005920883869266167,1.720475073975925e-05,1280
22,4,0.0002085480302295,2.8607411534112634e-07,1280,0.0022049257006125835,6.784168424934181e-05,1280,0.0002012185922383,6.1392458199392595e-06,1280
22,5,0.0006877788967281999,9.434552744951811e-07,1280,0.0008813215116655167,2.7405186545266524e-05,1280,0.00037290974451840005,1.0925628256477178e-05,1280
22,6,0.00042261835235985005,5.797233914466341e-07,1280,0.0007178605932432833,2.201905772268673e-05,1280,0.00059743443483495,1.8188368464683535e-05,1280
22,7,0.0011779804074667666,1.6158853310173592e-06,1280,0.016218081647139084,0.00050358390238045,1280,0.0012301489749545998,3.739734178715102e-05,1280
22,8,0.0013081092494099335,1.7943885449356496e-06,1280,0.005590711771067884,0.00017305637167530112,1280,0.004227958300646084,0.000126221535030527,1280
22,9,0.0013674176784140002,1.8757444146831262e-06,1280,0.00489418930292605,0.00015098802723858442,1280,0.004525189104905684,0.0001367311605255,1280
22,10,0.00030244393014668337,4.1487507580474154e-07,1280,0.008078551167083434,0.0002524345385843,1280,0.004844943007507616,0.00014778879004483653,1280
22,11,0.00041393024884796666,5.678055546104671e-07,1280,0.003660483405487433,0.00011446036095574,1280,0.004297281839844367,0.00012752096689064998,1280
22,12,0.0007505273616482667,1.0295299883427561e-06,1280,0.004493609257072683,0.00013889712781751568,1280,0.00321434760485785,9.569477626182855e-05,1280
22,13,0.0018917379413636332,2.5949765997487022e-06,1280,0.025444202783167637,0.0007860572851318834,1280,0.0011405330872757,3.366886904327312e-05,1280
22,14,0.0004300022752942833,5.898522293704654e-07,1280,0.0014708036421542667,4.5302683538697534e-05,1280,0.003187369135882017,0.00010079444061305509,1280
22,15,0.001971807887916967,2.704811917389054e-06,1280,0.017281885869275915,0.0005363719907385166,1280,0.0002564559726808667,7.3686792579566685e-06,1280
22,16,0.0020415308988314166,2.800453908877621e-06,1280,0.0033175208380479006,0.00010573703142632318,1280,0.0071680526641746505,0.00022611758769784998,1280
22,17,0.0016511836032529835,2.2649980844984536e-06,1280,0.011196783041365616,0.00034384431497843336,1280,0.00029237823969665,8.702342386215344e-06,1280
22,18,0.0009459377216339834,1.2975826085249932e-06,1280,0.012932714021739332,0.00040230581000899997,1280,0.003886258748418417,0.00011727930498259178,1280
22,19,0.0008125550250864165,1.1146159470359733e-06,1280,0.0037277856557503663,0.00011488516900486538,1280,0.0009343895315012165,2.8658276003110106e-05,1280
22,20,0.0007722369404466167,1.059309931646297e-06,1280,0.00244220789908425,7.539961009317784e-05,1280,0.0070283772954363504,0.00021906761793577065,1280
22,21,0.0006951497591967333,9.535661992981018e-07,1280,0.004424674181251417,0.00013538827180835288,1280,0.010340808714772666,0.00032400408893998333,1280
22,22,0.0002480721759200333,3.4029105067296967e-07,1280,0.003633652518809967,0.00011247335593381537,1280,0.00011756876990143333,3.4544384143163818e-06,1280
22,23,0.0015991551855070332,2.193628512173239e-06,1280,0.003728694084003283,0.0001153640279480168,1280,0.0049585431466614835,0.00014860570639481667,1280
22,24,0.001360721184451967,1.8665585545840576e-06,1280,0.010279575126408683,0.00031767118156915,1280,0.00126088476877815,3.782145938926717e-05,1280
22,25,0.0015037053651146,2.0626959745950345e-06,1280,0.023189268514518763,0.0007135684829485334,1280,0.00327473359580205,0.00010113674148558303,1280
22,26,0.0005786681916835334,7.937835281705309e-07,1280,0.013891355294068318,0.00042818724194771665,1280,0.0010981348517020001,3.276610267094471e-05,1280
22,27,0.0017165506565959,2.3546648166880046e-06,1280,0.015857910296669265,0.0004885555079955166,1280,0.0016954222984773835,5.05098559360484e-05,1280
23,0,0.003215300712317483,4.410563387924396e-06,1280,0.024728133070576985,0.0007639162908668834,1280,0.0021527262095682835,6.329350120029842e-05,1280
23,1,0.0023927016899752004,3.2821696717521935e-06,1280,0.015536382666330886,0.00047510611906799997,1280,0.003207539466046633,9.716519025865309e-05,1280
23,2,0.001986736303251683,2.725289853469648e-06,1280,0.014216467653000067,0.00043386631156345,1280,0.004842206443650267,0.00014938154985114421,1280
23,3,0.0013021760204073168,1.7862496808555665e-06,1280,0.0057980505382506835,0.0001759371063311,1280,0.0011373995982826499,3.444025077321602e-05,1280
23,4,0.0007930186891916168,1.087817133117665e-06,1280,0.003947607750688966,0.00012188159177854803,1280,0.0002698302287509,8.073232943312433e-06,1280
23,5,0.0011942216284310501,1.6381640979910416e-06,1280,0.013096317985097465,0.0004056140345645,1280,0.0009006635156035833,2.726413249187302e-05,1280
23,6,0.0035800922959101996,4.9109633647317795e-06,1280,0.018106539585005483,0.0005571923072080501,1280,0.0010780821174079334,3.180542705701799e-05,1280
23,7,0.002509754842985,3.442736409519973e-06,1280,0.0009056591418356833,2.7277267887625595e-05,1280,0.0031646883702572833,9.799018022993939e-05,1280
23,8,0.004124555771085117,5.657826845180634e-06,1280,0.0042978996458865335,0.00013305221610104788,1280,0.0036251822674746668,0.00011033966298393553,1280
23,9,0.0024189176737839,3.3181312436361687e-06,1280,0.0021026019738219835,6.497031060290204e-05,1280,0.00159686253386815,4.8882146835196654e-05,1280
23,10,0.0022720568776434997,3.116676100839722e-06,1280,0.00011130133679886896,3.378788800218058e-06,1280,0.011625989501377816,0.00035951544714245,1280
23,11,0.0019515922965353501,2.6770813354970503e-06,1280,0.008541498668118134,0.00026067104135055,1280,0.0033588022908095667,0.00010387767198139451,1280
23,12,0.0007102662661655667,9.743021467029426e-07,1280,0.0030139031718807996,9.248933471811502e-05,1280,0.0012831287349754333,3.911528748430417e-05,1280
23,13,0.0008249941151773833,1.131679171440988e-06,1280,0.0028615231858139666,8.776101167863599e-05,1280,0.0022728894970924,6.932717773455721e-05,1280
23,14,0.000940809718313,1.290548309211148e-06,1280,0.0017675467133386167,5.3953636730927346e-05,1280,0.0033141060995186492,0.00010370755090682457,1280
23,15,0.0021181572837936334,2.9055655482758402e-06,1280,0.007668089845035748,0.00023822565680823335,1280,0.00519168553432785,0.00016261503254545915,1280
23,16,0.00255960719905105,3.5111209865490724e-06,1280,0.00116594904220805,3.5757435363261335e-05,1280,0.007677172700728816,0.00023061906092749997,1280
23,17,0.004614812656105451,6.330332854158581e-06,1280,0.0018443676228893167,5.6251745610904257e-05,1280,0.006111481408424851,0.00018485481070389998,1280
23,18,0.0010532952413673333,1.444849437234007e-06,1280,0.009815183312298316,0.00030369646843761666,1280,0.00254134921724845,7.800147124638333e-05,1280
23,19,0.0014639948602829167,2.0082234039375236e-06,1280,0.0044353181014476,0.0001370646787767171,1280,0.0009421522488915834,2.911034683562852e-05,1280
23,20,0.0074705608006979335,1.024768286510327e-05,1280,0.004859418506820566,0.00015146744085505815,1280,0.0022294284778088666,6.895412892624075e-05,1280
23,21,0.0014550047304145335,1.9958912640387783e-06,1280,0.0005995741792000666,1.834570380633907e-05,1280,0.011369407696899184,0.00035227400908418335,1280
23,22,0.0022143577021058835,3.0375277167139377e-06,1280,0.0005763155177227001,1.778083306771284e-05,1280,0.04206986780369935,0.0013294867514273333,1280
23,23,0.00083521222596985,1.1456957857076625e-06,1280,0.0019627035064679497,6.2968168705072e-05,1280,0.012079336672419033,0.0003806448704599666,1280
23,24,0.0010136306528718832,1.3904398533136598e-06,1280,0.0012760673783465167,3.970713912048359e-05,1280,0.010482255024233616,0.00031782133637074997,1280
23,25,0.003133393423468017,4.298207715722029e-06,1280,0.004393094109047917,0.0001361204482412461,1280,0.012380459046577566,0.0003787868362810167,1280
23,26,0.0009696270142711168,1.3300782088187775e-06,1280,0.0028124824780395995,8.836756637083522e-05,1280,0.012213700403966216,0.0003740192564557,1280
23,27,0.0018695285988030166,2.564511108502348e-06,1280,0.0005683645303152834,1.74567661237017e-05,1280,0.02249740803449635,0.0007083687585667167,1280
24,0,0.004066572599498333,5.578288888859744e-06,1280,0.0031958810669531165,9.912307574257234e-05,1280,0.008537443990689968,0.00025910711936095,1280
24,1,0.0016804400096835,2.3051303307085095e-06,1280,0.00016721275362795095,5.208351082136922e-06,1280,0.01564607786254625,0.00048287341527635,1280
24,2,0.0019497672105140834,2.674577795895005e-06,1280,0.0010669530526972333,3.2744510883695364e-05,1280,0.012152141693149968,0.00037232734210905,1280
24,3,0.00194764514859235,2.6716668696004724e-06,1280,0.0003621858001476333,1.1183874328954402e-05,1280,0.011202871381252968,0.00033870332505636663,1280
24,4,0.0004801657572788333,6.586635904889544e-07,1280,0.00027259031848453336,8.5653810990687e-06,1280,0.007228479241575734,0.00021729674696971665,1280
24,5,0.0012240979237389666,1.67914667253156e-06,1280,0.0005121977393400334,1.603205750398742e-05,1280,0.011455661539874469,0.0003514062834099666,1280
24,6,0.0007464868009444334,1.0239873816828063e-06,1280,0.0008069479612609999,2.5332028598055074e-05,1280,0.010276682598487184,0.00031175047959825,1280
24,7,0.0005277783930565667,7.239758489024801e-07,1280,0.0012445906397863,3.937754253153519e-05,1280,0.04881268769592372,0.0015818946969817001,1280
24,8,0.00043553720884873334,5.974447301381362e-07,1280,0.00048787837539043333,1.4864936956328562e-05,1280,0.00306883799739425,9.4289196045245e-05,1280
24,9,0.0007563987505012833,1.0375840201860094e-06,1280,0.0003107360674239333,9.708676810098616e-06,1280,0.002746539163335117,8.301536102036314e-05,1280
24,10,0.00045340887133345003,6.219600422343154e-07,1280,0.00027702320101490003,8.47258169559747e-06,1280,0.0012536941444581833,3.705962822824621e-05,1280
24,11,0.0008566518050656167,1.1751053578250726e-06,1280,0.0004211595875010167,1.286721166122272e-05,1280,0.003955441184719583,0.0001188000856534796,1280
24,12,0.00169336702445355,2.322862860861054e-06,1280,0.0004818600542233666,1.4953084506262362e-05,1280,0.005556850528383418,0.00016920762509556667,1280
24,13,0.0002923471151099,4.010248494030512e-07,1280,0.00043899011592898337,1.3618842050416627e-05,1280,0.0094582066921399,0.00029629845759905003,1280
24,14,0.0006369005883387333,8.736633574412915e-07,1280,0.011326559808973432,0.0003509602747345333,1280,0.005035793395412183,0.00015269053304591888,1280
24,15,0.0011681972525110001,1.6024653662720639e-06,1280,0.009434424361150634,0.0002941441903749333,1280,0.007887806630814417,0.0002364842561677333,1280
24,16,0.0007906001757049167,1.0844995528287733e-06,1280,0.006230003111284017,0.0001962735530229179,1280,0.010052921247734,0.0003079070102852167,1280
24,17,0.0007080585171064667,9.712736860052115e-07,1280,0.01261943956967565,0.0003903249145993833,1280,0.0036435574636991333,0.00011109223444151328,1280
24,18,0.0038880932396807,5.333461238940865e-06,1280,0.0024971495257659166,7.626294130213054e-05,1280,0.010688529593323866,0.0003235631442251,1280
24,19,0.0006539503471251835,8.970512330192665e-07,1280,0.012263628088324617,0.0003806756116660334,1280,0.0019477433599110999,5.841415735692116e-05,1280
24,20,0.00032934201538141667,4.5177231278987405e-07,1280,0.0017038501571396169,5.3018270767021813e-05,1280,0.013886424757477733,0.00042925509529361666,1280
24,21,0.0028655999350916833,3.930864114286209e-06,1280,0.010165184475151016,0.00031004161543580003,1280,0.0004468241871778667,1.371778603594514e-05,1280
24,22,0.0009979820265304667,1.3689739726431328e-06,1280,0.0008065964559259499,2.454426259572949e-05,1280,0.0021272641435861337,6.445540721604591e-05,1280
24,23,0.0011255552873663168,1.5439715865345784e-06,1280,0.0071591898258512665,0.00022100403605566669,1280,0.0013057627792202166,3.9446705528394084e-05,1280
24,24,0.0026089875256426497,3.5788580567316006e-06,1280,0.003978049241311467,0.0001219895273712417,1280,0.005759904964861533,0.00017469241245725002,1280
24,25,0.0019394593083935001,2.6604380072179842e-06,1280,0.003843822194350283,0.00011646556262381999,1280,0.0009430144231666833,2.859913249363985e-05,1280
24,26,0.0008988639602555999,1.2330095496884213e-06,1280,0.012173671047965634,0.0003777449491602,1280,0.0009065548090276334,2.769477772798056e-05,1280
24,27,0.0018627349697860334,2.555192006416414e-06,1280,0.00623165752277065,0.00019119979655541665,1280,0.004546986825099884,0.00014086611949791885,1280
25,0,0.0004870155088217,6.680596829993026e-07,1280,0.00125392735633055,3.9094886422235894e-05,1280,0.003073499065313417,9.206300369557368e-05,1280
25,1,0.00047472956071928336,6.512065310207694e-07,1280,0.0007794833182661834,2.4306641115141858e-05,1280,0.00693634905189805,0.0002099170684213333,1280
25,2,0.0007706192112059833,1.0570908237288728e-06,1280,0.00018518811224996668,5.722330850057237e-06,1280,0.00458050175567825,0.00013832247549115,1280
25,3,0.0006986402297972832,9.58354225294654e-07,1280,0.0010249163179143833,3.128806957215097e-05,1280,0.012905600106629785,0.00038978522244066666,1280
25,4,0.0022030123645701,3.021964831929237e-06,1280,0.0006762275623207166,2.058464615630612e-05,1280,0.015248877776154251,0.0004717442275114666,1280
25,5,0.0003873947866092,5.314057427124983e-07,1280,0.0010005024561400666,3.128452879262606e-05,1280,0.004595326805940617,0.00013797378879956668,1280
25,6,0.00043378314882083335,5.950386133024508e-07,1280,0.0003172280318205333,9.95834425378883e-06,1280,0.010188759882510065,0.00031060539385175,1280
25,7,0.0011934799657542668,1.6371467313096907e-06,1280,0.008961650373104549,0.00027405701795836664,1280,0.0052737341570979,0.00016304631951359998,1280
25,8,0.0013282668546375834,1.8220395813938193e-06,1280,0.018467213786872532,0.00057355399020245,1280,0.0008691652448267333,2.5940237788081376e-05,1280
25,9,0.0009958650902153333,1.366070084953145e-06,1280,0.0080392901217057,0.00024775342679298336,1280,0.00043709936977855,1.3261558762574926e-05,1280
25,10,0.0013196668541770667,1.8102425969829597e-06,1280,0.008786179033298399,0.00027000438798503333,1280,0.004029975442435284,0.00012593914219303693,1280
25,11,0.00102936342707945,1.4120211631068272e-06,1280,0.006521989698020001,0.00020026332627365,1280,0.005972629203715916,0.00018763444334179147,1280
25,12,0.0011921050031914833,1.6352606343472686e-06,1280,0.007612364317859934,0.00023193940696729996,1280,0.0009005610333189832,2.7841708963414688e-05,1280
25,13,0.0014450623415076665,1.9822528670371147e-06,1280,0.003477232111606533,0.0001065897959331999,1280,0.0035783684533612,0.00011170187207319622,1280
25,14,0.0008442158323825833,1.158046408984105e-06,1280,0.0002901169314866333,9.101243118270815e-06,1280,0.005541001331475033,0.00016723947583069997,1280
25,15,0.0015194878664743167,2.0843454929990804e-06,1280,0.0011183023944998833,3.514046700351751e-05,1280,0.016449199187377368,0.0005152283126764,1280
25,16,0.0015730310682731334,2.1577929619912353e-06,1280,0.0008428707236316832,2.6837781126501196e-05,1280,0.009250941875279717,0.0002837668416653,1280
25,17,0.00075880856833755,1.0408896699007238e-06,1280,0.0037611556299594327,0.00011750425029942502,1280,0.010467253724679349,0.0003218805948225,1280
25,18,0.0011339765534708834,1.5555233912080402e-06,1280,0.00021036235741636665,6.5327769684780474e-06,1280,0.007270766765164616,0.00022276909670120002,1280
25,19,0.0012014139700700333,1.6480301356751417e-06,1280,0.0003227992865432667,1.001176666962783e-05,1280,0.011085268673923532,0.00034144017239905,1280
25,20,0.002674283357597033,3.6684271032972476e-06,1280,0.002225236193207,6.843912617335417e-05,1280,0.006414817722145416,0.00019758912219145,1280
25,21,0.0011869665068075666,1.6282119433535386e-06,1280,0.00047332565912223344,1.4559787787860623e-05,1280,0.00267794051950425,8.020050542348208e-05,1280
25,22,0.0015975387564613169,2.1914111842735804e-06,1280,0.00080045089369675,2.3889937410185094e-05,1280,0.004098398089259533,0.00012441257451717677,1280
25,23,0.0009174906739109001,1.258560596326497e-06,1280,0.014957925761109386,0.00046019490990891664,1280,0.0008516761162932167,2.5544275565197425e-05,1280
25,24,0.0060856047038176,8.347880262603533e-06,1280,0.0106835217737284,0.000329520965891,1280,0.012050506348714365,0.00038125764079074997,1280
25,25,0.0019352191487910667,2.6546215963918454e-06,1280,0.019834039493275616,0.0006072514694124833,1280,0.0034872729152084,0.00010668933411600366,1280
25,26,0.003171621263334083,4.350646451674785e-06,1280,0.0017904507847958332,5.508011518942646e-05,1280,0.006467483401327884,0.00019625167225435,1280
25,27,0.00076030890274595,1.0429477405618098e-06,1280,0.00033607860170071667,1.0275977584007218e-05,1280,0.002607373923417767,8.001645037842894e-05,1280
26,0,0.0020626835561993167,2.829469899422813e-06,1280,0.017001211828187417,0.0005221867707730167,1280,0.0012180708537598668,3.697883304292169e-05,1280
26,1,0.0010827474785485836,1.485250311087467e-06,1280,0.01240400565959965,0.0003809508172958667,1280,0.0013605933003830336,4.1885494731623334e-05,1280
26,2,0.0011237986379673166,1.5415619175271345e-06,1280,0.014900061383855199,0.00045831507287264996,1280,0.0005852499839538501,1.7508540920624833e-05,1280
26,3,0.0009915358153922333,1.3601314353573358e-06,1280,0.010971531312501717,0.0003367648868710667,1280,0.0007187755960332666,2.1870048288915044e-05,1280
26,4,0.0007936125024769501,1.0886316919193316e-06,1280,0.008963846038236934,0.0002758022136598833,1280,0.0070288476357139,0.00022202073761178759,1280
26,5,0.0004097880761868167,5.621235608332944e-07,1280,0.0033079830935965164,0.00010182442162040015,1280,0.0005680308337296167,1.7452785300663593e-05,1280
26,6,0.0006000607382882166,8.231285858603906e-07,1280,0.006015582748053284,0.00018369646808348333,1280,0.0005130428440835499,1.553044484146141e-05,1280
26,7,0.004629438577360566,6.350395858642326e-06,1280,0.010419664163957001,0.0003215790471102,1280,0.006751056832664834,0.0002059766817768,1280
26,8,0.012570623042336101,1.7243653035263788e-05,1280,0.0008147531492307333,2.421359918295842e-05,1280,0.01635898486021382,0.0004989426718566167,1280
26,9,0.0040604285062641335,5.569860783818835e-06,1280,0.00518727770469235,0.00015983587013253782,1280,0.0019188526226229664,5.9232014835861047e-05,1280
26,10,0.0016501951798061833,2.2636422217376293e-06,1280,0.0011793001570054834,3.605667446668348e-05,1280,0.006770974401073649,0.00020940493138310001,1280
26,11,0.0044726881896081675,6.135374753718137e-06,1280,0.0010277434210798665,3.142761580370024e-05,1280,0.0090814372785151,0.00027130504633989997,1280
26,12,0.0024359198337671997,3.341453827037169e-06,1280,0.002011499325438566,6.252925302136873e-05,1280,0.17640538573694656,0.005707349689844867,1280
26,13,0.0012095035352596,1.6591269350431255e-06,1280,0.0025818654289650497,7.951560659786229e-05,1280,0.019340717617192568,0.0006119112021747334,1280
26,14,0.0011492278738528833,1.5764442743076864e-06,1280,0.006523875902246283,0.00020066984249469998,1280,0.003968389866950333,0.0001236173049255484,1280
26,15,0.0006545045017436667,8.978113893719162e-07,1280,0.0038175504604585336,0.00011652574520350257,1280,0.0020114814577235334,6.126311366056829e-05,1280
26,16,0.0003965768836054334,5.440012127429144e-07,1280,0.0029040476607727667,8.950242765200379e-05,1280,0.0052380201388094,0.00016485206007454294,1280
26,17,0.0015206510342029664,2.0859410663764955e-06,1280,0.017007612991543835,0.0005205338215308833,1280,0.0012303257635141,3.652055142081464e-05,1280
26,18,0.0008380611772124835,1.1496038121181287e-06,1280,0.009699038985786433,0.00030006599906041667,1280,0.0012878809730120168,4.026201719626044e-05,1280
26,19,0.0009084591127906166,1.2461716241742489e-06,1280,0.0107718873793866,0.0003295465886999167,1280,0.0004469392724696833,1.3534965768463117e-05,1280
26,20,0.0011867581210840666,1.6279260929461029e-06,1280,0.0014045101355956,4.359502149525509e-05,1280,0.004480736829255683,0.00013514369660211627,1280
26,21,0.0019718692330551,2.704896073120582e-06,1280,0.0027393477107579664,8.377786342052608e-05,1280,0.007068312417914016,0.0002158946304895,1280
26,22,0.0019649280697914334,2.6953745831983403e-06,1280,0.0005973220438661333,1.8471879809975247e-05,1280,0.018017089239265215,0.0005580602964716833,1280
26,23,0.0017684311023344502,2.425831419491757e-06,1280,0.009275083704001916,0.0002894393179160667,1280,0.006491593873211784,0.00019412521295136668,1280
26,24,0.0012652730336455001,1.7356283050036925e-06,1280,0.007545777835844067,0.00023336581603996666,1280,0.0033767333621549504,0.00010171021527240789,1280
26,25,0.0019804881815114,2.716719045878152e-06,1280,0.010776031126662566,0.0003352549246362667,1280,0.00271937809018155,8.244114469847489e-05,1280
26,26,0.0008102378575808167,1.1114373901511399e-06,1280,0.0019683215777584833,6.13389215210781e-05,1280,0.005646141558789417,0.00016967221201346665,1280
26,27,0.0022291094053533,3.057763245402819e-06,1280,0.00076076014451345,2.3378696815119608e-05,1280,0.0051659702324305,0.0001566195598890753,1280
27,0,0.0,0.0,1280,0.00484471602481065,0.00014826851600748334,1280,0.00373002997392285,0.00011237167687429233,1280
27,1,0.0,0.0,1280,0.007241226649493099,0.00021966907725133331,1280,0.004629758748942866,0.00014199261884928127,1280
27,2,0.0,0.0,1280,0.009815595269136149,0.00029841063532223334,1280,0.005959408494220434,0.00018627955749856028,1280
27,3,0.0,0.0,1280,0.012085824037209566,0.0003711507107182,1280,0.0006737926123794668,2.0437489465407927e-05,1280
27,4,0.0,0.0,1280,0.009355232679922635,0.0002899522632126,1280,0.00048642023780699994,1.4636519053731872e-05,1280
27,5,0.0,0.0,1280,0.01008635128063885,0.0003099767022874833,1280,0.0009971915881218333,3.0139234590990938e-05,1280
27,6,0.0,0.0,1280,0.003821299114690616,0.00011639443276885524,1280,0.0025803019807189333,7.974616281502232e-05,1280
27,7,0.0,0.0,1280,0.006380413248465434,0.00019882492085460002,1280,0.016765808032725184,0.0005137402638811167,1280
27,8,0.0,0.0,1280,0.0015350102286077498,4.738326740155845e-05,1280,0.013156579498324035,0.0004028178120959833,1280
27,9,0.0,0.0,1280,0.00468857839954725,0.0001447813453732073,1280,0.022889954876783702,0.0007031724217203334,1280
27,10,0.0,0.0,1280,0.006230844883071784,0.00019235679613723334,1280,0.07613491052219003,0.0023751958436505336,1280
27,11,0.0,0.0,1280,0.003662050505975284,0.00011332989848406104,1280,0.029607456180201497,0.0009184574844922832,1280
27,12,0.0,0.0,1280,0.006069976227945,0.0001869049710965,1280,0.024653693626987595,0.0007506493215150501,1280
27,13,0.0,0.0,1280,0.008340784531333299,0.00025933177596965,1280,0.08346690642641376,0.0026019889843579,1280
27,14,0.0,0.0,1280,0.009610809397808348,0.00029416939560905,1280,0.0007889822169720168,2.3799610931070907e-05,1280
27,15,0.0,0.0,1280,0.004766598572710216,0.0001464969641430074,1280,0.0007306315708982166,2.205656616006621e-05,1280
27,16,0.0,0.0,1280,0.007773520607315666,0.00023613421251681666,1280,0.0017057540003548501,5.286643614677936e-05,1280
27,17,0.0,0.0,1280,0.008972867580344683,0.0002783731812836667,1280,0.0012899940790423168,3.8966360845804855e-05,1280
27,18,0.0,0.0,1280,0.007005039244456584,0.00021319498094321665,1280,0.0012252355481762835,3.669016148638918e-05,1280
27,19,0.0,0.0,1280,0.010527948100540583,0.00032195160633938333,1280,0.0023923533096520833,7.296215704599707e-05,1280
27,20,0.0,0.0,1280,0.006446110157961917,0.00019670787809488333,1280,0.006354121792952534,0.00020002889920975724,1280
27,21,0.0,0.0,1280,0.012518543237338933,0.00039152693499348336,1280,0.00320365277051825,9.92814891048577e-05,1280
27,22,0.0,0.0,1280,0.016622930816197333,0.0005176897876263,1280,0.003241210138166133,0.00010076456515994558,1280
27,23,0.0,0.0,1280,0.021070606503409733,0.0006555215212858666,1280,0.00258665387714525,7.992890543674472e-05,1280
27,24,0.0,0.0,1280,0.026740941087533988,0.0008349126143454667,1280,0.001899255652354183,5.7826075945880774e-05,1280
27,25,0.0,0.0,1280,0.007194629741500517,0.00022584341984622431,1280,0.00613027768487005,0.0001869251423003167,1280
27,26,0.0,0.0,1280,0.009814775633003533,0.0003071663304372834,1280,0.010231887753339617,0.0003144817784664,1280
27,27,0.0,0.0,1280,0.01054177345780255,0.0003288705702050833,1280,0.002595859744549917,7.929355788746866e-05,1280
