layer,head,taylor_v2v_abs_mean,taylor_v2v_abs_mean_pq,taylor_v2v_count,taylor_t2v_abs_mean,taylor_t2v_abs_mean_pq,taylor_t2v_count,taylor_t2t_abs_mean,taylor_t2t_abs_mean_pq,taylor_t2t_count
0,0,0.0006635429096291333,9.102097541217896e-07,768,0.004006791221267833,0.00021280260876323332,768,0.010424838131236167,0.0005793332273021667,768
0,1,0.000586293927526,8.04244071892698e-07,768,0.0023192419973937332,0.00012620374444963334,768,0.005060150135542767,0.00027235081853683334,768
0,2,0.0006736181490583333,9.240303836500252e-07,768,0.0025018393434140668,0.00013536442514296666,768,0.006882601444530033,0.00035202832500463334,768
0,3,0.0014197964289162333,1.9475945490446452e-06,768,0.004900547198949634,0.0002643922363235333,768,0.030089606575542605,0.0015894093337901667,768
0,4,0.0006933261945985002,9.510647412767412e-07,768,0.0034844585261612666,0.00019282172820103333,768,0.0028850262760679673,0.00015507642686953332,768
0,5,0.0007617396806084,1.0449103966048855e-06,768,0.0018489746090703332,9.94319085636976e-05,768,0.006726450059882201,0.0003510230564353,768
0,6,0.0009544986869556666,1.3093260476343502e-06,768,0.0010024645290022665,5.470914821131909e-05,768,0.022586148863491962,0.0011999886118789,768
0,7,0.0007435679433292667,1.0199834611464317e-06,768,0.0014255830209317668,7.779773499367222e-05,768,0.022934309625340068,0.0012297331435285666,768
0,8,0.0006232537546838999,8.549434232596687e-07,768,0.0014321250654567,7.779920745187505e-05,768,0.0033911940265383,0.00017960643433763334,768
0,9,0.0005481290487088001,7.518917005880857e-07,768,0.0012850073128174,7.07188686820577e-05,768,0.0032588147453771997,0.00017295640868486667,768
0,10,0.0014382920100479667,1.972965720033894e-06,768,0.0022846611393522,0.00012214927522584897,768,0.03627001498851587,0.0019224731025469666,768
0,11,0.0005988257751639334,8.214345335006858e-07,768,0.0013780253539007333,7.58438624617631e-05,768,0.007723319363046567,0.0003961967625501,768
0,12,0.0005849841903870667,8.024474485018931e-07,768,0.0016691244425529998,8.933072238747411e-05,768,0.004761104225616466,0.0002538769216972,768
0,13,0.00046799773747266665,6.419722077461958e-07,768,0.0014193519458760666,7.725933270074682e-05,768,0.0029733498121419003,0.00015818602019073333,768
0,14,0.0030676880773723,4.208076918211589e-06,768,0.021934077673522567,0.0011747908098384333,768,0.0041636763611419,0.0002105981063881,768
0,15,0.0034472789686498004,4.728777732959531e-06,768,0.006312214493348932,0.0003508891025007666,768,0.03665312074629643,0.0019796189023268,768
0,16,0.0038312248921972335,5.255452532333309e-06,768,0.010328503310536634,0.0005573145027006001,768,0.022763692783069698,0.0012004458593793666,768
0,17,0.0032195596993347332,4.416405621798661e-06,768,0.013079781556994468,0.0007116246088317999,768,0.0138808981413346,0.0007246183988715,768
0,18,0.0033529986013057663,4.599449382223081e-06,768,0.017086529897478334,0.0009219459616158334,768,0.009175152960618,0.0004755263548390667,768
0,19,0.0043136799384526,5.917256447254993e-06,768,0.022782808631180335,0.0012177761866200001,768,0.006423363495808666,0.0003279472013338333,768
0,20,0.0029902833700552,4.101897637051018e-06,768,0.010016675019055066,0.0005469024703015333,768,0.015135236536584233,0.0007891081480326332,768
0,21,0.001943437895325,2.665895598742617e-06,768,0.0035587261779475997,0.0001951011936677,768,0.015403535353267233,0.0008180236441640666,768
0,22,0.0020072056669930335,2.7533685405360304e-06,768,0.008773674621139633,0.0004713058099659667,768,0.001679228813265133,8.718174318375536e-05,768
0,23,0.0029141072607814004,3.997403653143476e-06,768,0.006814238083356833,0.00037783899647423334,768,0.0111284502940674,0.0005919887681483667,768
0,24,0.0027476480988561335,3.7690646031378865e-06,768,0.006822384832257801,0.0003745348070962,768,0.009214989948636234,0.00048273985315840003,768
0,25,0.0016026384723781333,2.198406675655973e-06,768,0.008054054660386833,0.0004458729248184667,768,0.0043830540346860335,0.00022982048897803335,768
0,26,0.0028840055203852998,3.956111821255182e-06,768,0.0066446504485231,0.0003655799329847333,768,0.010353456917714533,0.0005548273177792,768
0,27,0.0016308539131230666,2.2371109905002776e-06,768,0.0069970605704494995,0.0003826742538607333,768,0.0044608962547195005,0.00023244252803266666,768
1,0,0.0014283427115505667,1.959317852462467e-06,768,0.002271595437995133,0.00012649260153323335,768,0.006134399066644566,0.00032175067862029997,768
1,1,0.0018424512511143003,2.527367974134451e-06,768,0.0043172490676236,0.00023060828703426667,768,0.0023229612156032,0.00012228271243653333,768
1,2,0.0013069802343373665,1.7928398307553364e-06,768,0.008399471682971133,0.00046429483305396665,768,0.0042982160535118665,0.00023160664760516665,768
1,3,0.0012668745260948668,1.73782513481438e-06,768,0.002504067802336867,0.0001388267761744,768,0.007205556025808967,0.00038809051713923335,768
1,4,0.0015184253732776001,2.0828880309168433e-06,768,0.0035893566151083667,0.0001993221503258,768,0.004747183602892533,0.0002459796867999,768
1,5,0.0017354004484282,2.380521889946204e-06,768,0.0034405140656611336,0.00018973543478233333,768,0.008594060091499866,0.00045377339748880005,768
1,6,0.0008189840271983001,1.12343487975555e-06,768,0.0048240903519749,0.0002624889272009,768,0.0019333082995132,0.00010156554344591043,768
1,7,0.0008365030284131666,1.1474664311655722e-06,768,0.0019484881188044,0.00010478528150223799,768,0.0041065018029152,0.00021094236996476668,768
1,8,0.003337289866332733,4.577901056294648e-06,768,0.004424090727198233,0.00023877236958653333,768,0.007919859916465601,0.0004179970645627,768
1,9,0.0011490658562047333,1.576222025489144e-06,768,0.0022734797395103333,0.00012588484549836668,768,0.0022368142260195,0.00011784592873710822,768
1,10,0.0007065903100536668,9.692596855405683e-07,768,0.00036723896991610005,2.0175219655444176e-05,768,0.014404335782728567,0.0007536252013266333,768
1,11,0.0005977397080784999,8.199447291596279e-07,768,0.0006658201798976667,3.632034765463322e-05,768,0.006887155073319333,0.0003587199597408334,768
1,12,0.0008192025200921332,1.1237345968920736e-06,768,0.00045763339705826673,2.4954052472724725e-05,768,0.003912123488989367,0.00021110549255606666,768
1,13,0.00032482427898856666,4.455751419972104e-07,768,0.010747576823192566,0.0005767591541318667,768,0.002590522063268834,0.0001347319750686,768
1,14,0.0005304313059007667,7.276149627386e-07,768,0.000914592179922,4.99659214249591e-05,768,0.0042543094265387995,0.0002214183045631333,768
1,15,0.0007025179343593332,9.636734338400712e-07,768,0.0008122059157353667,4.415612159351309e-05,768,0.008581530923862832,0.0004548986169724,768
1,16,0.000324051185385,4.4451465797232194e-07,768,0.0008795071663035,4.757545692122186e-05,768,0.0023473579541148665,0.0001254514551829,768
1,17,0.0005070958675469666,6.956047558428352e-07,768,0.0005725851209237667,3.096593194763797e-05,768,0.004904233940613034,0.00026044995820286666,768
1,18,0.0004470143762292333,6.131884446007149e-07,768,0.0013559110573808663,7.334575481975601e-05,768,0.0015383390294113333,7.76225894451073e-05,768
1,19,0.0004355305912888334,5.974356532567276e-07,768,0.0009748800208820666,5.3531151819563465e-05,768,0.004729940977019433,0.0002526536526889,768
1,20,0.0004292658676942667,5.888420664852588e-07,768,0.0007079834426353999,3.7701223592514814e-05,768,0.003765184908228067,0.00020170956805150002,768
1,21,0.0003558964555677667,4.881981545348219e-07,768,0.0009657547922386333,5.3435914812413145e-05,768,0.0030235542484078337,0.00016005931034976666,768
1,22,0.0005100169780256333,6.996117672296854e-07,768,0.0024362136206946,0.0001332618846845333,768,0.0022229882170356,0.00011264120544991409,768
1,23,0.0007736692363596666,1.061274671566434e-06,768,0.0006643502311167666,3.693361966705377e-05,768,0.0060618087513750335,0.00032235634102116664,768
1,24,0.0007124630435763,9.773155599317423e-07,768,0.0009997693621486333,5.405358385263126e-05,768,0.0029013114196736333,0.00015266959730766668,768
1,25,0.0006655229545067667,9.129258642011644e-07,768,0.0016407964965147,8.944081490952956e-05,768,0.0031006558234547336,0.00016971759252733333,768
1,26,0.0011754065975319,1.612354730832342e-06,768,0.0030703036472848667,0.00016786299551843335,768,0.0021655200276719,0.00011290937326725349,768
1,27,0.0004521241037651333,6.201976711620855e-07,768,0.0010242340575171,5.523441760421126e-05,768,0.0026440877516301664,0.00014218542273815348,768
2,0,0.0016392564476322667,2.24863710485348e-06,768,0.001330927903451867,7.396869677840038e-05,768,0.002432016049614833,0.00012593114819316358,768
2,1,0.0005296870189611334,7.265939893050909e-07,768,0.0010360463656846333,5.700909396790429e-05,768,0.0026241000646624,0.0001357294411177949,768
2,2,0.0007868543716200667,1.079361276065617e-06,768,0.0008882598225505334,4.8801893337526284e-05,768,0.004543515103765467,0.00024243659122189998,768
2,3,0.0015114760467665334,2.0733553415083934e-06,768,0.0006763281180051334,3.67019450153016e-05,768,0.004683148512237101,0.00024876947311056665,768
2,4,0.0010151493093828333,1.3925230583149525e-06,768,0.0017433937355186668,9.40760322660026e-05,768,0.0015241883579470332,8.051468277781489e-05,768
2,5,0.0009061518805998,1.2430066979684166e-06,768,0.0009504071040312333,5.1476094596976614e-05,768,0.004500959720504367,0.00024480766874486666,768
2,6,0.0012392838103732666,1.6999777850083136e-06,768,0.0009950464144557667,5.3409361733224026e-05,768,0.013544216073258668,0.0007250269311549334,768
2,7,0.0006820423294780667,9.355861855231486e-07,768,0.0011714738849842334,6.47062272941037e-05,768,0.006911600865531466,0.00035976924475306674,768
2,8,0.0006793109986137001,9.318395032907268e-07,768,0.0018234331472195,9.96634686986462e-05,768,0.004260784711308967,0.0002301693338585333,768
2,9,0.0009732733874692334,1.3350800958840363e-06,768,0.0027688520334397,0.00015067288259350002,768,0.0050440768933482,0.0002686255247325333,768
2,10,0.0008339588089208667,1.143976414916765e-06,768,0.002184402263137167,0.00011999643312533683,768,0.006818898648326966,0.00036559112573896673,768
2,11,0.0005280585333838333,7.243601275464436e-07,768,0.0013670500277285335,7.37659254754017e-05,768,0.004855333687124933,0.0002595343319104,768
2,12,0.0004913328672199999,6.73981984031035e-07,768,0.0011480779917093333,6.246472918009181e-05,768,0.008505235240927866,0.0004500303316477667,768
2,13,0.0006289215179154334,8.62718133507645e-07,768,0.001407613251807,7.552937441442087e-05,768,0.0037941347452582663,0.00020365117168750002,768
2,14,0.0010476501975660334,1.4371058927416171e-06,768,0.0024447157216336,0.00013241844546019998,768,0.0018596708321655334,9.944851665933233e-05,768
2,15,0.0008558275140963667,1.1739746412066605e-06,768,0.003939231553021667,0.00021600313355433335,768,0.0025457425717637333,0.00013220519746437838,768
2,16,0.0007874542154271332,1.080184109222416e-06,768,0.0018953447468863002,0.00010175190314640496,768,0.0031973762759991663,0.00017058760348536667,768
2,17,0.0012329476116859333,1.6912861583267696e-06,768,0.0032056888703052328,0.00017459873917236666,768,0.0025736683428237337,0.00013626154712973335,768
2,18,0.0012151984712836,1.6669389115761214e-06,768,0.003158608619214067,0.00017291000007499998,768,0.0020783894108616333,0.00011075366610723929,768
2,19,0.0018920685484910334,2.595430105341075e-06,768,0.0025963948436903334,0.00014208009647456667,768,0.0020137457618585332,0.00010646185459760419,768
2,20,0.0022456911305593335,3.0805090998946714e-06,768,0.0051848721198116,0.0002800245024587667,768,0.0020769662974787335,0.00010747315976776383,768
2,21,0.0006949887699674,9.533453613927171e-07,768,0.0016324394103647665,8.852429751038351e-05,768,0.0017982485585788,9.572102709478312e-05,768
2,22,0.0007705403951888667,1.0569827096509612e-06,768,0.0016651715163116668,9.088031146165967e-05,768,0.0015528101749895668,8.04088796323035e-05,768
2,23,0.0006161026066224,8.451338909184222e-07,768,0.0013241117586553334,7.204348013521249e-05,768,0.004238088297563566,0.00023170391907323333,768
2,24,0.0006300779367439999,8.643044403686186e-07,768,0.0013355453095904334,7.335112886205457e-05,768,0.0021884613300221,0.00011810820366783333,768
2,25,0.0005796189037409666,7.950876626646475e-07,768,0.0018236439804849333,0.00010176322315897839,768,0.003668247247098367,0.0001918412226021667,768
2,26,0.0007885646773925333,1.0817073791424294e-06,768,0.0023397236084981665,0.00012755075149243334,768,0.0023624109429709666,0.00012492026069364415,768
2,27,0.0006485804161144,8.896850701863454e-07,768,0.0016645025366020334,9.138238661377902e-05,768,0.006081950156021667,0.0003271929836115666,768
3,0,0.0021115096384856334,2.8964466887232898e-06,768,0.0019653469476984,0.00010716698786835977,768,0.0030253901355479997,0.0001629655206860667,768
3,1,0.0019079318393914332,2.617190448071309e-06,768,0.0007236729981910667,3.998697990551982e-05,768,0.008742267523683234,0.00046382807901060004,768
3,2,0.0009202041496794333,1.2622827861272989e-06,768,0.0005816854304775333,3.182365673495806e-05,768,0.007574969263760434,0.0004120191749797,768
3,3,0.0006456218345462,8.856266588331535e-07,768,0.0005274534757643,2.8997813772989323e-05,768,0.010438760991548867,0.0005608096829611333,768
3,4,0.0013827945614185999,1.8968375350835332e-06,768,0.0009926533568084667,5.531586884744503e-05,768,0.005541391395470667,0.0002930535755635,768
3,5,0.0015527823515073,2.130016935421724e-06,768,0.0008372153669266334,4.619655370068492e-05,768,0.004618531527060333,0.00025358668132279997,768
3,6,0.0010569367132552,1.4498445977413198e-06,768,0.0007450160807919667,4.1140793329269305e-05,768,0.0075188056834824,0.0003980379799164,768
3,7,0.0020142990467963335,2.7630988262652687e-06,768,0.0029027002568268664,0.00016269790035763334,768,0.0079696144403153,0.0004334138095834,768
3,8,0.0012541693296904668,1.7203968849985839e-06,768,0.003327863178918733,0.00018039352981356665,768,0.001868665994235033,9.975994598252456e-05,768
3,9,0.0014716352071761335,2.018703992129211e-06,768,0.0025116067370078332,0.00013942866990296666,768,0.004531517857104167,0.0002419621689102,768
3,10,0.0015471087618355332,2.1222342358329688e-06,768,0.0014886186869334666,8.007495554489663e-05,768,0.0078494516643455,0.0004246424631819667,768
3,11,0.0017548124555428334,2.4071501413451315e-06,768,0.0025978907291535,0.0001417310802271,768,0.0025005944746793,0.00013108338803636667,768
3,12,0.0016511018438487666,2.264885924841819e-06,768,0.004048223937968333,0.00022338736033983332,768,0.003264791963780467,0.00017719024966980003,768
3,13,0.0021869397449397667,2.9999173487983625e-06,768,0.003283417822157433,0.00017960195269906668,768,0.0048490944009113,0.0002606663187602334,768
3,14,0.0014515814926543333,1.9911954616593877e-06,768,0.0047388670520187,0.0002618234500930333,768,0.0029398196054926332,0.00015434014203919997,768
3,15,0.0009119149691606668,1.250912167522942e-06,768,0.0015712652948751335,8.595302495953906e-05,768,0.007558878471118399,0.0004116001995529333,768
3,16,0.0006552813106443,8.988769686881048e-07,768,0.0013353742856044666,7.339595240738368e-05,768,0.0017685008979092664,9.563424045548427e-05,768
3,17,0.0007405985758930666,1.0159102566567597e-06,768,0.0014573041076890332,8.017629690671459e-05,768,0.005510917743745967,0.00028443626145656663,768
3,18,0.0010107978356924667,1.3865539610573585e-06,768,0.0031658475787791998,0.00017638984442373332,768,0.0035342167912818996,0.0001894874438403,768
3,19,0.0021841995393160336,2.9961584985947203e-06,768,0.007098402841211067,0.00039710861055236666,768,0.004554660089290767,0.0002423501927567667,768
3,20,0.0016795994267335334,2.3039772695718975e-06,768,0.0019566991805993667,0.00010693440111873041,768,0.004381241554135867,0.00023106855589823333,768
3,21,0.0005796764285954666,7.951665710900414e-07,768,0.0011473623121512667,6.354556359463442e-05,768,0.00922865970381,0.0004971596492036667,768
3,22,0.0007654558592578666,1.0500080336005302e-06,768,0.0008150653443687667,4.498224465511458e-05,768,0.0041590781855897,0.00022173698316593337,768
3,23,0.0005804065875646333,7.961681604132669e-07,768,0.0008235895359145666,4.496922390708301e-05,768,0.0071500197834121,0.00038744366388400003,768
3,24,0.0014392986344234665,1.9743465442742343e-06,768,0.0008579939826971666,4.731879569533822e-05,768,0.0060076455077565675,0.0003191616938454,768
3,25,0.0008668076817733,1.1890366024481056e-06,768,0.0011536921225654333,6.339102120789485e-05,768,0.0053252017190022335,0.0002837789399420334,768
3,26,0.0007594288862614332,1.0417405834274656e-06,768,0.0007098524686154,3.933076860882094e-05,768,0.010851051551769067,0.0005786653438444,768
3,27,0.0008158341051622667,1.1191140021652298e-06,768,0.0019849289267274,0.0001078320377512408,768,0.006443421994698067,0.0003491233384257,768
4,0,0.0015284350093347665,2.0966186693243813e-06,768,0.0029008837416981,0.00015698230348976667,768,0.0006431988339535,3.2785255346549554e-05,768
4,1,0.0018699772823960001,2.565126580812211e-06,768,0.0036873208615699,0.00020000346420530002,768,0.0025585875854645334,0.0001319468895356,768
4,2,0.0007871626282135,1.0797841270455332e-06,768,0.0009235678423331334,5.0235685650884196e-05,768,0.005246918983922333,0.00027578833056159997,768
4,3,0.0004038948690384667,5.540395999950988e-07,768,0.0009568651553732667,5.286948728557122e-05,768,0.0014649962475563,8.086311519467544e-05,768
4,4,0.0017236315210842335,2.364377941740419e-06,768,0.0038030037960251665,0.00020587663463916668,768,0.0017608477243854336,9.170746558191535e-05,768
4,5,0.0026706925634834336,3.663501457085522e-06,768,0.0034871471862561,0.00019452989836166667,768,0.0024069643055476334,0.00012954255198156952,768
4,6,0.0008534449566694333,1.1707063914276194e-06,768,0.008612821345055633,0.0004788389567847333,768,0.0016109914151288668,8.71003233283632e-05,768
4,7,3.094434925086931e-05,4.244766705868726e-08,768,6.721867975164701e-05,3.6271818372371144e-06,768,3.200223763209081e-05,1.6724451445572265e-06,768
4,8,0.0018924920321277,2.5960110216730853e-06,768,0.0010148860670338667,5.624664292092305e-05,768,0.00022962104476723335,1.2307016280870635e-05,768
4,9,0.003991072019419467,5.474721564584012e-06,768,0.00424829053132,0.00023208345025146665,768,0.00046063611039810006,2.4835581699642843e-05,768
4,10,0.0001242447733119333,1.7043178773001256e-07,768,9.333874820342916e-05,5.093509134141174e-06,768,0.00014638105656476668,7.793478869756718e-06,768
4,11,0.0043847595060662325,6.01475927540955e-06,768,0.002623032152078267,0.00014276525787486666,768,0.0005656008822963,2.8891889780624975e-05,768
4,12,0.0019865953214138,2.725096452414413e-06,768,6.96014308393389e-05,3.7730904970381055e-06,768,0.0011524157553562666,6.13771014587438e-05,768
4,13,4.869384666164369e-05,6.679540048186368e-08,768,4.706215774772336e-05,2.5696402570697737e-06,768,3.912063777619194e-05,2.073787857707573e-06,768
4,14,0.0009932945213160665,1.3625439243339186e-06,768,0.0008992517899748333,4.936727992345373e-05,768,0.0055109452185438,0.0002889303262397333,768
4,15,0.00044976300513393337,6.16958854372337e-07,768,0.0008942706291560999,4.895569196659901e-05,768,0.005626628600685901,0.0003083839555375,768
4,16,0.0005250137823197666,7.201835142755959e-07,768,0.007725864710058834,0.0004215375318490667,768,0.001725563077635367,8.87946736401131e-05,768
4,17,0.001566520799120533,2.148862546055371e-06,768,0.0028241988588831664,0.00015582032766746668,768,0.0046548843608092,0.0002489079516092667,768
4,18,0.0010934969702269335,1.4999958417885823e-06,768,0.0014151705988175334,7.67781840527057e-05,768,0.004343275394023234,0.00023161421567893334,768
4,19,0.0002702090365929333,3.706571133537526e-07,768,0.0028703316771694003,0.00015721204091860002,768,0.0078972821045019,0.0004217808269522333,768
4,20,0.0006522872267502999,8.947698581686529e-07,768,0.0023820363282804667,0.00013172994146770002,768,0.004789270448685934,0.00025935864053686666,768
4,21,0.0016028601767148001,2.1987108071483334e-06,768,0.0013669987027093002,7.513213947544599e-05,768,0.005626812439274966,0.00029681408643396665,768
4,22,0.0004998872366468333,6.857163748789368e-07,768,0.0003894266374855667,2.134871158725674e-05,768,0.006344860205774467,0.00033959923124293333,768
4,23,0.0008390827913963001,1.151005195873479e-06,768,0.0007982765637900333,4.391736443534549e-05,768,0.0046684921475049,0.0002521979402107,768
4,24,0.00026956436028763336,3.69772785465611e-07,768,0.0005774982198962333,3.147644857856366e-05,768,0.0013780277246212,7.085399407532045e-05,768
4,25,0.00017147570961666668,2.3522045263696365e-07,768,0.0007151803313447668,3.878170792737459e-05,768,0.009126020155857567,0.0004961216292952333,768
4,26,0.0004864994122246334,6.673517308004493e-07,768,0.0011082414750726,6.0707943704936367e-05,768,0.0018627433238963664,9.300716724364111e-05,768
4,27,0.0001288782447495,1.7678771607108405e-07,768,0.00022046837686726667,1.1747474565871873e-05,768,0.014344563780130265,0.0007714727729548667,768
5,0,0.004508728428164066,6.184812672237215e-06,768,0.0055657427009929,0.0003063924760255666,768,0.000861298036653,4.525640489142207e-05,768
5,1,0.004160444732187934,5.707057259513443e-06,768,0.0006882127080314,3.796726870064724e-05,768,0.0035577342323200333,0.00018584895368026666,768
5,2,0.0012273271407753333,1.6835763253309121e-06,768,0.0008562959884526999,4.653247070117439e-05,768,0.0082750310699015,0.0004332239994697333,768
5,3,0.002125606270108967,2.9157836357807947e-06,768,0.0006956476748958,3.8970142938931966e-05,768,0.0071490186747675336,0.0003780333234354334,768
5,4,0.0020622065774039,2.828815597450695e-06,768,0.0021515765673353,0.00011956179675236667,768,0.0029978777615453,0.00015445402341536667,768
5,5,0.0031638759822904664,4.340021921634965e-06,768,0.010940347698361634,0.0005977684879814667,768,0.0007639425132624668,4.08739209556049e-05,768
5,6,0.0029003497660399663,3.97853190916642e-06,768,0.0099152315198714,0.0005465167322064,768,0.0003086649904654667,1.5806762405789695e-05,768
5,7,0.0006291053535561667,8.629703067900861e-07,768,0.0020957837799829666,0.00011616187483292121,768,0.0063272495707865665,0.0003434964854655,768
5,8,0.0010536633640083335,1.4453544068676154e-06,768,0.0033046589525008003,0.00018367440652619998,768,0.0023573363327212666,0.00012457357596885516,768
5,9,0.0014872412808811667,2.040111493491225e-06,768,0.0034555067315475666,0.0001886154597183667,768,0.002814875832229667,0.00015292141285813332,768
5,10,0.0002519220265832667,3.45572053883992e-07,768,0.0019019552218700333,0.00010531222125423333,768,0.0027997413478643668,0.00014477034682229748,768
5,11,0.0004221516907071333,5.790832525768477e-07,768,0.0035346626107021005,0.000197992335008,768,0.0016247065319613667,8.551981063423973e-05,768
5,12,0.0008321648548245334,1.141515577599642e-06,768,0.001908069570923633,0.00010188370868570657,768,0.0019401117714995333,9.857433679722453e-05,768
5,13,0.0031591195312102335,4.333497300791648e-06,768,0.003970510357738033,0.00021632449144039996,768,0.004003477059966999,0.00021329052946883332,768
5,14,0.00013976720411020002,1.9172455939452287e-07,768,0.0007806983628039334,4.3226423839278286e-05,768,0.0021232969426082,0.00010577149185862557,768
5,15,0.00011960259553331678,1.6406391725447847e-07,768,0.0012640930972691998,6.928286739606275e-05,768,0.0003862072561505333,2.1512032682552238e-05,768
5,16,0.00036327103274059997,4.983141736982704e-07,768,0.0006254682185005333,3.451770813353109e-05,768,0.002943078093402667,0.00016078823838170002,768
5,17,0.0006649236551807333,9.121037782049273e-07,768,0.001759260292500467,9.64519642251157e-05,768,0.0013281722549619334,7.149633965105803e-05,768
5,18,0.00020335977092223335,2.789571618092526e-07,768,0.001964229624516967,0.00010686080084953873,768,0.0007367942144974666,3.723250492390669e-05,768
5,19,0.0003641369331534,4.995019688677814e-07,768,0.0006528466530758,3.506457815439316e-05,768,0.00021230810218073496,1.1033489479209615e-05,768
5,20,0.0002958007215293,4.0576230578410306e-07,768,0.0017493499689084334,9.578137821756614e-05,768,0.00042527885777413326,2.2483953359268853e-05,768
5,21,0.0018348920310784,2.516998672147335e-06,768,0.0021025110576414663,0.00011537529478913334,768,0.0009050242841340666,4.896080344216763e-05,768
5,22,0.0015847966659913667,2.173932333091814e-06,768,0.003777160966081833,0.00020929549757076667,768,0.0037906800446964664,0.0002001779378597,768
5,23,0.0012711817477866,1.7437335347974788e-06,768,0.0005601808229084667,3.076992338385475e-05,768,0.0107097128519857,0.0005818910978162333,768
5,24,0.0009153996225946667,1.2556922143076934e-06,768,0.0026820828033109335,0.0001480827384009,768,0.0022164624389501997,0.00011255992627999231,768
5,25,0.0017784969178012333,2.4396391254639685e-06,768,0.0014361753014903,8.085952171738946e-05,768,0.0025691239812866665,0.00012965689369566667,768
5,26,0.0014901733909011665,2.044133595455608e-06,768,0.0022862598960947337,0.00012674265064479903,768,0.0007761984557679667,4.031082079102846e-05,768
5,27,0.0007368976637919666,1.0108335610482034e-06,768,0.0005892663134076,3.2556336714261357e-05,768,0.006635851905881132,0.0003459758216392667,768
6,0,0.0008975575111730334,1.2312174383922806e-06,768,0.0017933834721763336,9.8416155803766e-05,768,0.0032708195640884334,0.00017139687837993333,768
6,1,0.0019990654880350667,2.7422023201527142e-06,768,0.0009171096888085667,5.018955885532859e-05,768,0.0064611509116778995,0.0003507636005810667,768
6,2,0.0009816323315608667,1.3465464082548842e-06,768,0.0020603918462502,0.00011249770493588537,768,0.0088307719163136,0.0004892685723167333,768
6,3,0.0025280451598813335,3.467826007976571e-06,768,0.0006527905329328667,3.626806918145357e-05,768,0.005908502771403233,0.0003081809305864,768
6,4,0.0007820696502719,1.0727978714411362e-06,768,0.00016655813058903332,9.045647380940148e-06,768,0.0050149004356458,0.00025920800424586665,768
6,5,0.00028340979425383337,3.887651493455952e-07,768,0.00016056610796426666,8.568531674738264e-06,768,0.006869997307412934,0.00037409370732343337,768
6,6,0.0044400811819818005,6.090646323318496e-06,768,0.0032579300973197664,0.00017816271625086663,768,0.0088582639073857,0.00047633096389416665,768
6,7,0.0024051128481734,3.2991945804858487e-06,768,0.002918850931382867,0.00015931485499406667,768,0.004903300222156467,0.00026122477071386665,768
6,8,0.0025954381272467,3.560271787917584e-06,768,0.002254206289925,0.0001240369846689,768,0.0061804287508439,0.00033047813900423335,768
6,9,0.0023795835988531335,3.2641750314659572e-06,768,0.0090260289984727,0.0005009397179271667,768,0.0028551589489148334,0.00014881342744443334,768
6,10,0.008044307657274966,1.1034715608212271e-05,768,0.0034818474498064,0.00018857700433926668,768,0.0036223280451208,0.0001958596865038,768
6,11,0.0021801692384713998,2.9906299520795292e-06,768,0.003406612532133733,0.00018420495703556667,768,0.0011631706700679667,5.988036399994464e-05,768
6,12,0.0008308453436302,1.139705546378117e-06,768,0.0018413065695472332,9.897459016392727e-05,768,0.0014321313587687668,7.105728780581458e-05,768
6,13,0.0019904805529046667,2.7304259981738525e-06,768,0.0049239648852091,0.0002650088930257666,768,0.0014916512735580333,7.978039841707862e-05,768
6,14,0.0022213026720459,3.047054419270251e-06,768,0.0016402209212585002,9.04332072928615e-05,768,0.005219972122201068,0.0002909108351004333,768
6,15,0.0023087450524826667,3.1670028082439903e-06,768,0.0010411778871643332,5.728083668100903e-05,768,0.008501116329258467,0.0004508211435799334,768
6,16,0.0005926012538626668,8.128960962274495e-07,768,0.0003953161618644667,2.181462472811378e-05,768,0.0086016206088753,0.0004654118086076333,768
6,17,0.0014812070072780664,2.0318340327231963e-06,768,0.0019209182800466334,0.00010576677986406543,768,0.0016328023882794,8.762305415060137e-05,768
6,18,0.0016285274238373333,2.23391964659337e-06,768,0.0034058275947946005,0.00018920469136646668,768,0.0013507124968799666,7.330843107580545e-05,768
6,19,0.0009592697377886666,1.3158706962857743e-06,768,0.0016952850409608668,9.269599488016338e-05,768,0.0012236176263038,6.229645023197079e-05,768
6,20,0.0014823639958387999,2.033421122785803e-06,768,0.0010753275012326665,5.933853964045985e-05,768,0.005761920154034833,0.0003158371122387333,768
6,21,0.0005866941077318333,8.047930123833092e-07,768,0.00012231361767825935,6.669168597343497e-06,768,0.006738812955986967,0.0003534162918765,768
6,22,0.0003240356780642333,4.444933854469299e-07,768,0.0005864616021996334,3.282214154488727e-05,768,0.007887069487856967,0.00043121161956629993,768
6,23,0.0018041765234171666,2.474864916020147e-06,768,0.0012586110506362666,7.010193459033749e-05,768,0.0055258996903262,0.00029441562977103336,768
6,24,0.0009287405808834333,1.2739925640363097e-06,768,0.0010777314298794,5.91600269095408e-05,768,0.0040375815469009665,0.00021043461893856664,768
6,25,0.0005707589583136667,7.829341014563028e-07,768,0.0002654222861891,1.4581082268555883e-05,768,0.007147463857275,0.0003839981800414667,768
6,26,0.00040378350136140005,5.538868352355253e-07,768,0.00033492812852353336,1.8341452036694957e-05,768,0.006177982366107067,0.00032292717400176664,768
6,27,0.0005733331245555666,7.864651907340623e-07,768,0.00010495739810182092,5.69725990143613e-06,768,0.006212839746551766,0.00033410013368326665,768
7,0,0.0008988955376098333,1.2330528586574805e-06,768,0.0013750223212309666,7.45370987361738e-05,768,0.010326050272673434,0.0005515018121391666,768
7,1,0.0017313514304448999,2.3749676614693554e-06,768,0.0013888491366239,7.664259059204463e-05,768,0.007292002666017966,0.0003723216099991,768
7,2,0.004854462332569133,6.659070427119179e-06,768,0.0014454671896891333,7.896603929322494e-05,768,0.013683627881812002,0.0007325803914551,768
7,3,0.005146092799224101,7.059112215223601e-06,768,0.0010001726266442334,5.399471463987324e-05,768,0.006727739799034133,0.00036128615641403336,768
7,4,0.0018705440916804664,2.5659041016274213e-06,768,0.0004302491518136333,2.350943938526917e-05,768,0.008458421430961866,0.00045204735457619996,768
7,5,0.0010215385274641331,1.4012874157071152e-06,768,0.0016838077940146334,9.208926511915394e-05,768,0.0116304038581998,0.0006206433449737333,768
7,6,0.0009902659401316667,1.3583894895418157e-06,768,0.0011774374159375667,6.320119538651845e-05,768,0.0019980508578541,0.00010607702075300311,768
7,7,0.007002684523745767,9.605877255114385e-06,768,0.0011017585514585333,5.998051549360323e-05,768,0.0107622272012465,0.000578116277772,768
7,8,0.0016102861541445,2.2088973325712566e-06,768,0.0016924598224734666,9.23866220578174e-05,768,0.008595307526573932,0.00046715135305923334,768
7,9,0.0021795434236468667,2.9897714984148216e-06,768,0.0010866368346432668,5.82485409858236e-05,768,0.012282026417761166,0.0006601699473914,768
7,10,0.002849077367683734,3.908199409981135e-06,768,0.0149039864167465,0.0008275951547529,768,0.0010857908625599333,5.815086108593853e-05,768
7,11,0.0011247773542076,1.542904463451664e-06,768,0.0005872408723557,3.2090245984825925e-05,768,0.008895721005053432,0.000486549582987,768
7,12,0.0018398460767087333,2.523794338617748e-06,768,0.0006678589199406332,3.612339933248889e-05,768,0.011353249793618366,0.0006118087874656333,768
7,13,0.0019703960946039997,2.7028753024426484e-06,768,0.0007639661751663,4.070047377788035e-05,768,0.012885838793296535,0.0006980898722612,768
7,14,0.0010371064681094333,1.4226426148195666e-06,768,0.0040130769899112,0.0002251993244329,768,0.004324815686903,0.00022750116505196666,768
7,15,0.0021107488659038004,2.8954031050569757e-06,768,0.004116267705561133,0.0002256820450944333,768,0.0010611033501321,5.5651982061503034e-05,768
7,16,0.0005927009290805666,8.130328238084787e-07,768,0.0014698187889190667,8.28776546229127e-05,768,0.011883340407628368,0.0006383660698393333,768
7,17,0.0003569890149814,4.896968647973467e-07,768,0.0024873788393972333,0.00013733272197362552,768,0.005983478190325434,0.0003216102330494,768
7,18,0.0008836974008531668,1.2122049398428073e-06,768,0.0016282528734389665,8.916001584920789e-05,768,0.009483968095318299,0.0005244853473335,768
7,19,0.0064930271198268,8.90675875394654e-06,768,0.0036229843120054333,0.0001953622437774,768,0.0022802174421483667,0.00012403547921110002,768
7,20,0.0032528423581919996,4.462060838101302e-06,768,0.0008989840197229666,4.88826239004291e-05,768,0.009663476002816133,0.0005219057157390333,768
7,21,0.0011607907605714334,1.592305576689263e-06,768,0.0011429241320861999,6.35769652593728e-05,768,0.005022789801515634,0.0002687967166113666,768
7,22,0.0025056495548447,3.437105016342462e-06,768,0.012284612858943599,0.0006838411945915332,768,0.0013964200281510002,7.345711599900815e-05,768
7,23,0.002632975335506134,3.611763142375834e-06,768,0.012931921075468901,0.0007209563334318001,768,0.0008619508669780333,4.4871675515261354e-05,768
7,24,0.003851609366954667,5.283414770693112e-06,768,0.0014039300552923335,7.800917458133129e-05,768,0.002974252063368667,0.0001560981588016,768
7,25,0.0008947412070344999,1.2273541971528836e-06,768,0.0018605719168385334,0.00010068575957862525,768,0.0011837094008693,6.278627745860976e-05,768
7,26,0.0024199255858273,3.3195138337640574e-06,768,0.0053340248650731335,0.0002891366761581,768,0.0008376457051212666,4.2433959213890315e-05,768
7,27,0.004901679159427533,6.72383972107913e-06,768,0.0027374284418741333,0.000151563912844,768,0.005151549683004501,0.00028132802403683336,768
8,0,0.0025167524835287333,3.452335367597442e-06,768,0.005202411326488366,0.0002810625018252666,768,0.0031970168314736,0.00017474378254173333,768
8,1,0.0024759952546046,3.3964269561603693e-06,768,0.0005125728974750667,2.8508208739608937e-05,768,0.007714197159221933,0.00041701863501543337,768
8,2,0.0052538826856459,7.20697213059403e-06,768,0.0079214596644193,0.00043008904511160004,768,0.0029258337757846003,0.00015681771032673332,768
8,3,0.0037034000278158004,5.080109772770851e-06,768,0.015885826147920033,0.0008893506194855333,768,0.0037431275321630334,0.00020264914912216663,768
8,4,0.0023993719525264,3.2913195390879267e-06,768,0.007923586583846967,0.0004287623789466,768,0.0027368689543450335,0.00014533220542899998,768
8,5,0.0029365905590239666,4.028244947611398e-06,768,0.003080717595504233,0.0001697281818962333,768,0.004627910822299467,0.00024703556430696666,768
8,6,0.007198901082076367,9.875035794359917e-06,768,0.0007771513105127668,4.285850043095673e-05,768,0.009984838412292368,0.0005441700628223333,768
8,7,0.003978485548266633,5.457456184899696e-06,768,0.007739145897775233,0.0004279945328644333,768,0.007114434132698566,0.0003799267515410667,768
8,8,0.002644160605529066,3.627106445022499e-06,768,0.0015996240075234333,8.908876547604674e-05,768,0.006004306224325767,0.00032405228267836663,768
8,9,0.0037096665104986,5.088705769178368e-06,768,0.009924815502822667,0.0005506689938181,768,0.0035567342041625664,0.0001879769665168667,768
8,10,0.0016561712626827667,2.271839864081399e-06,768,0.0017424586028335666,9.392967996524995e-05,768,0.005088060485567667,0.00026474179466323336,768
8,11,0.0088158177527152,1.2093028482682127e-05,768,0.0041957328079916005,0.00023349518441273333,768,0.010961956157990635,0.0005956013147798333,768
8,12,0.0022818751440261335,3.130144240967248e-06,768,0.0027387161321095997,0.00014833747630296667,768,0.012929860157683432,0.0007067257238847334,768
8,13,0.0043461956571022664,5.961859607633701e-06,768,0.0081413833593124,0.00044105938692993335,768,0.005237142090797033,0.0002786854594668,768
8,14,0.0003107470351840667,4.262647944504396e-07,768,7.59064157613343e-05,4.027363064957274e-06,768,0.0045220121237716,0.00024137229716376666,768
8,15,0.00030112263818376665,4.1306260209215913e-07,768,0.0003218665126957667,1.76968220381625e-05,768,0.008604562305121034,0.00045590321791843326,768
8,16,0.0001284983647687727,1.7626661910295703e-07,768,0.00011116110746539875,5.782264084901936e-06,768,0.004653995203151367,0.0002473299383588,768
8,17,0.0017310168828090333,2.3745087532775805e-06,768,0.004940687714135167,0.000270920439386,768,0.0034331740906043337,0.0001755582741471333,768
8,18,0.0009740736465052666,1.3361778382666528e-06,768,0.0008130190089492666,4.513916872668308e-05,768,0.0036267687108922,0.00019163733304633336,768
8,19,0.00018057380916673333,2.4770069819468827e-07,768,0.00017170588147533334,9.157172806301475e-06,768,0.0032399499497636,0.00016907802853776666,768
8,20,0.0008883167392621001,1.2185414839134584e-06,768,0.0009825881127814332,5.4225321031432676e-05,768,0.005116903522092466,0.0002764628613445,768
8,21,0.006931034997148033,9.507592591709245e-06,768,0.0031299161278785666,0.00017427759765533334,768,0.0027591048280455,0.00014449494292216667,768
8,22,0.003146290634319033,4.315899371341396e-06,768,0.003927643498514267,0.00021344700914516668,768,0.0025587740818749,0.000138377126393,768
8,23,0.00023140671748973332,3.1743034039186997e-07,768,0.0005355554252032334,2.8657179419567386e-05,768,0.00024565685510483337,1.4102646987526843e-05,768
8,24,0.007023734827912467,9.6347528483551e-06,768,0.013385735995323432,0.0007227925686164666,768,0.0004592176511977,2.406163602266566e-05,768
8,25,0.0024371859782895333,3.3431906561314875e-06,768,0.0048168385837878,0.0002634161398181,768,0.002441511339073833,0.00012707066781840712,768
8,26,0.0047801566751625,6.557142197655712e-06,768,0.012277103631602601,0.0006802552771967333,768,0.0024693506420409,0.000137706100930283,768
8,27,0.0018950270434073668,2.599488387178222e-06,768,0.0094967864014905,0.0005185104338875666,768,0.0013988068323248666,7.690169843561623e-05,768
9,0,0.0007038628703457334,9.655183385755442e-07,768,0.0004063889219104,2.2089409298718204e-05,768,0.005039809741237266,0.00026811745537423334,768
9,1,0.0016587686002226003,2.27540274869224e-06,768,0.001660112582987,9.105461956549281e-05,768,0.004391058231082334,0.00023944703814523334,768
9,2,0.0018062902671698666,2.4777644355595657e-06,768,0.0076217051028463,0.0004156892398798667,768,0.0021275282111717668,0.00011205334834198566,768
9,3,0.002358806431227633,3.2356741124050036e-06,768,0.004440023194089634,0.0002428068393184,768,0.0023111021410930333,0.00012593621073686667,768
9,4,0.0032732269464678665,4.49002323188163e-06,768,0.041481559907724695,0.0023432924097403665,768,0.003119511851120433,0.00016724435190143333,768
9,5,0.0068372912288459,9.379000305775656e-06,768,0.0011157990528316,6.0350808558741476e-05,768,0.0165362419708697,0.0008937326958758334,768
9,6,0.0013675876131872666,1.8759775281816963e-06,768,0.001192273370139,6.562595028749924e-05,768,0.007296552270532534,0.000387139619461,768
9,7,0.0011823484029799332,1.621877093271248e-06,768,0.002249899514531767,0.00012388213662380433,768,0.0082886270257572,0.0004436477114814666,768
9,8,0.0006282309196164667,8.617708071825762e-07,768,0.0012049120541302001,6.511976260293745e-05,768,0.0026438716298251004,0.00014480190459156668,768
9,9,0.0015520144814924,2.1289636226229976e-06,768,0.0023972205644672666,0.0001297933666944091,768,0.0015212169096628667,7.815947188508494e-05,768
9,10,0.0006637288890012333,9.104648696721425e-07,768,0.0015315591950798332,8.154949845966021e-05,768,0.0010810064412712,5.874626810408769e-05,768
9,11,0.0010037909314545334,1.3769422959461139e-06,768,0.0007661236103836333,4.2159738130030426e-05,768,0.013163444298322433,0.0007058538041561,768
9,12,0.0003351463080328,4.597343029251196e-07,768,0.00019859076816036668,1.0963959422743717e-05,768,0.005719893703359566,0.00029753439764646666,768
9,13,0.0030821610414278663,4.2279301112448445e-06,768,0.0008630222401010999,4.6339985434157294e-05,768,0.010043085334442467,0.0005416022058695333,768
9,14,0.0015119218958066331,2.073966939342145e-06,768,0.0006859091648244334,3.7385561458119894e-05,768,0.007917995709731167,0.0004257031125055,768
9,15,0.001580370515798,2.167860793761487e-06,768,0.004847069157540467,0.00026901660031996666,768,0.0028031274013853333,0.00014540823723332944,768
9,16,0.0037827733733817336,5.18898953805307e-06,768,0.00039631651877303334,2.136341942976314e-05,768,0.015407589079330734,0.0008409589331605667,768
9,17,0.0008856379954779668,1.2148669335186715e-06,768,0.0022418681188262667,0.00012491817998315133,768,0.013440431565292866,0.0007191157995983668,768
9,18,0.0005296898144337,7.265978231186924e-07,768,0.0028503928897012,0.0001563412232415,768,0.005483353006728733,0.00029647340118886664,768
9,19,0.003447259837088766,4.7287514858355044e-06,768,0.0046323492977699,0.0002519202543504667,768,0.0027110104161213997,0.00014374253184546665,768
9,20,0.0006815407363534666,9.34898129803562e-07,768,0.0007280440475051334,4.0244829638221014e-05,768,0.012587198276308964,0.0006731682355348333,768
9,21,0.0025820312001581334,3.541880936658246e-06,768,0.0027486941225604,0.00015174375072506667,768,0.0042949791035815,0.00022202862031366665,768
9,22,0.0023015930403210666,3.157192099655064e-06,768,0.006944999261137334,0.00037865533615480005,768,0.0012148282598698666,6.428267381804274e-05,768
9,23,0.0022160232058399333,3.039812357989001e-06,768,0.0021542133069287666,0.00011671716118229004,768,0.0062385176022463,0.00032616307730866666,768
9,24,0.0052924876531138,7.259928176644613e-06,768,0.005360727598587433,0.00029372229607116667,768,0.0027931319888256333,0.00014188129774488477,768
9,25,0.009107137680103334,1.2492644268911167e-05,768,0.014111312690519401,0.0007687266746498334,768,0.005573286103396101,0.0002901378148165,768
9,26,0.003213954926298,4.408717315708729e-06,768,0.004658480446179266,0.0002540312985756,768,0.0022358263438542665,0.00011424661254016452,768
9,27,0.010812769626494833,1.483233145078977e-05,768,0.0014020741649467333,7.627573379541165e-05,768,0.015404442108896034,0.0008274165877777667,768
10,0,0.0012025374723559333,1.649571292283352e-06,768,0.002188886795648867,0.0001195490047938959,768,0.004275960136883567,0.0002295072201383333,768
10,1,0.0038263910850277667,5.248821773186876e-06,768,0.0011019971272254998,5.998473244910735e-05,768,0.0073541102688198,0.0003951500325195,768
10,2,0.0015611574493434666,2.1415054160470954e-06,768,0.0013054737639138,7.027840925965033e-05,768,0.0009239633526955666,4.818395444602435e-05,768
10,3,0.0017800259984615333,2.4417366230417873e-06,768,0.0003458950552285334,1.8233531369994324e-05,768,0.0009997615627810334,5.0786986931925654e-05,768
10,4,0.0009064434126151334,1.2434065971169432e-06,768,0.00010592748961533065,5.864929143505508e-06,768,0.005325472455882967,0.000287024733638,768
10,5,0.0007002090720853333,9.605062731566439e-07,768,0.0012487890598130668,6.813736873393973e-05,768,0.0038302475011559,0.00020385227450286667,768
10,6,0.004233144307771533,5.806782327957606e-06,768,0.006511901307197134,0.00035827797247583337,768,0.0015739928939280667,8.345885830846505e-05,768
10,7,0.0011877385752988,1.6292710144280791e-06,768,0.0012456676158989668,6.842943070445306e-05,768,0.0027306822338883335,0.0001455027634733768,768
10,8,0.0010182955860831,1.3968389374822216e-06,768,0.00048029182587083335,2.674485419789672e-05,768,0.0032652410577922,0.00017346179218930002,768
10,9,0.0016485067189609666,2.2613260887466647e-06,768,0.0013467266602103668,7.381690195019709e-05,768,0.004122339309037433,0.00022184712979446668,768
10,10,0.00045455265792026666,6.235290229855535e-07,768,0.0005849738857151,3.222908462606767e-05,768,0.0084263391489116,0.00045902974229133334,768
10,11,0.0045815453832608,6.284698732137788e-06,768,0.0012562297659167332,6.736057128441802e-05,768,0.011267670330578699,0.0006033446261602334,768
10,12,0.0012302560404315,1.687594019337588e-06,768,0.00031388974037299997,1.7239131227048527e-05,768,0.002872254579715733,0.00015165576465266668,768
10,13,0.0007774336682195333,1.066438502398958e-06,768,0.0003237368181792,1.8050677627022272e-05,768,0.0082104987519926,0.0004466010385353,768
10,14,0.010015227906475967,1.37383098673466e-05,768,0.0020825522796765667,0.00011332345336660774,768,0.011738478803200702,0.0006283409555822667,768
10,15,0.002165344868646233,2.970294747486724e-06,768,0.0007430505430983999,4.127052386690885e-05,768,0.007648098863608466,0.00041279437522536675,768
10,16,0.002750921418080733,3.77355475065473e-06,768,0.0009898939247147,5.455190810224319e-05,768,0.006998679136826567,0.0003754374148081333,768
10,17,0.0008380864190287333,1.1496384330825719e-06,768,0.0005962587622574,3.251808121798363e-05,768,0.006498938997774567,0.00035546043713246666,768
10,18,0.003190852781367333,4.377027138287555e-06,768,0.0027828851289627664,0.0001537551962093,768,0.0036853173064508005,0.00019473820796130003,768
10,19,0.0022217005842548668,3.047600250893857e-06,768,0.004945965325573966,0.0002728479657216,768,0.0049982750848644,0.0002658177543183,768
10,20,0.004634606191616333,6.357484465467041e-06,768,0.0037953030435306004,0.00020499700204553331,768,0.003823147724626833,0.00020461692234870001,768
10,21,0.0007873826743761666,1.0800859748434745e-06,768,0.0001806885260418333,9.881437811318084e-06,768,0.006529676826649633,0.0003507259337081667,768
10,22,0.0010393070889914335,1.4256613001524178e-06,768,0.00024837307142396665,1.35162086326154e-05,768,0.006041933272591934,0.0003218697572451667,768
10,23,0.0014687220927599,2.0147079481134147e-06,768,0.00022672805416036666,1.2469836206270221e-05,768,0.005654191160679966,0.00030724938941176667,768
10,24,0.0071025325144371,9.742842988851727e-06,768,0.002658471613070267,0.00014358830238316042,768,0.021890612456958836,0.0011688336450873665,768
10,25,0.0007536248971625999,1.0337790087718974e-06,768,0.00027322772047056663,1.5204447474667995e-05,768,0.007805841047182666,0.00042458247179426675,768
10,26,0.0005989166733709666,8.215592226384905e-07,768,0.00010540685153724587,5.776485372938616e-06,768,0.006077159600218668,0.00033301746608593337,768
10,27,0.0007962704980947667,1.0922777765887408e-06,768,0.00012732579266959998,7.042277761136646e-06,768,0.005420021585906601,0.00029069500871523334,768
11,0,0.006624335143283267,9.086879486382466e-06,768,0.008858676354638067,0.0004941610066814333,768,0.0018961773398108999,0.00010043160379421992,768
11,1,0.005015952674979167,6.880593504073305e-06,768,0.0005601073581169,3.067920712383562e-05,768,0.0068717533006467,0.0003683040369092667,768
11,2,0.0037746659619761,5.177868263739353e-06,768,0.008238817695146934,0.00044403758424790005,768,0.0007248375374221001,3.7729420084506336e-05,768
11,3,0.0026851521361487,3.6833362782061124e-06,768,0.0007260949584329667,4.012136905868063e-05,768,0.0061392110382616,0.0003275709066761667,768
11,4,0.003330697023841167,4.568857359032769e-06,768,0.0014935386895215666,8.260138337722045e-05,768,0.0037868692435948335,0.00019467348216596668,768
11,5,0.0055946960205819005,7.674480140753087e-06,768,0.0008239967536859001,4.52955837941042e-05,768,0.006734963950035834,0.0003499974113417667,768
11,6,0.0060227249201938,8.261625405510517e-06,768,0.0005333812271334334,2.9084475591994573e-05,768,0.007115120609531833,0.00038085373767423334,768
11,7,0.0013558005632253334,1.859808726233963e-06,768,0.0006347686371787666,3.461741629717449e-05,768,0.009394345264253633,0.0005195722735054,768
11,8,0.0015763558341498668,2.1623536823157635e-06,768,0.0022937355095027333,0.00012697941358460002,768,0.002433546291224767,0.00012548078309052217,768
11,9,0.004431764576358633,6.079238104485978e-06,768,0.0033568277464839,0.00018363726515296667,768,0.005394444492965267,0.00028665281629289995,768
11,10,0.003322936143251867,4.558211436352577e-06,768,0.0014796207132646668,8.106846529164098e-05,768,0.0028001244938692335,0.0001438756321392476,768
11,11,0.003271144578202233,4.48716674888954e-06,768,0.0008353628028752334,4.5118080407988594e-05,768,0.0020046576477655,9.732431816094203e-05,768
11,12,0.0013140537959036335,1.8025429254676707e-06,768,0.005771981543910433,0.0003179965763375,768,0.0008297153694099001,4.379256875181153e-05,768
11,13,0.0021996919393184665,3.0174100711256627e-06,768,0.0042523436237399,0.00023102240878803334,768,0.009625536095664166,0.0005211032730287334,768
11,14,0.0011196753316853334,1.5359058035307154e-06,768,0.00021801976369156665,1.1951663777208174e-05,768,0.005586141695192367,0.00030231514592096666,768
11,15,0.0017566610922433,2.4096860056122167e-06,768,0.00021575843408406666,1.171191422153731e-05,768,0.006336674057587866,0.0003378267688040667,768
11,16,0.006704804929809,9.197263286377938e-06,768,0.0011107198433341,6.115480236864683e-05,768,0.010077439223913099,0.0005396588735143,768
11,17,0.0008258139244286,1.1328037357159233e-06,768,0.00020336228251756667,1.1118431470534424e-05,768,0.009628388020835467,0.0005192481288357,768
11,18,0.0010261742270664335,1.4076463999749594e-06,768,0.00015242286240539998,8.454642929476338e-06,768,0.009952957694809533,0.0005383563299951001,768
11,19,0.001269525583851,1.7414617058171154e-06,768,0.00046775663114176667,2.588442786882027e-05,768,0.0056051445755418,0.00030593388890333336,768
11,20,0.0012157783076602333,1.6677343036782383e-06,768,0.0002101434651355,1.1703863166136067e-05,768,0.004428108477616034,0.0002278380895640667,768
11,21,0.003908609364992234,5.361604054543701e-06,768,0.0020627723787201334,0.00011496948458513334,768,0.007089881444572967,0.0003772143786382667,768
11,22,0.0062767339334265995,8.610060272451134e-06,768,0.001444711649054,7.86021717030926e-05,768,0.0148654945805907,0.0008030371220584667,768
11,23,0.0067368335452438,9.241198299424807e-06,768,0.009300196115138534,0.0005136978103546332,768,0.0023749388611169,0.00012275604593696247,768
11,24,0.0024262122426726997,3.3281374999228667e-06,768,0.005225983300846,0.00027889947038063336,768,0.0029626049224149666,0.00015753402477319998,768
11,25,0.0029585989304765,4.058434746873231e-06,768,0.0027706620941737,0.00015170766242133334,768,0.005022147193593067,0.00025809814154856666,768
11,26,0.0039892977319775,5.472287693673102e-06,768,0.0037106998064732667,0.00019815129943206666,768,0.0057376738779157,0.0003095506864926333,768
11,27,0.0049129748002944,6.739334440490348e-06,768,0.007567678396149733,0.0004126163082324333,768,0.0020479858973944,0.00010586023065047648,768
12,0,0.008970540303677601,1.2305267912100706e-05,768,0.0006258845170235,3.48021474467416e-05,768,0.025582027547455238,0.0013883647626580335,768
12,1,0.0014818132126389668,2.0326655872919615e-06,768,0.0011843967088766333,6.580432116886036e-05,768,0.008080310770901366,0.0004333699949522667,768
12,2,0.0073333900762418,1.0059520014385937e-05,768,0.0036505431688613004,0.00020465854400663337,768,0.0086185606979564,0.0004733373936437666,768
12,3,0.001847693902546967,2.5345595359865407e-06,768,0.0003638773116022333,1.978627005961487e-05,768,0.010327093731582634,0.0005573474028385,768
12,4,0.0015380812180437666,2.109850782993601e-06,768,0.004275887618399867,0.0002423319672724333,768,0.0073626404331446,0.0003956036442583,768
12,5,0.0012021415795636333,1.649028225844601e-06,768,0.0006206078757892666,3.426798973911807e-05,768,0.0042473494707729,0.0002241312289329,768
12,6,0.0020604598254080997,2.826419518506783e-06,768,0.04356598124152213,0.0023699510137853,768,0.0023087590877368,0.00012375741307494884,768
12,7,0.002458720603819533,3.3727305833446564e-06,768,0.008976548215693466,0.0004906479190868,768,0.0006719678136936333,3.5428948239559756e-05,768
12,8,0.006197407847481267,8.50124533786622e-06,768,0.0103088437695652,0.0005712623850223666,768,0.004876776886611034,0.00025683408060256667,768
12,9,0.010275263429959934,1.4095011527929645e-05,768,0.0019500361619055999,0.00010615258111246478,768,0.009892029936461365,0.0005330534135646667,768
12,10,0.004326129009484266,5.934333351502734e-06,768,0.0036292384890057997,0.0001992086289742,768,0.0038291949296605995,0.00020145538067373333,768
12,11,0.004161883074286467,5.7090302752678705e-06,768,0.005134191271257134,0.00028078945600093334,768,0.0048161340954426006,0.0002537733706337667,768
12,12,0.006124509596335266,8.401247713742715e-06,768,0.012471067251179066,0.0006877298219209333,768,0.003167738299178833,0.00016581945207963335,768
12,13,0.0052520573481557005,7.2044682543326456e-06,768,0.005263389118682067,0.0002908334604796333,768,0.0048227550689842,0.0002542339741329667,768
12,14,0.0030385747731663,4.168140980382601e-06,768,0.0026335929902291666,0.00014609615829356667,768,0.004247660168284334,0.00022855134523163333,768
12,15,0.0023534251065715334,3.22829232642993e-06,768,0.006578220196464833,0.0003509660927669667,768,0.0029322894419957332,0.00015890492359833333,768
12,16,0.0011846275761731332,1.6250035258323942e-06,768,0.006271711897987799,0.00035017315693263335,768,0.004363554035756733,0.00023404284417320002,768
12,17,0.007498602955367067,1.0286149444186892e-05,768,0.0033004751760176004,0.0001836982878546,768,0.008197290474775734,0.0004373490192883667,768
12,18,0.0015723580045595334,2.1568696866436125e-06,768,0.0006809901197772,3.784763578947373e-05,768,0.006343831499274667,0.0003435558330685667,768
12,19,0.0014593639720122998,2.0018710160580994e-06,768,0.0024618752541582666,0.00013504599359246666,768,0.0021399666289326665,0.00011265367517554097,768
12,20,0.0022083826471442337,3.0293314722250895e-06,768,0.0016042978714779002,8.63714544959042e-05,768,0.005826660851462567,0.00031256738297166667,768
12,21,0.0026590020177366335,3.6474650397541445e-06,768,0.00029678306225223327,1.5894292230664818e-05,768,0.007240670610042167,0.0003830753484508,768
12,22,0.005181011020352833,7.10701099474858e-06,768,0.0042494647911865665,0.00023953601668956666,768,0.005861664261016866,0.00030494719838390004,768
12,23,0.0046129246570215665,6.3277430271792626e-06,768,0.0028812670976089334,0.00015972704981363336,768,0.0037446255134086664,0.0001995794809259,768
12,24,0.0025402367548797333,3.4845497347570247e-06,768,0.0059238105986368994,0.0003218171003744334,768,0.009333096197077333,0.0005107578321819666,768
12,25,0.002915620075664234,3.999478826423435e-06,768,0.0009578672684827334,5.27275357482705e-05,768,0.005847262256781734,0.00031812173624253334,768
12,26,0.005191667827230767,7.121629402262059e-06,768,0.0014887250135801001,8.077655596904047e-05,768,0.012450125981879098,0.0006747101477145666,768
12,27,0.003179017648201466,4.3607923854301306e-06,768,0.0025990786121356,0.0001410759335263,768,0.0036433332191063337,0.00019189950671123334,768
13,0,0.0009772201322498667,1.3404940023655415e-06,768,0.0005782170150765001,3.223214096239579e-05,768,0.0063677357883887,0.0003367185152363666,768
13,1,0.0010633351797689334,1.4586216459243333e-06,768,0.0005816490045385,3.2190185403897904e-05,768,0.006707195915160666,0.00035985531052996667,768
13,2,0.0046115318757693,6.3258324756123386e-06,768,0.0009176223647195334,4.9511503026145966e-05,768,0.013035170210608,0.0007065724633872001,768
13,3,0.0011998438093996,1.6458762770486233e-06,768,0.0023237761492084998,0.00012479412059963413,768,0.004540751910170067,0.0002520231712818,768
13,4,0.0015672151252863,2.1498149881227693e-06,768,0.004076364630066333,0.0002240004078726,768,0.002966387980454333,0.00015772944638876667,768
13,5,0.0012741602702038334,1.7478193094341305e-06,768,0.0017272833571883,9.52356324415285e-05,768,0.005099073447073966,0.0002697234682403333,768
13,6,0.001188297502413,1.6300377263174998e-06,768,0.011360177099409834,0.0006471637315895333,768,0.005368512818388133,0.00028615465950656665,768
13,7,0.006582796886472166,9.029899729730775e-06,768,0.0013418708433751668,7.467422779696153e-05,768,0.008245886129578467,0.00044260997433200007,768
13,8,0.0014949730744102999,2.050717523855657e-06,768,0.00019821828754949998,1.0965001890220696e-05,768,0.005456975180309166,0.0002954061672842667,768
13,9,0.0018752948827134002,2.5724209626227265e-06,768,0.0002725120935581,1.5136313625727324e-05,768,0.0064731160499121665,0.00034825988485156665,768
13,10,0.002634336582691133,3.613630430564698e-06,768,0.0005930489083756,3.2754232315452755e-05,768,0.00618234714114,0.0003365766484780667,768
13,11,0.007136233010517833,9.789071382510355e-06,768,0.005397220747287233,0.00029620317060096666,768,0.004853697823669533,0.0002630507438340667,768
13,12,0.006216295654142366,8.527154550769968e-06,768,0.0010397452862496333,5.70230527199983e-05,768,0.0087436046196464,0.0004747207580812333,768
13,13,0.0053784792374876,7.377886493813866e-06,768,0.0004846628118019334,2.6659989931126712e-05,768,0.008795518876641,0.0004707617663846666,768
13,14,0.0025661208335489,3.5200560110308673e-06,768,0.0026072171608329336,0.0001438587387945335,768,0.004846416190728633,0.00026060719160076666,768
13,15,0.0015447638130632333,2.1190175722332802e-06,768,0.0010937983582624334,6.111510852606545e-05,768,0.004485372215735667,0.00023666218495416668,768
13,16,0.005374399508416,7.372290137861645e-06,768,0.009959396563389166,0.0005455705701193,768,0.0037732535612774996,0.0002021882484239,768
13,17,0.0032920010775080335,4.515776522832185e-06,768,0.014042701380610333,0.0007621013620705,768,0.0028480066631608666,0.00015183080356783333,768
13,18,0.010827666149464366,1.4852765655013443e-05,768,0.0066787576549474995,0.00036785335800356664,768,0.012331112329553834,0.0006771906620650334,768
13,19,0.0034774891196085,4.770218273397481e-06,768,0.013002635787455702,0.0007203256675724666,768,0.005260066005170867,0.00028493417085856664,768
13,20,0.0032068531341927337,4.398975500493393e-06,768,0.0023593037465681663,0.00013057069900699984,768,0.005429078998819333,0.00028613494078006665,768
13,21,0.003161719304046934,4.337063516036525e-06,768,0.0038634102735824335,0.0002100095782846667,768,0.005477283211231566,0.0002905993785395,768
13,22,0.0030392649892986,4.169087783575541e-06,768,0.0031382784468739332,0.0001731776000070057,768,0.0051427050006573995,0.00027204004981873337,768
13,23,0.0023271000722023664,3.192181158553641e-06,768,0.0022785537044266338,0.00012570916962346667,768,0.005405432748773299,0.00028009953486366667,768
13,24,0.004529206012483533,6.212902623933076e-06,768,0.004131175077083033,0.0002276478003356,768,0.004990123456470634,0.00026680786932093336,768
13,25,0.004485989784930867,6.1536211053133646e-06,768,0.002924253007375067,0.00016069075046893334,768,0.011754195386837765,0.0006297876136466333,768
13,26,0.0031205343335664,4.2805683696789825e-06,768,0.002699101504756033,0.00014813736116533333,768,0.0031989161405716338,0.00016682521358773333,768
13,27,0.005275863039916967,7.237123507382488e-06,768,0.0048257436140571,0.00026656147019716664,768,0.006393238877788434,0.00034073591498309997,768
14,0,0.0015493525556443666,2.1253121526831277e-06,768,0.0030933607737814,0.00016710658759551379,768,0.00016187306670023332,8.403076139636948e-06,768
14,1,0.0019502827968998666,2.675285034015539e-06,768,0.0008950096677487999,4.87189796879803e-05,768,0.0012573554538991667,6.348032460781056e-05,768
14,2,0.0029364700140479,4.028079592508181e-06,768,0.0032327340012869,0.00017413106020594405,768,0.0011490419892956334,6.167317452636687e-05,768
14,3,0.0036366143885506997,4.988497086377635e-06,768,0.0061860528671407004,0.0003367618280603667,768,0.0009881337037497666,5.1565335056518356e-05,768
14,4,1.7480604628156843e-05,2.3978881572641757e-08,768,6.796515346534544e-05,3.685192943906347e-06,768,5.648141454412444e-06,3.1500924062582183e-07,768
14,5,4.346381240548297e-06,5.962114186313536e-09,768,1.1581295621212786e-05,6.503158806620611e-07,768,1.4430549793282795e-06,7.587352910168333e-08,768
14,6,0.001170593415355633,1.6057522906703058e-06,768,0.0007731406430811,4.100435196533406e-05,768,0.00043651525056923333,2.2425152092424988e-05,768
14,7,0.00016475873240426667,2.2600649163860554e-07,768,0.0016203395260738333,8.758731932967318e-05,768,0.0001801209744690667,9.485664449089982e-06,768
14,8,0.004498192255004933,6.170359754014704e-06,768,0.0192252182518067,0.0010576322897323665,768,0.0009850816955347334,5.257091385261342e-05,768
14,9,0.006000719143383001,8.23143917137017e-06,768,0.0008321438173441333,4.613869263961201e-05,768,0.015355942077002,0.0008396630748331333,768
14,10,0.005031143942452534,6.901432010950616e-06,768,0.017792052790792167,0.0009759666919048666,768,0.0020797105960426,0.00010996332440403734,768
14,11,0.0066341292121448,9.10031440145368e-06,768,0.01716156684197517,0.0009446852518627333,768,0.004955123982123866,0.0002655230469870667,768
14,12,0.006573588913955,9.017268742625247e-06,768,0.0139400379878574,0.0007563310218737999,768,0.0024582178908658667,0.00012920864261056666,768
14,13,0.0069129031103618,9.482720326201683e-06,768,0.014194031610398831,0.0007771260854400001,768,0.0027368475073019996,0.00014250393188933335,768
14,14,0.0023740630574128336,3.256602269976749e-06,768,0.004962279635689567,0.0002682805433255,768,0.0034074042089926003,0.00018082347346193617,768
14,15,0.0019319767981696,2.6501739303948094e-06,768,0.004341758416155466,0.00023743307478893332,768,0.0063788003512114,0.0003500953703464667,768
14,16,0.0020009554123257335,2.744794793047041e-06,768,0.0057572250133451006,0.0003195120527522,768,0.0010555647867019334,5.572321995021256e-05,768
14,17,0.0017014424268933664,2.3339402339895445e-06,768,0.0006985566142731333,3.883662243873466e-05,768,0.0077361024577721,0.0004032338840232333,768
14,18,0.0022213470933476003,3.0471153501148945e-06,768,0.0043252070579384,0.00024016836727903335,768,0.003747636048904167,0.00019871266671080002,768
14,19,0.0018177820217920998,2.493528151891326e-06,768,0.004683862769291567,0.00026207228876013334,768,0.0018124128661406332,9.446605656672715e-05,768
14,20,0.0067766534468886004,9.295820907452098e-06,768,0.0028040146880709336,0.00015492047706543334,768,0.0093971988692468,0.0005129727675405333,768
14,21,0.0022450586907346,3.079641546691673e-06,768,0.003606262172212934,0.00019887639625756665,768,0.0126989871138428,0.0006899050821810001,768
14,22,0.0034867367253781,4.782903606166432e-06,768,0.007967739111518433,0.00043504855852106663,768,0.005865746950652967,0.00031660295880193333,768
14,23,0.0020329466678640665,2.7886785427603255e-06,768,0.0056774832664394995,0.00031199097520186663,768,0.007332276903133167,0.00039326379568886666,768
14,24,0.0017491037125187334,2.3993192166711693e-06,768,0.006165568640660267,0.0003405331798746333,768,0.0021567153048903335,0.00011485442817513332,768
14,25,0.004499826702616234,6.172601790440287e-06,768,0.00027263470996143334,1.4869638112610709e-05,768,0.016317537473345998,0.0008868945153660333,768
14,26,0.0024010721769650665,3.2936518154868814e-06,768,0.0016062848718464333,8.844901452535434e-05,768,0.0077437141414815015,0.0004170630097176667,768
14,27,0.0024179009827499333,3.3167365994289924e-06,768,0.021887514054812762,0.0012042408232074667,768,0.009606754993254,0.0005141042295418667,768
15,0,0.003905960146654767,5.3579700345704425e-06,768,0.0015274708011966999,8.652929452483152e-05,768,0.006180468053793534,0.0003252325773547,768
15,1,0.0064250634425695,8.813530088208303e-06,768,0.026839937166433434,0.0014723367882231331,768,0.0014771895140457665,7.725863381507261e-05,768
15,2,0.0028394769252799,3.895030069112942e-06,768,0.0010467479297789999,5.822713295448867e-05,768,0.003479549173734133,0.00018553047643106663,768
15,3,0.0049525144976331,6.793572668806745e-06,768,0.0023780303797644995,0.0001350526554811932,768,0.0067735175738962,0.00035419382954586667,768
15,4,0.0060487180817288,8.297281323781789e-06,768,0.022829737308576598,0.0012574275750718,768,0.0008734388582895333,4.4026655129173385e-05,768
15,5,0.0020259299382002667,2.7790534139602208e-06,768,0.0002088152737278,1.1555848523008122e-05,768,0.006477995204592167,0.0003420978772607334,768
15,6,0.0021792420990248,2.989358166507456e-06,768,0.0006764569937079,3.7304017684835036e-05,768,0.007463625359366434,0.00040397118530049997,768
15,7,0.0025154414949399998,3.4505370296965755e-06,768,0.002626851230816367,0.00014594311295823334,768,0.0030977826105414003,0.00016473126251980003,768
15,8,0.0021939799322478,3.009574661277546e-06,768,0.00033468477315619995,1.8422101616737015e-05,768,0.010503941596567132,0.0005586847062594666,768
15,9,0.0011554011180555334,1.5849123685308834e-06,768,0.0003103360550821,1.7247850657950648e-05,768,0.010327078911834833,0.0005636687643567,768
15,10,0.0019706698580955334,2.7032508324833873e-06,768,0.001360488021038533,7.551839651114322e-05,768,0.007826091006909201,0.00041788504621406665,768
15,11,0.0017403354196007335,2.387291385997089e-06,768,0.0004907523577830334,2.6743461838226595e-05,768,0.0084898162267279,0.0004602207100160667,768
15,12,0.001955252154830467,2.6821017249159065e-06,768,0.00036726868191110004,2.0280454251660862e-05,768,0.009428972489865533,0.0005072008006710333,768
15,13,0.0024480419759537668,3.358082279193477e-06,768,0.0006441412974459667,3.56169910372481e-05,768,0.012778094074280433,0.0006961934463772666,768
15,14,0.0041735894164017,5.725088376552133e-06,768,0.010405921921006632,0.0005648617056731999,768,0.0013029604159464664,6.816370580886202e-05,768
15,15,0.0021228977991728333,2.912068312009105e-06,768,0.005367606222867534,0.0002859688023316333,768,0.0017868980991454667,9.415351049550376e-05,768
15,16,0.0017497746867779999,2.400239622961126e-06,768,0.001020417678719,5.676234452300921e-05,768,0.004024653784144966,0.0002078599117093,768
15,17,0.0011426963441613,1.5674847031979051e-06,768,0.0017213119255681333,9.459835509440888e-05,768,0.0022231107983377,0.00011898309482676667,768
15,18,0.0002968220191298333,4.0716326276343194e-07,768,0.0010848272276182999,5.706796028862327e-05,768,0.00020673081440633333,1.1139903951816322e-05,768
15,19,0.0035971252862881664,4.934328242450711e-06,768,0.0011951846228190333,6.553561074847129e-05,768,0.0013543102800486334,7.003237340867027e-05,768
15,20,0.005093694586286566,6.987235358456359e-06,768,0.0070909878819111665,0.0003803455783089333,768,0.0013452146794240335,6.930090342380293e-05,768
15,21,0.0025145281856548667,3.4492842132124676e-06,768,0.0006873952751959,3.855789235928872e-05,768,0.011245429044921033,0.0006076470881559,768
15,22,0.0025273252640684667,3.4668384991882344e-06,768,0.0019452032767908335,0.00010719073265053786,768,0.010559957055805732,0.0005778002706340666,768
15,23,0.007418991547494799,1.0176943154963902e-05,768,0.0021206361333409,0.00011844545705856668,768,0.0179938444676442,0.0009736872816327666,768
15,24,0.0036270587708985996,4.975389257048811e-06,768,0.013294913282136231,0.0007227349037292,768,0.003152605769658867,0.00016730747432783333,768
15,25,0.005040368559992833,6.914085819284485e-06,768,0.006963841209892932,0.0003847595242816333,768,0.0026503021424244,0.0001351167523235,768
15,26,0.0038435887515595665,5.272412549027921e-06,768,0.0036606122827056663,0.00020085293000086666,768,0.012993403500293701,0.0007072233923522001,768
15,27,0.003056793683376033,4.193132627527487e-06,768,0.001272425505981733,6.970106767199647e-05,768,0.014439161229655365,0.0007932988782823333,768
16,0,0.002890753846877533,3.965368790469099e-06,768,0.015078166522929702,0.0008265150782850333,768,0.0015271172984608332,7.93179543756879e-05,768
16,1,0.003784301241799333,5.1910853810398965e-06,768,0.0121645511185152,0.0006705720319265333,768,0.0026743103773185996,0.0001418167648257,768
16,2,0.0059824649015432,8.206399036339847e-06,768,0.014303990762575299,0.0007868439742730332,768,0.005159425606438999,0.00027616883577119994,768
16,3,0.003651918715634433,5.009490699906247e-06,768,0.007023651521071333,0.00038670973416526667,768,0.0031130930383369,0.00015889225678579675,768
16,4,0.0031615183358512,4.336787848964311e-06,768,0.009508862297275567,0.0005173083221383,768,0.0024039336237442668,0.0001244293230248238,768
16,5,0.004185848197905534,5.741904253040436e-06,768,0.013433388096821935,0.0007349858560642333,768,0.004763387044502834,0.0002516039944026667,768
16,6,0.0035043417390347663,4.807053140943153e-06,768,0.006195584098992533,0.00034173481481650003,768,0.006404222476528834,0.00033921870873616667,768
16,7,0.0014232641441014,1.9523513658074776e-06,768,0.0020271615116269665,0.00010792968214421603,768,0.0036960964559223006,0.00019525514197886668,768
16,8,0.0022205636643919005,3.04604069700532e-06,768,0.0007510895920060332,4.139756818119482e-05,768,0.0053816597416619675,0.0002890345550886,768
16,9,0.0008323740718267333,1.1418025690322748e-06,768,0.0007423185251323334,4.055266340502028e-05,768,0.0013693219460408333,7.166204504484182e-05,768
16,10,0.0004000650482125333,5.487860733313591e-07,768,0.0006186089459634666,3.384822458802001e-05,768,0.0033585601196554665,0.00018638718623866665,768
16,11,0.00031351772637316667,4.3006546718568514e-07,768,0.0007241842286716334,4.016715117069921e-05,768,0.0027329616049822,0.00015197561188543335,768
16,12,0.00026471382072146667,3.631190950659243e-07,768,0.0003896119608674667,2.1224161503856392e-05,768,0.009769480558488133,0.0005425664491131667,768
16,13,0.0001703398082778,2.3366228884021389e-07,768,0.0002891897086012333,1.5108815654782509e-05,768,0.0008606610761122,4.7554865393378484e-05,768
16,14,0.0014605912778653,2.0035545633535954e-06,768,0.0035299579363024,0.0001931810191347,768,0.011504994599473966,0.0006184774319454,768
16,15,0.0015549633827205,2.133008760856869e-06,768,0.0016784071320669334,9.279798844508872e-05,768,0.008769186874275733,0.00047344510692483337,768
16,16,0.0018757194492261334,2.5730033522505876e-06,768,0.004428505904883866,0.00024700997666786666,768,0.004438064434526766,0.0002311380731757,768
16,17,0.0021267764702973,2.917388848128821e-06,768,0.0040131053179854334,0.00021971031331633338,768,0.003587538882796433,0.00018627023461753332,768
16,18,0.0013736738903196335,1.8843263243125807e-06,768,0.005801625858664333,0.0003236577199635,768,0.0030446772465456667,0.0001620630293769563,768
16,19,0.005901672718390733,8.095572969160823e-06,768,0.005182178631317567,0.0002817811568604333,768,0.0139709891248879,0.0007515443795978001,768
16,20,0.0017606157196910666,2.4151107271925027e-06,768,0.006069802790923301,0.0003380037610331,768,0.008892488607877133,0.0004826096683680666,768
16,21,0.0005802983077477,7.960196256434334e-07,768,0.00016630432831006667,9.248745658129465e-06,768,0.007990301753730234,0.00042511944667999996,768
16,22,0.0006515897706397666,8.938131313178504e-07,768,0.000229117273157,1.266946889811986e-05,768,0.007437515506538199,0.0004077840265858,768
16,23,0.0008592380545231,1.1786530180467538e-06,768,0.00021008030133206666,1.1530167432740173e-05,768,0.009885534550029667,0.0005364752193388,768
16,24,0.0011871635160704333,1.6284821880400487e-06,768,0.0011560135745282334,6.377796190824153e-05,768,0.0043442974214868,0.00023334900136756667,768
16,25,0.0008274805518959334,1.1350899244388529e-06,768,0.0002258701074557,1.262917716514537e-05,768,0.0057969654642917,0.00030766635951286664,768
16,26,0.0022125116819852334,3.0349954392061782e-06,768,0.0006826683937165,3.814240660093461e-05,768,0.011373577535474933,0.0006143650967912667,768
16,27,0.0009955629328460332,1.3656556014453266e-06,768,0.0010595438140550667,5.9318072415016444e-05,768,0.0019112480031941669,0.00010248188139742196,768
17,0,0.0012343290943967998,1.6931812002862424e-06,768,0.003215550270958333,0.00017791144997846668,768,0.012156954736361266,0.0006854321506837999,768
17,1,0.0010649265614862667,1.460804613018057e-06,768,0.0012643450315486667,7.073480112947204e-05,768,0.009579350954642367,0.0005128448261865,768
17,2,0.0014878556914277002,2.0409543169228224e-06,768,0.00022373646850510002,1.2405820490247197e-05,768,0.012652641208717267,0.0006949967801004,768
17,3,0.0009201872906876666,1.2622596574001393e-06,768,0.0008444277493801,4.7191768424506564e-05,768,0.0085192772830306,0.0004664860064716,768
17,4,0.002202870395185967,3.0217700951659508e-06,768,0.00040326634197406663,2.1776805612676076e-05,768,0.021362390490974503,0.0011725410601885666,768
17,5,0.0014330413162429,1.9657631214255017e-06,768,0.0019724554464137334,0.00011016524842675565,768,0.011307147676509,0.0006005094576273667,768
17,6,0.001264123168203733,1.7340509861376375e-06,768,0.00046765796600050003,2.5744085251020652e-05,768,0.015926137770207367,0.0008845175697490332,768
17,7,0.00016569200670069997,2.272867036905112e-07,768,0.000440173349964,2.4103600680727743e-05,768,0.0008767302635247,4.69219742181458e-05,768
17,8,0.00038467274745143334,5.276718078914069e-07,768,0.0010526968673258,5.745007674558498e-05,768,0.0005433739901245667,2.804734064695893e-05,768
17,9,0.0013474159368963333,1.8483071883714241e-06,768,0.0009605610722532666,5.350956853860065e-05,768,0.008996670049948767,0.00048566387388653334,768
17,10,0.00011086619573297874,1.5207982939780215e-07,768,0.0005965027262147,3.310152260940259e-05,768,0.0035901436794337667,0.00020461954129577094,768
17,11,0.0005419320920802667,7.433910744755991e-07,768,0.00017388520694896668,9.698646617618071e-06,768,0.007741130989128466,0.00041786396860680005,768
17,12,0.0003024078877962,4.1482563400049383e-07,768,0.00040296317762020007,2.216290605235501e-05,768,0.004250271000614966,0.00023247507713096665,768
17,13,0.0002755474659269,3.7798006297848035e-07,768,0.0003694669012331,2.0513598626574307e-05,768,0.0025959882755985336,0.00014536173874877257,768
17,14,0.0012154854223383666,1.6673325442604876e-06,768,0.004095587810745767,0.00022312092795976666,768,0.0009769646212825667,4.995898005939863e-05,768
17,15,0.00024218951970083333,3.3222156339533494e-07,768,0.00048277495805863335,2.5619425313540913e-05,768,0.001978074666017,0.00010656003132736659,768
17,16,0.0012142032423739,1.6655737169472775e-06,768,0.0003908160515513667,2.160085655475488e-05,768,0.0018880177702465,9.942692543063845e-05,768
17,17,0.0013847568203082,1.8995292428998067e-06,768,0.0021358580629223,0.00011813192628786667,768,0.0038658301329468335,0.00020833658902733336,768
17,18,0.0013040541168599332,1.7888259533313002e-06,768,0.004195568150790633,0.00022982444561103334,768,0.0014758580983949667,7.414380259766762e-05,768
17,19,0.0004389511316633666,6.02127751670508e-07,768,0.0013421820615279998,7.143965612993405e-05,768,0.0013529882893014,7.232943517290584e-05,768
17,20,0.0004637966364509333,6.362093787547181e-07,768,0.0007139492922158,3.890686368084965e-05,768,0.0019033572390738333,0.00010008964377564022,768
17,21,0.0017103124262852333,2.346107573257994e-06,768,0.002121398094083267,0.00011656346980209907,768,0.006431902554652934,0.00034049751997106674,768
17,22,0.0021002825739338334,2.8810460637848094e-06,768,0.003716392314425433,0.0002049905406893333,768,0.0064462742173368994,0.0003360577873872666,768
17,23,0.0021425771174025,2.939063255158867e-06,768,0.002178824873696633,0.00011967448080151535,768,0.007927282444638166,0.000430736314131,768
17,24,0.0015065372328091,2.0665805685322442e-06,768,0.0059616571828718665,0.00031807718612533335,768,0.0029827848114813336,0.00015977592948206667,768
17,25,0.0010903208537368333,1.4956390317833752e-06,768,0.0020963164012025,0.0001157078042542914,768,0.007062939346647867,0.00037597793814310004,768
17,26,0.0024337995434359667,3.3385453140685056e-06,768,0.0045490666908958,0.00024912733996703334,768,0.0032054130018673663,0.00016582152811760002,768
17,27,0.004233038150600567,5.806636709668334e-06,768,0.004233651797418,0.0002343687170889,768,0.012079639793389134,0.0006518825521900001,768
18,0,0.0012047621164253,1.65262293237002e-06,768,0.0006441472336372666,3.545817164011611e-05,768,0.013152634901376298,0.0007105713479193666,768
18,1,0.000534220081328,7.328121835297822e-07,768,0.002323494831159167,0.00012893747812655978,768,0.005832757530166367,0.00031301058020356663,768
18,2,0.00024430942761963334,3.3512952974460347e-07,768,0.0002926367069756,1.642480637458384e-05,768,0.0050327474598231,0.00026794703920429995,768
18,3,0.0002843432288463,3.900455818486584e-07,768,0.0002229449547152,1.2515131149525103e-05,768,0.0025330112726199335,0.00013319426839973335,768
18,4,0.0006607049967257334,9.063168663903075e-07,768,0.0004360876972034667,2.4560246244611367e-05,768,0.013396330712716,0.0007252454165018334,768
18,5,0.0002487118745451667,3.4116855182033046e-07,768,0.0011547004563662335,6.44466376197936e-05,768,0.004952299927568933,0.0002645836023323,768
18,6,0.0004449453187620334,6.103502308078362e-07,768,0.0006265520157689333,3.338814703593205e-05,768,0.005704830172094,0.00029928331992786666,768
18,7,0.005082744526607833,6.972214711554725e-06,768,3.1385976043603875e-10,1.8732453956295978e-11,768,0.025098501902865136,0.0013486491923727665,768
18,8,0.0012507855424436333,1.7157552034309163e-06,768,0.0005319086185272666,2.9753908556224885e-05,768,0.008522934789045367,0.00045864552885380004,768
18,9,0.0006718456956945666,9.215990326025747e-07,768,0.0001851712984127,1.0270149038036844e-05,768,0.011006141945320099,0.0005774600764517,768
18,10,0.0012643750642228667,1.7343965209694478e-06,768,0.00498972780283,0.0002800432976469667,768,0.002759211472022533,0.0001434278661975,768
18,11,0.0011034421935234666,1.5136381260094326e-06,768,0.0018506332346072,0.00010177505316593328,768,0.002827426421401767,0.0001523951645977,768
18,12,0.0005383489986557,7.384759961639174e-07,768,0.0007816909185439999,4.370337328922733e-05,768,0.0030371405806306,0.00016109495851043332,768
18,13,0.0012243605574628333,1.6795069386951592e-06,768,0.0009175001892743666,5.127383466116235e-05,768,0.006931751715172234,0.0003632917075982666,768
18,14,0.0008340548402149999,1.1441081522237818e-06,768,0.0016147856379647,8.985704729831223e-05,768,0.008536666564921734,0.00045969357447173337,768
18,15,0.0011759915399690334,1.6131571182752312e-06,768,0.0023359711065403,0.0001287678606155879,768,0.008634869064802967,0.00046176197003409996,768
18,16,0.0008916850596357334,1.2231619490586042e-06,768,0.006323632497206934,0.0003471524168973666,768,0.002123949871969067,0.0001121710774436963,768
18,17,0.0031759572623084997,4.356594331125756e-06,768,0.00026446730453146667,1.4374952540942439e-05,768,0.0177121820177603,0.0009635182761004,768
18,18,0.0010147355081428333,1.3919554307321235e-06,768,0.006429602663150467,0.00035773470431163333,768,0.006353111953465267,0.0003373134583526667,768
18,19,0.0011120577820267,1.5254564933069464e-06,768,0.0049155279756772,0.0002704549409661,768,0.004170739958539634,0.0002193542831326,768
18,20,0.0002569665268425333,3.524918077021923e-07,768,0.0003143626476193333,1.7582345125116926e-05,768,0.013662112009661434,0.0007441704811689999,768
18,21,0.0009174005492244,1.2584369647968142e-06,768,0.0004091731857913667,2.2845927682869974e-05,768,0.020022027423972036,0.0010975904310340334,768
18,22,0.0012900777684694998,1.7696539989796084e-06,768,0.0016256700608700333,8.921944884388911e-05,768,0.005933717225335734,0.0003200949605596,768
18,23,0.0005273146284117666,7.233396827976259e-07,768,0.0015804194010550666,8.585706408774261e-05,768,0.0069480597467545665,0.00037898147242046665,768
18,24,0.0025641240586392997,3.5173169606485997e-06,768,0.002434546347152167,0.00013302322400643332,768,0.005888622996303934,0.0003079673620428333,768
18,25,0.0046330624973926334,6.355366927809161e-06,768,0.0005071008288867668,2.75283406001627e-05,768,0.018111218687553266,0.0009880913783264667,768
18,26,0.0006649625289739666,9.121571020577679e-07,768,0.0017356196681143335,9.551715530626767e-05,768,0.0041940893492151,0.00022275503259893336,768
18,27,0.0013792963310464334,1.8920388655257173e-06,768,0.00037318805014886666,2.0649079980390266e-05,768,0.010869030907969068,0.0005953681006695333,768
19,0,0.0047046073202897,6.453507979881589e-06,768,2.6631082865841173e-08,1.422096652365331e-09,768,0.02998483900797543,0.0016582924548033666,768
19,1,0.0006916485411604,9.487634307818988e-07,768,0.0011397760331292668,6.207303445164381e-05,768,0.005853266606640533,0.0003031543457586,768
19,2,0.0006885660561116334,9.445350567172493e-07,768,0.0021484337811921335,0.00012130675480304883,768,0.02169510409871353,0.0011780947800547335,768
19,3,0.00019580026588676667,2.685874705715739e-07,768,0.0010129991179965668,5.5557555542381835e-05,768,0.0021335500685441666,0.00011160917499711221,768
19,4,0.0007457097560355999,1.0229214794810616e-06,768,0.0013733464116603333,7.704307271507993e-05,768,0.017420078140849133,0.0009541946250928001,768
19,5,0.0005018363437590334,6.883900460837704e-07,768,0.003167367994132067,0.00017848785452243332,768,0.005536808580363934,0.0002907578441945,768
19,6,0.0011941035701808,1.638002158243704e-06,768,0.008532580135584033,0.00046640139798546665,768,0.0023168714492479664,0.00011813978640628927,768
19,7,0.00025265435884383333,3.465766241914016e-07,768,0.0001487561384426667,8.33183603120384e-06,768,0.003697228090695433,0.00019885102476379998,768
19,8,0.0004435863195437,6.084860343013638e-07,768,8.905843841611342e-05,4.907276095546485e-06,768,0.007245735915786501,0.0003954804530158667,768
19,9,0.00017886695522053336,2.453593354632986e-07,768,0.00011294520682605441,6.235164715509729e-06,768,0.004004533736828866,0.00021921085057940003,768
19,10,0.00027404686372403333,3.759216236246165e-07,768,0.00021857868804446668,1.2115073880146545e-05,768,0.010579364338350732,0.0005738418904040666,768
19,11,0.0007063866826922,9.689803639168774e-07,768,0.0007520169470223333,4.156426602277876e-05,768,0.0073767403638136,0.00039566889455206665,768
19,12,0.00022874274311746666,3.137760534585658e-07,768,9.327968840239562e-05,5.046500684620984e-06,768,0.0117000577275329,0.0006468608145004667,768
19,13,0.00040714500017206666,5.58497942000507e-07,768,0.00018087230453450002,1.0008211013691481e-05,768,0.004573602976311733,0.0002515821895981666,768
19,14,0.0006469115317096334,8.873957909952133e-07,768,0.0012893181831626667,6.935486779715747e-05,768,0.011771207399541168,0.0006397813802076334,768
19,15,0.0013856695396208332,1.9007812601422199e-06,768,0.0139438225541335,0.0007639142610672001,768,0.0016266386990766333,8.637021153227245e-05,768
19,16,0.0013894162709115,1.9059208134529649e-06,768,0.004217615564465801,0.00022465007270746666,768,0.011112917715223566,0.0005985986449427,768
19,17,0.0013008610764645332,1.7844459223439919e-06,768,0.013105436774302833,0.0007144648210165335,768,0.003682284029414867,0.00019172099443863334,768
19,18,0.0013626592476992333,1.8692170714497764e-06,768,0.0136999128806838,0.0007505725936987,768,0.0012446359403435667,6.545702433445946e-05,768
19,19,0.0013827282144354333,1.896746528499826e-06,768,0.008181820087924034,0.00044893780675586665,768,0.0059119176538316,0.00031392907769206666,768
19,20,0.0006802901512835,9.331826547155593e-07,768,0.005543850287094701,0.0002992610412015,768,0.0038370685933266997,0.00020740717121296668,768
19,21,0.0003363399658031,4.613716950543864e-07,768,0.0010013580752672665,5.375828822690729e-05,768,0.010740283094934902,0.0005849429749822333,768
19,22,0.0009617130562161666,1.3192223037051527e-06,768,0.012457402805461032,0.0006824200728051999,768,0.002803800192080067,0.00013922919271022155,768
19,23,0.0013691382441876666,1.8781045889994531e-06,768,0.006729753324470467,0.0003710432794290667,768,0.009650766223384568,0.0005122862411064666,768
19,24,0.0006884191889559667,9.443335931987471e-07,768,0.0050431271783232335,0.00028234633235726665,768,0.002933216875695067,0.00015101148438943332,768
19,25,0.0007459780761057334,1.0232895418702705e-06,768,0.003652687584388833,0.00020220446996683334,768,0.003435711498227,0.0001800956167184,768
19,26,0.0026813950397092667,3.6781825202284832e-06,768,0.004763995156492733,0.00025580542760213334,768,0.011210075719820467,0.0006150188056298667,768
19,27,0.0006317168658549,8.665526295874832e-07,768,0.0016937662887598333,9.335384629524715e-05,768,0.007335401743913367,0.0003928715646747667,768
20,0,0.0003068785034333667,4.2095816508476983e-07,768,0.0004514082071736666,2.4974085704954074e-05,768,0.005022550698091233,0.00027140807691196665,768
20,1,0.0005125512896465,7.030881898374054e-07,768,0.0001113079040395637,5.990703098197707e-06,768,0.014192587848645133,0.0007827905073556999,768
20,2,0.0013321280250231666,1.8273361109364002e-06,768,0.0008843928007239334,4.813539375940074e-05,768,0.02215630125979823,0.0012039106465283002,768
20,3,0.00046555901363843337,6.386269076668994e-07,768,0.0003226909018128,1.7984297459195987e-05,768,0.005889242826309933,0.0003200461349814,768
20,4,0.00031648443563056663,4.341350276035219e-07,768,0.0007711031228046667,4.264697137756677e-05,768,0.004002209944777033,0.000218602436299,768
20,5,0.0003904626391648333,5.356140447602187e-07,768,0.0010551167991035,5.7961034452841516e-05,768,0.013325787942691231,0.0007114439117546332,768
20,6,0.0005427266407402,7.44480988017168e-07,768,0.0007963608876179667,4.414366184936578e-05,768,0.007125672927140568,0.00037922094831733334,768
20,7,0.0003404395454313667,4.669952608012427e-07,768,0.000578413928394,3.111006487528425e-05,768,0.0062504710696925,0.0003457289052776334,768
20,8,0.0002924272723529334,4.011348043779415e-07,768,0.002302415283117134,0.00012648117750113335,768,0.0014693270535558998,7.677076118768986e-05,768
20,9,0.0002293073342567,3.145505262162637e-07,768,0.0005832064489126667,3.2013407613015254e-05,768,0.0018384985514699002,0.00010049494458638557,768
20,10,0.00029567207018666667,4.0558582938055764e-07,768,0.0007168098670000666,3.8894584168073036e-05,768,0.003969759979499533,0.00021848518264066665,768
20,11,0.000285567691044,3.9172522815643786e-07,768,0.0010631347288754,5.755066014050241e-05,768,0.0012332092846293332,6.731818403172875e-05,768
20,12,0.0002492003560506,3.418386233819897e-07,768,0.0008360397670228668,4.6615193706837456e-05,768,0.005590753144211167,0.0003200565776594667,768
20,13,0.00015857059393083333,2.1751796146209204e-07,768,0.0001919355740707,1.0531001347096301e-05,768,0.0009436428370012999,5.138552273490181e-05,768
20,14,0.0011985877774604665,1.6441533304533957e-06,768,0.0026002470904793,0.00014061241353325636,768,0.005338087149579733,0.0002909673270256,768
20,15,0.0006487085396604,8.898608206790963e-07,768,0.0025002329996886663,0.00013922078726853334,768,0.0028158790161857,0.00014728449881996666,768
20,16,0.0005363398455969,7.357199526069832e-07,768,0.0009834002476948,5.425339700298957e-05,768,0.006232781269707367,0.0003431480888062,768
20,17,0.0011202649915464666,1.5367146697355547e-06,768,0.0043130996578059,0.0002402633124863,768,0.010142699751455033,0.0005348650905667667,768
20,18,0.00034705277383863335,4.7606690533870486e-07,768,0.0003529017281204666,1.973889992481122e-05,768,0.0187512026667692,0.0010393974344730334,768
20,19,0.0005404127705286333,7.413069573242355e-07,768,0.0021272044653537665,0.00011964836710129784,768,0.002450936197375467,0.00012821816661027133,768
20,20,0.0005485702461336334,7.524969093246178e-07,768,0.0007636418076434334,4.238322189855393e-05,768,0.004597988115850833,0.00025521192147146666,768
20,21,0.0011724153751951332,1.6082515481992784e-06,768,0.0095184039265777,0.0005219981655482667,768,0.005628321927921932,0.00028787213134503337,768
20,22,0.0008100112618938334,1.1111265625670469e-06,768,0.0018131796274102666,0.00010085453226527787,768,0.0086315821986048,0.0004647423078940333,768
20,23,0.00036161186389130004,4.960382206116562e-07,768,0.0017860050612028332,9.836027073892627e-05,768,0.004700561336876467,0.0002582077726755,768
20,24,0.00048202952556846665,6.612202002269392e-07,768,0.002554304157206,0.00013736920481153967,768,0.004282811951943434,0.00023089462917913334,768
20,25,0.0007965828672779667,1.0927062655775834e-06,768,0.0017618346554700666,9.24454460762663e-05,768,0.009945381667205601,0.0005308976313413,768
20,26,0.0006858542026359667,9.408150953415288e-07,768,0.004871123310531733,0.0002726970150323333,768,0.0010747184678256666,5.553213316287648e-05,768
20,27,0.0007082580711768,9.715474226939593e-07,768,0.0038206842487852333,0.00020961687972643334,768,0.004586954802500167,0.0002446281448157666,768
21,0,0.0009212375188250334,1.2637003013804523e-06,768,0.0015313114559764001,8.399909954313499e-05,768,0.013634780917597967,0.0007388125918630666,768
21,1,0.0011782676544552,1.6162793647523255e-06,768,0.008425513637193434,0.0004521963075591667,768,0.002497054049089733,0.00012260966502629993,768
21,2,0.0008400656589117,1.1523534477025255e-06,768,0.0045836229596193,0.00025509181888879996,768,0.003433884612826867,0.0001792476269816074,768
21,3,0.0007074384245085667,9.704230765406632e-07,768,0.0024188396440628997,0.00013307803814896667,768,0.0027777885009015336,0.00014764536623070848,768
21,4,0.0019160498079551335,2.628326215510133e-06,768,0.008900956668160733,0.00046758828742363335,768,0.0061852858585641326,0.0003263879741752667,768
21,5,0.0011640700404167332,1.5968038926964568e-06,768,0.011247086639411902,0.0006101805660404334,768,0.0023857848947332998,0.0001269325561606229,768
21,6,0.006047606930632633,8.295757093356085e-06,768,0.0029165782179249662,0.00015474426422241297,768,0.008483698168290232,0.0004555045969644,768
21,7,0.00019193968956163332,2.6329175542816815e-07,768,0.0009369597429616999,5.230917497445198e-05,768,0.0010493245112839667,5.625303635800142e-05,768
21,8,0.00028405798190743334,3.896542962990391e-07,768,0.0004541534690428,2.5828458865680717e-05,768,0.0019387874488751,0.00010687341853349312,768
21,9,0.00020183333808246668,2.7686328962155587e-07,768,9.866199453611412e-05,5.470516758277052e-06,768,0.0028887762868227665,0.0001597646324615,768
21,10,8.003761187580505e-05,1.0979096291631822e-07,768,0.00017695166713536665,9.725469043923851e-06,768,0.004955518787455433,0.0002777316586619,768
21,11,0.00023597698536873335,3.236995679403029e-07,768,0.0001573902733548,8.63522967192142e-06,768,0.002580770963575467,0.00013701100161553334,768
21,12,0.00028090889797373336,3.8533456550234307e-07,768,0.0003048924185068,1.725639786771772e-05,768,0.004626939093611733,0.00024678246587969997,768
21,13,0.0002006632970306,2.752582945553834e-07,768,0.0010251349935138665,5.717033864742555e-05,768,0.002298029447695167,0.00012555765847903333,768
21,14,0.0006827976450917666,9.366222833468601e-07,768,0.008395136637946533,0.0004602788803993333,768,0.002268467680740533,0.0001173003520504504,768
21,15,0.0009633737507565,1.3215003469310611e-06,768,0.00017063380341336668,9.594002422623656e-06,768,0.008313442732740433,0.00045206115798613326,768
21,16,0.0020537409706504668,2.817202972106192e-06,768,9.953438729490933e-05,5.449664976256603e-06,768,0.0017054371334926334,8.903130981728635e-05,768
21,17,0.0012316463387109001,1.6895011525705184e-06,768,0.0014634981984607334,7.993105521050994e-05,768,0.007554485808352467,0.0004015895582037666,768
21,18,0.0016837514764924,2.309672805859852e-06,768,0.0015600229482199332,8.353933004536277e-05,768,0.008868761694110668,0.0004826973404033333,768
21,19,0.00030438126599003333,4.175326022864356e-07,768,0.00024437376600346664,1.3527641122740042e-05,768,0.0106544544321353,0.0005774625889774667,768
21,20,0.0006649190294692333,9.120974367188752e-07,768,0.00017252205179626667,9.480919531920737e-06,768,0.0076234735545746,0.0004064815200247,768
21,21,0.00022742521508613332,3.1196874421225026e-07,768,0.0008830443890976,4.898644090266767e-05,768,0.008125842791027868,0.0004415636786774,768
21,22,0.0003308595370400667,4.538539601290095e-07,768,0.003930425988307367,0.0002156012647991333,768,0.0017655244466331333,9.431461939667232e-05,768
21,23,0.0015773933303562335,2.163776860059476e-06,768,0.0006652864297421332,3.627790145657063e-05,768,0.007612535966124133,0.0004144613544256333,768
21,24,0.0004541115664032333,6.229239584009001e-07,768,0.0036742927559912327,0.00020285069669293332,768,0.0018613949406008333,9.543952445809768e-05,768
21,25,0.000456921964205,6.267790979185844e-07,768,0.004037449147394467,0.0002205050711491,768,0.0030671642965528333,0.0001629963283188954,768
21,26,0.00015033623748919998,2.062225483767652e-07,768,0.0007565503628469333,4.119995159807856e-05,768,0.006455728529693866,0.0003518151441204333,768
21,27,0.0002134154376308,2.9275094331131696e-07,768,0.002609991076798934,0.0001465919208834,768,0.0008518449645419,4.4020766471946617e-05,768
22,0,0.0003386820678333333,4.6458445415669067e-07,768,0.0007167549382340333,3.8822876475925104e-05,768,0.0011240446895292666,5.965843661373538e-05,768
22,1,0.00025704100007213333,3.5259396408261233e-07,768,0.0024732974403804332,0.00013685643197369998,768,0.0010732833789497667,5.600382854396832e-05,768
22,2,0.0004853725040389,6.658059037998474e-07,768,0.0001456909829825,7.9597941774918e-06,768,0.0018792344698406998,0.000102101938294181,768
22,3,0.0002326799936003,3.191769469007091e-07,768,0.0006687633300589665,3.674041780770288e-05,768,0.0003192791318618333,1.6803053699394017e-05,768
22,4,7.714140733648443e-05,1.058181172287407e-07,768,0.0006654377399491667,3.458296773058159e-05,768,7.410736615103015e-05,3.5710389907411114e-06,768
22,5,0.00023743701633946666,3.2570235402646494e-07,768,0.0005171665754825999,2.7843662153313856e-05,768,0.00023807047348393335,1.2707327656201906e-05,768
22,6,0.00013616130800416667,1.8677820081801632e-07,768,0.00037374714472649995,2.0056525484651953e-05,768,0.0006452348189243,3.4806727561092826e-05,768
22,7,0.00037961598105716674,5.207352285434902e-07,768,0.004250782750084067,0.0002356798485902667,768,0.0014514998567424333,7.682461746444696e-05,768
22,8,0.00027293905257210003,3.7440199243367075e-07,768,0.0012957384658029666,7.198888016490574e-05,768,0.006166935615294733,0.00033318014244066666,768
22,9,0.0003129231044100333,4.2924979900603e-07,768,0.0017734333272986667,9.917859146487887e-05,768,0.0017666927796915332,9.570204064211569e-05,768
22,10,0.00010652542646164935,1.461254131226376e-07,768,0.0009423549141904,5.035175863027404e-05,768,0.0037568115716354335,0.000207747700697,768
22,11,0.00012160077769014041,1.6680490753436e-07,768,0.0005052628913589,2.806660513206156e-05,768,0.004234429799669667,0.00023610276374229998,768
22,12,0.0002162560244659,2.9664749650688783e-07,768,0.0027818433347151666,0.000152512069537,768,0.0019738926854693333,0.00010584131859955745,768
22,13,0.0005047160007539999,6.923401944102754e-07,768,0.007089493511678567,0.0003936446846942333,768,0.0014072475527872666,7.525559951929248e-05,768
22,14,0.00015391797679496669,2.1113577076144027e-07,768,0.0012847790319666002,6.990947245219883e-05,768,0.0007666234773466333,3.932963330007325e-05,768
22,15,0.0008423183330283666,1.1554435271311535e-06,768,0.007212774911116433,0.0003926520990187,768,0.0015340348076562666,7.777844193540926e-05,768
22,16,0.0008006413779159666,1.0982734941040941e-06,768,0.0012390687897516333,6.700702803355493e-05,768,0.002918452153175133,0.00015325761792343333,768
22,17,0.0005893653165399334,8.084572217027761e-07,768,0.0061465012452686,0.00033648162895909994,768,0.0013956999695197,6.669763800020094e-05,768
22,18,0.00037105654340719997,5.089938860604139e-07,768,0.0024857048280498,0.00013878127445386668,768,0.007449762110656434,0.00038593042207166667,768
22,19,0.0003755893280315,5.152116976586027e-07,768,0.0026685647280986664,0.00014540867424620287,768,0.0010029455372111333,4.849986238523058e-05,768
22,20,0.0002779246814013667,3.8124098901012816e-07,768,0.0011721411389488334,6.520313740226065e-05,768,0.0007886592957388333,4.244826309210877e-05,768
22,21,0.00020336422979513335,2.789632784395126e-07,768,0.0014169019850558335,7.829941532074958e-05,768,0.0023145211261315335,0.00012344665193564708,768
22,22,5.8688749439444556e-05,8.050582934671195e-08,768,0.0008195400006854335,4.312041876046692e-05,768,9.376224837879143e-05,4.895042214573854e-06,768
22,23,0.0005449119724900333,7.474787034367021e-07,768,0.0014523029174749666,7.695472417520831e-05,768,0.006028987627339566,0.0003235592482848,768
22,24,0.0004255901926943,5.837999899988679e-07,768,0.004244810380352001,0.00023467446953800002,768,0.0016968292116729,8.641984891844384e-05,768
22,25,0.0004549836474926,6.241202291498956e-07,768,0.007909938947119867,0.0004366554448536999,768,0.0027345355535561993,0.00014533876443083334,768
22,26,0.00015689859217676668,2.152244057274371e-07,768,0.0021855027961077667,0.0001226226576693,768,0.0012523547932015333,6.600370106729936e-05,768
22,27,0.0005133890599442333,7.042373947560237e-07,768,0.004631510383138666,0.00025421912056673333,768,0.0032977352871753,0.0001766350173656,768
23,0,0.0011509242845484334,1.5787713117311953e-06,768,0.0092392665291539,0.0005143386333679333,768,0.0047363177837466,0.0002481564794898,768
23,1,0.0007498733543506667,1.0286328563434597e-06,768,0.004053596539248067,0.00022246996951439998,768,0.003674366155498567,0.00019402628235446666,768
23,2,0.0006964198182863333,9.55308390835206e-07,768,0.004240505488814333,0.00023475411048410003,768,0.0030934934039001335,0.0001628238356820088,768
23,3,0.00046084057154626665,6.321544194877818e-07,768,0.0034145301171552,0.00018707694608116666,768,0.0011344781852113,5.647261178815942e-05,768
23,4,0.000422241975033,5.792070967178673e-07,768,0.003073021976577566,0.00016782075582139248,768,0.0006176648639229667,2.7869111994395176e-05,768
23,5,0.00039607971123110003,5.433192194132808e-07,768,0.004161904683790033,0.00023479518490643336,768,0.0014774233590787334,7.602115150140559e-05,768
23,6,0.0011198433926804,1.5361363397183087e-06,768,0.008985501570621666,0.0004981895107653334,768,0.002227336871867,0.00011491676526439953,768
23,7,0.0010668992077171667,1.463510569812763e-06,768,0.00046276634056253334,2.5150611801088928e-05,768,0.0014625223869125668,7.699954002319614e-05,768
23,8,0.0013809105258715336,1.89425311573942e-06,768,0.0023072341888082334,0.00012625831317463333,768,0.002062678202196,0.00011133273355664567,768
23,9,0.0008206564346389334,1.1257289898652764e-06,768,0.0008360234646954667,4.553534043733361e-05,768,0.0020875873946067,0.00011408247830146829,768
23,10,0.0009511047795044667,1.3046704811997892e-06,768,0.00010606157364122114,5.682188635101769e-06,768,0.0037716312633856337,0.00019382357195326665,768
23,11,0.0007767972482378999,1.065565498805199e-06,768,0.0050406620258387335,0.00027512358615643334,768,0.0016970811993443332,8.367800650791444e-05,768
23,12,0.00027718479188486663,3.802260508118835e-07,768,0.0014565384958351334,7.927451987772503e-05,768,0.0016670441912455666,8.983723410683433e-05,768
23,13,0.00034546917239,4.7389461513858817e-07,768,0.0017187144563358002,8.876383571893418e-05,768,0.001157825148770667,6.103948464092602e-05,768
23,14,0.0003957965103827666,5.429307430446887e-07,768,0.0008010755831156666,4.4266658773532164e-05,768,0.0014896392525853,7.355420803845325e-05,768
23,15,0.0007705848985840334,1.0570437570787078e-06,768,0.001378855251531,7.84897347125885e-05,768,0.0011745686583384666,6.320946349262916e-05,768
23,16,0.0007768533558028334,1.0656424622379234e-06,768,0.0006521759634731,3.6052751452015155e-05,768,0.0024303037048778666,0.000132955151791,768
23,17,0.0021251224336202,2.9151199378736345e-06,768,0.0024864440368414335,0.00013601610207704124,768,0.0045327000549782665,0.00023760115985603332,768
23,18,0.00032199647959526667,4.4169613120333644e-07,768,0.002413782043229833,0.0001329407465187054,768,0.001470255423617733,8.200880384808e-05,768
23,19,0.00043023063150033334,5.901654765122111e-07,768,0.0014265800895630666,7.99304158160206e-05,768,0.0007266957459924666,3.918665212348355e-05,768
23,20,0.0027367048760101667,3.7540533175835144e-06,768,0.0013521498068446,7.40477060369387e-05,768,0.0012352859555078333,6.670423004080893e-05,768
23,21,0.0005150242489264667,7.064804504649329e-07,768,0.00036786187865239995,2.034165821557272e-05,768,0.0039704327157812,0.00021033410356533335,768
23,22,0.0008821893620858333,1.2101362959391314e-06,768,0.0004914368279845333,2.780271847749952e-05,768,0.0048715064374956,0.00025705486956093335,768
23,23,0.00033268091905376665,4.563524258101394e-07,768,0.0002870951891451,1.5676949317333063e-05,768,0.0017141799258464,8.963954366791898e-05,768
23,24,0.00032390223856496665,4.4431034096677175e-07,768,0.00035526227082576667,1.9811410359898626e-05,768,0.003386000485634566,0.00018183410992806664,768
23,25,0.0011646473061379334,1.5975957562593124e-06,768,0.0017065542255345998,9.216793681890622e-05,768,0.006312731200233933,0.00033863424579083336,768
23,26,0.00035008635833323336,4.802282003822876e-07,768,0.0005280452572003666,2.88426446302372e-05,768,0.003884581993427533,0.00021252918408990002,768
23,27,0.0006705413274639667,9.198097755787159e-07,768,0.00014240578172276667,7.83943291182785e-06,768,0.007111573602188,0.000386603452047,768
24,0,0.0012759155461979001,1.7502270872893817e-06,768,0.0020242517478908334,0.00011008334306703027,768,0.0030792735667507,0.00016141488298216666,768
24,1,0.0005057275517407,6.937277810940314e-07,768,4.2213128767611595e-05,2.2464014729952028e-06,768,0.003588431963724667,0.00018955605674539998,768
24,2,0.0005928597968614333,8.132507478547245e-07,768,0.00039984509762210004,2.1196155318359392e-05,768,0.0065387780808637665,0.0003628221587057667,768
24,3,0.0006317552111913667,8.666052259773821e-07,768,9.976557269978361e-05,5.381903465394343e-06,768,0.0033441307155949672,0.0001749472575784,768
24,4,0.00012711895198695263,1.7437441943584224e-07,768,6.408405991184067e-05,3.490148443501288e-06,768,0.0017048311421103666,9.284353043251455e-05,768
24,5,0.00032213189671516666,4.418818892769776e-07,768,9.167794274978436e-05,4.973104674221389e-06,768,0.006550672266348733,0.00035609190423333334,768
24,6,0.00024255220843696665,3.3271907944640126e-07,768,0.00013163133956923333,7.252471242226448e-06,768,0.003380142119300867,0.00018063655908399999,768
24,7,0.0001827794544559,2.507262758401437e-07,768,0.00016528548765149998,8.791929225519194e-06,768,0.0031249621074673334,0.000164704615329213,768
24,8,0.00015629077011216667,2.143906308543961e-07,768,0.0002553734532236333,1.3965254057179705e-05,768,0.001199381252974,6.49253661253089e-05,768
24,9,0.00024676062217269997,3.384919376948534e-07,768,0.00020276081197226665,1.1096206835174358e-05,768,0.0010684016824994,5.883984115408799e-05,768
24,10,0.00014792518429736665,2.0291520496987407e-07,768,0.00019832115841023336,1.0904430642343059e-05,768,0.00036105895744723335,1.9935787046749393e-05,768
24,11,0.0002855084481482,3.91643961463977e-07,768,0.0006268763959055666,3.525245793718305e-05,768,0.0021815288384548666,0.00012615526253634637,768
24,12,0.0005838736592867333,8.009240894648713e-07,768,0.00026481628875836663,1.4544707150906857e-05,768,0.0014526889636513331,8.045153283337725e-05,768
24,13,0.00011807945301880439,1.6197455817207925e-07,768,0.0006940598554610334,3.807512408174702e-05,768,0.0010874570246027667,5.8925041200027455e-05,768
24,14,0.00023945385744173335,3.2846894003917066e-07,768,0.0021135184514488,0.00011707904592650002,768,0.009413114395721333,0.0005015164470101334,768
24,15,0.00043588050508133335,5.979156440379973e-07,768,0.0018238153221284334,0.00010322074797396181,768,0.004109664982046401,0.00021467320134636666,768
24,16,0.00019318342516256668,2.6499784011369337e-07,768,0.0006944835333188666,4.040501024056116e-05,768,0.0022268910479355335,0.00012343667348035006,768
24,17,0.00021014055226590002,2.8825864615365117e-07,768,0.0010340824081149001,5.681849656276877e-05,768,0.0036206993734164334,0.0001930849545057,768
24,18,0.0013082448303390667,1.7945745290937053e-06,768,0.0014534890561451002,7.668312036159576e-05,768,0.007475639033175466,0.0003974643003300667,768
24,19,0.00019625053216713333,2.6920511878333214e-07,768,0.0024491466317343,0.00013758365097676667,768,0.0017290985972805333,8.97180292289356e-05,768
24,20,0.000110057109099818,1.5096997162132586e-07,768,0.0002648988263442667,1.4567565598375587e-05,768,0.0052603311949314,0.00028769572428456665,768
24,21,0.0009818296717691334,1.3468171153958326e-06,768,0.0084588707167245,0.0004654674773846,768,0.0008381246421994667,4.2425976347095926e-05,768
24,22,0.00032375645938879997,4.4411036898667425e-07,768,0.0005404089745438666,2.918583361591966e-05,768,0.0013157772297694998,6.729201826948088e-05,768
24,23,0.0003597510074987667,4.934856075920172e-07,768,0.003377491020308867,0.00018463721375843335,768,0.0010312449747819335,5.387871970246455e-05,768
24,24,0.0008295416068244333,1.1379171564480234e-06,768,0.0027543845187813,0.00014816480130087036,768,0.0054201740543371,0.00028939931655296664,768
24,25,0.0006084007388173332,8.345689128121093e-07,768,0.0021410618153020334,0.00011856208958077781,768,0.0013042601617562668,6.8095758643449e-05,768
24,26,0.0002733193981878667,3.7492372876676085e-07,768,0.0051295572175267005,0.0002805770120548,768,0.0009189538679821666,4.7008627678523165e-05,768
24,27,0.0006095946801787667,8.362066942146671e-07,768,0.003910428612426666,0.0002172121633402,768,0.0017161601831136,8.980531436915695e-05,768
25,0,0.00014104449011853335,1.934766670818921e-07,768,0.0003527549425160666,1.9974971416420833e-05,768,0.002122820877359767,0.00011691680474153108,768
25,1,0.00015301785680716667,2.0990103785356132e-07,768,0.00013200389715053334,7.2685335918886455e-06,768,0.0038737378903917334,0.00021403923242513333,768
25,2,0.00023735956201510004,3.2559610774632043e-07,768,4.829547410252951e-05,2.6895654031407252e-06,768,0.0017312640608880333,9.533973506028733e-05,768
25,3,0.0002123139240561,2.91239951003388e-07,768,0.0001808839614046333,1.0064293242826455e-05,768,0.003135653556734034,0.00017410201034323333,768
25,4,0.0006507193216996666,8.926190968596651e-07,768,0.00014529811110545213,7.787466569928366e-06,768,0.0058288532952713,0.0003149536449779667,768
25,5,0.00012721736811845857,1.7450942151046015e-07,768,0.00023796690426943333,1.348072290055831e-05,768,0.0019383421408378,0.00010707313866134306,768
25,6,0.00013466976228663333,1.8473218435293912e-07,768,7.995809284792376e-05,4.44582826317594e-06,768,0.0012775973108174667,7.043116155711938e-05,768
25,7,0.0003217906915150667,4.414138412861822e-07,768,0.002228871229156067,0.00012505201156456667,768,0.0006278796564634,3.442493045698452e-05,768
25,8,0.00035631877675520004,4.887774717149504e-07,768,0.002606516601306333,0.00015202959441913333,768,0.0009154813803763334,4.8575119136551964e-05,768
25,9,0.0002988550645294667,4.099520771250619e-07,768,0.0026988617562904334,0.00014799630977713787,768,0.0005675054118044333,2.9250398522482426e-05,768
25,10,0.00042656479637463333,5.851368954759526e-07,768,0.003707724450924833,0.00020040498779416664,768,0.0006658203021967668,3.344300520695687e-05,768
25,11,0.0003225645445408667,4.4247536978213277e-07,768,0.0027350512033068332,0.00014910849644080002,768,0.0006062245703036999,3.1809932740129355e-05,768
25,12,0.00033655325199949995,4.6166426763838924e-07,768,0.0026985193184410664,0.0001491642575371,768,0.0006446594484294334,3.372818859514535e-05,768
25,13,0.0004679764836361333,6.419430490939055e-07,768,0.0015901428471124333,8.916294726639264e-05,768,0.0009779283968705333,5.197410604290657e-05,768
25,14,0.0002922222293156,4.008535375184885e-07,768,9.371982946534609e-05,5.181153324091134e-06,768,0.004013282562749333,0.00021872863223883332,768
25,15,0.0005343012753106,7.329235595758995e-07,768,0.0002386706189623,1.3200633183095903e-05,768,0.008012291868790699,0.0004413501706814667,768
25,16,0.0005776787240549667,7.924262329578208e-07,768,0.00014642853504636666,7.922114028640024e-06,768,0.0014860181418727334,7.790374436739009e-05,768
25,17,0.00023734795167006667,3.255801815528329e-07,768,0.00020747062214310002,1.1537781563844435e-05,768,0.0066818567033791005,0.0003729249137120333,768
25,18,0.0003907115615100333,5.359555014407941e-07,768,6.270089387395521e-05,3.4366405534101718e-06,768,0.005931417612338733,0.0003225741285613,768
25,19,0.0004363841728492666,5.986065475407284e-07,768,0.00012376749592360808,6.878509291436138e-06,768,0.0026074469111518335,0.00013704033759277335,768
25,20,0.0008596286760587333,1.1791888567766675e-06,768,0.0010296610070410334,5.584396490068873e-05,768,0.003262604155098067,0.00017535088689879999,768
25,21,0.00031929502967353336,4.37990439465189e-07,768,0.0004598009544439,2.3315937772670017e-05,768,0.001479475290877633,8.006402932523501e-05,768
25,22,0.0005377170178471,7.376090785379929e-07,768,0.00040154699628306665,2.192380413505868e-05,768,0.0031791964773196335,0.00016563063557610658,768
25,23,0.00026600633422123337,3.648920909012714e-07,768,0.0021400005644346665,0.00011803599944535061,768,0.0011778314283745997,5.718255493589059e-05,768
25,24,0.0018622558465328336,2.554534769244628e-06,768,0.0032031055931892,0.00017425618649423335,768,0.0031560452724604,0.0001670842778897,768
25,25,0.0005958543514261666,8.173585077165399e-07,768,0.007248872733408167,0.00040611089304930004,768,0.0020237990257488,0.00010760414872033402,768
25,26,0.0010204762509206666,1.3998302533360797e-06,768,0.0012577746009415,6.871094683005159e-05,768,0.0049591790854555335,0.0002643144338916,768
25,27,0.00023175186601013335,3.1790379519197013e-07,768,0.00020836791098473336,1.1252111774836862e-05,768,0.0014413353550341665,7.415715556881597e-05,768
26,0,0.0005798507381001667,7.954056763368423e-07,768,0.0065456685657613,0.00036381873681983336,768,0.0009927725230559667,5.1071531273793234e-05,768
26,1,0.00032853037239303335,4.5065894824940185e-07,768,0.004063289104724933,0.00022662056221130003,768,0.0007910224928780333,4.2444650058022015e-05,768
26,2,0.00030587750927520005,4.195850607254225e-07,768,0.004851491115631966,0.00027294012021123333,768,0.0009416127123483333,5.1801818192702874e-05,768
26,3,0.0003107996508429,4.2633696885375686e-07,768,0.004470467852609833,0.0002456202612893333,768,0.0012809034952724332,6.904718110265061e-05,768
26,4,0.00020955423704193334,2.8745437201173736e-07,768,0.0035895651794200997,0.0001924977016218,768,0.0006600923281017999,3.2992208365633983e-05,768
26,5,0.00012049047985353098,1.6528186557612155e-07,768,0.0009350053625426,5.226361885684542e-05,768,0.0006384469636467999,3.32921752605842e-05,768
26,6,0.00019870315247126668,2.7256948228528073e-07,768,0.002253698229440567,0.00012653125847846667,768,0.0006451607110286333,3.371602759638543e-05,768
26,7,0.0010927588595854001,1.498983344191082e-06,768,0.004157057678827633,0.00023013897576786666,768,0.0021408192606702336,0.00011417695461494544,768
26,8,0.0040789909370649,5.595323644149118e-06,768,0.0003097462378948,1.6676360236277343e-05,768,0.0048495983305123,0.0002640262537009,768
26,9,0.0010952152437871334,1.5023528768151303e-06,768,0.0038847575487526,0.00021300538421350002,768,0.0016529987125298,8.72178090572362e-05,768
26,10,0.00047073955883103334,6.457332768607813e-07,768,0.0005701256183379334,3.12963889604363e-05,768,0.0008828638554263333,4.655419957928569e-05,768
26,11,0.0014543226959962668,1.9949556846459576e-06,768,0.00020915056306250001,1.09892407110015e-05,768,0.0023041220418657,0.00011966373903601807,768
26,12,0.0007519656989999333,1.0315030177405315e-06,768,0.0014520992439459,8.040964448361937e-05,768,0.0073228542202617665,0.0003818405722443,768
26,13,0.0003340544203691333,4.582365158576635e-07,768,0.0016242739876007667,8.883310992403783e-05,768,0.0019347784230418,0.00010108118574080017,768
26,14,0.00032871985505886664,4.5091886944882914e-07,768,0.0039894214780123,0.00022636095200629999,768,0.0014313021362110665,7.677490703559356e-05,768
26,15,0.00017342873147613335,2.3789949442316858e-07,768,0.0018956996080916999,0.00010511826491593178,768,0.0011259740031323666,5.7369104463791606e-05,768
26,16,0.0001404401285668,1.926476390673825e-07,768,0.0021403129491834334,0.00012615161704645174,768,0.0007855277234684333,4.5200446716231003e-05,768
26,17,0.0004078862118989,5.5951469224776e-07,768,0.0044579392434118,0.0002505325568864666,768,0.0010253483558871998,5.440905480253048e-05,768
26,18,0.0002562723780716667,3.5153961200948286e-07,768,0.0036744225849944666,0.00020963075985123332,768,0.001025170909034,5.400994473242206e-05,768
26,19,0.0002879477171964333,3.9499000955864517e-07,768,0.002983890448833367,0.00016713030793566667,768,0.0004898526371334,2.5222241495317325e-05,768
26,20,0.00038968819770603325,5.345517116542003e-07,768,0.0007233876558127333,3.819283870651046e-05,768,0.0010951865278400333,5.807834276498223e-05,768
26,21,0.0005248149403663334,7.199107532903228e-07,768,0.0020064005819051666,0.00010873787121006664,768,0.0032702855090231335,0.00017903667124893335,768
26,22,0.0005558775629952666,7.625206597236046e-07,768,0.0004700740430133667,2.4770286851760286e-05,768,0.009408346916316866,0.0005155543850795334,768
26,23,0.0004322587801889,5.929475718016718e-07,768,0.0010921679031886,6.135442018436199e-05,768,0.004620211543474167,0.00025336814496616664,768
26,24,0.00031865503755076663,4.3711253442569823e-07,768,0.0023356366724842,0.000130586546438,768,0.0038527445227579666,0.0002082370489269,768
26,25,0.0006126543666211999,8.404037945569624e-07,768,0.003172078348599667,0.00017926782842186669,768,0.0042399596897452,0.0002257003723414,768
26,26,0.00023637199245889998,3.242414152360426e-07,768,0.0003496399550684667,1.9002213910012267e-05,768,0.009124707298107933,0.0005043935877652,768
26,27,0.0009653332051840999,1.3241882092443712e-06,768,0.0002808919127675667,1.5186694127826186e-05,768,0.0028386248666237,0.00014163210105860621,768
27,0,0.0,0.0,768,0.002174328921794967,0.00012001054902916832,768,0.0025358825224357,0.0001327476719532941,768
27,1,0.0,0.0,768,0.0027462843637180664,0.0001535803376717667,768,0.0004843859034296,2.5538704566892393e-05,768
27,2,0.0,0.0,768,0.0028215318932344664,0.00015725338722433335,768,0.0013712311859194002,7.285540572111802e-05,768
27,3,0.0,0.0,768,0.0035771967152010333,0.0001981531487215333,768,0.00044004652118396673,2.3261062166853957e-05,768
27,4,0.0,0.0,768,0.0025787486810400335,0.00014458203461219717,768,0.0005317079086781334,2.8203296624248883e-05,768
27,5,0.0,0.0,768,0.003421405342031133,0.00018898883374703331,768,0.0007900440329208,4.192476619713515e-05,768
27,6,0.0,0.0,768,0.0013206695370321334,7.397570711698779e-05,768,0.0014124338463587002,7.527276572926826e-05,768
27,7,0.0,0.0,768,0.0010353821392831333,5.4564440362995724e-05,768,0.008891309730890569,0.0004910796686337667,768
27,8,0.0,0.0,768,0.0006053786438400334,3.355704311520357e-05,768,0.004647545145140833,0.0002544243146389333,768
27,9,0.0,0.0,768,0.003964769978931967,0.00021957193100783333,768,0.0056634650655761,0.0003041559150235333,768
27,10,0.0,0.0,768,0.0011349461095354,6.249821686963398e-05,768,0.027809709724081668,0.0015174738282944,768
27,11,0.0,0.0,768,0.00041276818785673336,2.365820360781952e-05,768,0.011310046612843834,0.0006140415239000666,768
27,12,0.0,0.0,768,0.0017306249437134998,9.549728950685355e-05,768,0.011367295735646201,0.0006236716294161999,768
27,13,0.0,0.0,768,0.0019541223252956333,0.0001095095570832267,768,0.027290730261842738,0.0014885748870898333,768
27,14,0.0,0.0,768,0.0029523788340109335,0.00015804585768593334,768,0.0013998825579696666,6.849147350517209e-05,768
27,15,0.0,0.0,768,0.0022148403743864997,0.00012188163689129255,768,0.0010322990705479002,5.3524825784502517e-05,768
27,16,0.0,0.0,768,0.004179238759413,0.00023761804984606663,768,0.0007887703781133001,4.2785356045872226e-05,768
27,17,0.0,0.0,768,0.0020662858467369,0.0001145265428669254,768,0.0006444421991904,3.44250026345193e-05,768
27,18,0.0,0.0,768,0.0026146497257434,0.0001434031131659,768,0.0005284668090825333,2.8031932706142765e-05,768
27,19,0.0,0.0,768,0.007479074364275133,0.00042097933729826666,768,0.0014041464143247334,7.073734075736342e-05,768
27,20,0.0,0.0,768,0.0022001434056105663,0.00012452670118352156,768,0.0010892685094639335,5.6635482999845464e-05,768
27,21,0.0,0.0,768,0.004103888921872267,0.00022746053391829997,768,0.0017835484773239,9.481552002961707e-05,768
27,22,0.0,0.0,768,0.004897485654218401,0.0002741903547095,768,0.0020419357620596666,0.00010898295345126666,768
27,23,0.0,0.0,768,0.005710776944064567,0.00031910602001873335,768,0.0013275634841711334,7.069341430995107e-05,768
27,24,0.0,0.0,768,0.007388057322871767,0.0004112784542180667,768,0.0012006289867786332,6.317775082696302e-05,768
27,25,0.0,0.0,768,0.0019119660418172,0.00010500604522023251,768,0.0037190907191521003,0.00019978027624163332,768
27,26,0.0,0.0,768,0.0030562758988681,0.00016814407722926666,768,0.004492777169743867,0.0002397428120083667,768
27,27,0.0,0.0,768,0.0026476046644301004,0.0001452378609269,768,0.0018480326136484666,9.897198658300117e-05,768
