layer,head,taylor_v2v_abs_mean,taylor_v2v_abs_mean_pq,taylor_v2v_count,taylor_t2v_abs_mean,taylor_t2v_abs_mean_pq,taylor_t2v_count,taylor_t2t_abs_mean,taylor_t2t_abs_mean_pq,taylor_t2t_count
0,0,0.0018024684222750665,2.4725218492824635e-06,768,0.010261222049998934,0.00047751870634613335,768,0.019464963557903798,0.0008998598013494,768
0,1,0.0014110984995637666,1.935663237182262e-06,768,0.003584984701038333,0.00016093277808269276,768,0.008384450889923968,0.0003661733554189333,768
0,2,0.0022753592789802,3.1212061478360967e-06,768,0.006940564990284,0.0003301834316290104,768,0.012211107001814233,0.0005522483412812666,768
0,3,0.004977383313582533,6.827686297547486e-06,768,0.013403093637904767,0.0006353173934991,768,0.07109796725250321,0.0031282479551857333,768
0,4,0.0014653653329190332,2.0101033366042367e-06,768,0.009787734835711567,0.0004503407135546334,768,0.006829123002814168,0.00031713962562553334,768
0,5,0.0017429524445322,2.3908812718375963e-06,768,0.0031583470337974667,0.0001423210417544608,768,0.0162977192807325,0.0006861178966855334,768
0,6,0.002462192548308633,3.3774932056561758e-06,768,0.003270578732897366,0.0001552282611167089,768,0.057441985847674404,0.0024239343864314333,768
0,7,0.002624805887315,3.6005567721809646e-06,768,0.0030846843253412664,0.00014286020677644842,768,0.06987044797099169,0.0032436810438889667,768
0,8,0.0016881826006951,2.315751169449128e-06,768,0.0027553353165572,0.00012780563115083444,768,0.008557069480737268,0.0003869170871160334,768
0,9,0.0014050770591532,1.927403375739984e-06,768,0.003274563117182967,0.00015335389121187725,768,0.004761861314265166,0.00021625769273885743,768
0,10,0.003486591696325033,4.782704647553898e-06,768,0.0032938560171509664,0.00014735107251217575,768,0.05006135422025193,0.002262677215602933,768
0,11,0.0013342799350836,1.830287977342097e-06,768,0.0026266840854489333,0.0001236126320318655,768,0.011468565336517833,0.0004966025429253,768
0,12,0.0015436298542095001,2.1174620700506e-06,768,0.002722695495268167,0.00012636971143852212,768,0.007468537285058433,0.0003311464509954667,768
0,13,0.0014115806224375331,1.936324578462404e-06,768,0.0036940479251577336,0.00017185721847569013,768,0.006475483487153666,0.0002903773367236,768
0,14,0.007265837348382299,9.966855077160334e-06,768,0.04804467251579083,0.0021921404575665666,768,0.0088526914256584,0.00040758580776866665,768
0,15,0.007991740236685467,1.0962606646140128e-05,768,0.01586597354025397,0.0007125938127624,768,0.06453738934645983,0.003084668330025567,768
0,16,0.0086634345814999,1.1883998021143307e-05,768,0.021119371075182334,0.0009988836044862333,768,0.044192701582223465,0.0020707991904185996,768
0,17,0.007174724244779399,9.841871394113133e-06,768,0.025725164318437466,0.0012357839519824,768,0.026899096529843264,0.0012000387698751333,768
0,18,0.007870376778268866,1.0796127261964114e-05,768,0.0297829642341393,0.0013666745602033334,768,0.02519867677207323,0.0011439635225971333,768
0,19,0.009722193975396901,1.3336342908169818e-05,768,0.04656646329056946,0.0021752994716681333,768,0.0125953146697739,0.0005366294510617,768
0,20,0.006157532637462967,8.446546820212471e-06,768,0.0172117489631228,0.0008230733943418332,768,0.037694825906145896,0.0017320804114729334,768
0,21,0.005498689152853766,7.54278347352343e-06,768,0.009248563373538066,0.00043056372316626674,768,0.02527083053201783,0.0011612781384909667,768
0,22,0.005062874884818766,6.944958686722648e-06,768,0.0201065206303212,0.0008956801883020666,768,0.004126019175818233,0.00018702223768087692,768
0,23,0.009059392748106599,1.2427150523966016e-05,768,0.012758404181145233,0.0005879714024342001,768,0.021694363360604468,0.0009824160793364333,768
0,24,0.007354707119342634,1.008876149343844e-05,768,0.014650596941659799,0.0006577681166533,768,0.019576582763980537,0.0008858293459076332,768
0,25,0.004619728257098933,6.337075803612839e-06,768,0.014200125694275733,0.0006605654868251333,768,0.007050232136965766,0.00031213821186776666,768
0,26,0.0093571061602452,1.283553654911109e-05,768,0.012029506976029766,0.0005380686535792333,768,0.025139615426257433,0.0011411533780557668,768
0,27,0.004687349035621634,6.4298340883457705e-06,768,0.013266496261512767,0.0006212462760496667,768,0.007755239602251568,0.0003527798088785333,768
1,0,0.0023446268387327996,3.2162233740386354e-06,768,0.0039899531682347665,0.00018940579002116995,768,0.013475396389781666,0.0006247294019699,768
1,1,0.003330479149904933,4.568558510832712e-06,768,0.008621239023724967,0.0004110762951658,768,0.0036988014757586003,0.00016628721490274172,768
1,2,0.0026932164556505,3.694398426603319e-06,768,0.009119241701640066,0.0004299216709095334,768,0.0071385769630391005,0.0003220718080008666,768
1,3,0.0024578232793654995,3.3714996886331596e-06,768,0.003608322976091267,0.00016606515692721194,768,0.012727348119919135,0.0005704640585566667,768
1,4,0.0026018941318082666,3.569127749254784e-06,768,0.006229660040986534,0.00029071117297690003,768,0.008902200859206235,0.00039581097377283333,768
1,5,0.0027345042634928005,3.751034652502988e-06,768,0.004883813168542333,0.00022559776682203332,768,0.014223124825193133,0.0006560652349281333,768
1,6,0.0014878866584127667,2.0409967825623884e-06,768,0.007523651151411501,0.0003523880452957666,768,0.003817486868231933,0.0001788832083252415,768
1,7,0.0018412347164004003,2.5256991999958282e-06,768,0.0026642997710529,0.00012363350656206896,768,0.0136067551366257,0.0005781620744276333,768
1,8,0.006082285069867966,8.343326540339683e-06,768,0.007747289113157234,0.0003465172786082333,768,0.019078165963646133,0.0009211798880509,768
1,9,0.0019280500323554668,2.64478742308868e-06,768,0.0032620638391556,0.00015044557744089079,768,0.005439250047415166,0.0002553453212245016,768
1,10,0.0030221660945906996,4.145632495780969e-06,768,0.0007081792979385667,3.295290790622287e-05,768,0.021711672227622065,0.0009962224979204,768
1,11,0.0024790616568086,3.400633265548481e-06,768,0.0011857761325760666,5.66775743811726e-05,768,0.014635129682602567,0.0006478079857196,768
1,12,0.002612676532926267,3.583918425681147e-06,768,0.0008529331545034666,3.907011481913784e-05,768,0.010037112064807667,0.0004692700636486667,768
1,13,0.0010349466173639333,1.41967985875007e-06,768,0.020319856204354832,0.0009378624262198666,768,0.007727743333496066,0.000348163123490716,768
1,14,0.0014218532910004334,1.9504160444005028e-06,768,0.0015448501075185333,7.386188474379189e-05,768,0.007617926448517601,0.00034113733799959997,768
1,15,0.001957881021902167,2.685707844476213e-06,768,0.0014157223278049335,6.586240835156539e-05,768,0.0137950311589089,0.0006080520323414,768
1,16,0.0008774357240573667,1.203615534611964e-06,768,0.001615204445304633,7.486150632427431e-05,768,0.0030702673759486995,0.00013478842772390919,768
1,17,0.0013914972160832667,1.908775333534906e-06,768,0.0009674428105400667,4.576808343841575e-05,768,0.008150746165951434,0.0003715356507638667,768
1,18,0.0012790100896155666,1.754472005270306e-06,768,0.0021112194071329,9.799214271376727e-05,768,0.0058126558105797,0.00025346215553836667,768
1,19,0.0012218625999124999,1.676080387140925e-06,768,0.0015663306483262665,7.338264685081512e-05,768,0.0062179898966571,0.00026884821379933335,768
1,20,0.0011062656291397,1.5175111495945085e-06,768,0.0015197845501042997,7.405680298087847e-05,768,0.006362504368752234,0.0002939108119503333,768
1,21,0.0009693822716896667,1.3297424853793139e-06,768,0.0018483171843192332,8.459074594714147e-05,768,0.008036449634657732,0.00037144538969650004,768
1,22,0.0012408724680051666,1.702157023122713e-06,768,0.0037689910969464,0.00017842735451276638,768,0.007550346429261067,0.00036647389247953334,768
1,23,0.0018620315596002332,2.554227099035765e-06,768,0.0013505780824012333,6.032428298300788e-05,768,0.012887468380376035,0.0005652390954947001,768
1,24,0.0016115789099586334,2.21067065733677e-06,768,0.0016201360344429,7.608724766233639e-05,768,0.008752281345516933,0.00040734518073649997,768
1,25,0.0015775873673166668,2.1640430280811993e-06,768,0.0029626269369522006,0.00013712381346488492,768,0.004921075518505301,0.00022612699842176667,768
1,26,0.0017303713243906668,2.373623214830178e-06,768,0.0039924470768255,0.0001889041499866667,768,0.005083182655198433,0.00023607335412599998,768
1,27,0.0011048125777654001,1.5155179385081645e-06,768,0.0020539036340351665,9.91650067841594e-05,768,0.006618726568717567,0.0003048243561547,768
2,0,0.005381106913521234,7.381490970267505e-06,768,0.0026136874211246334,0.00012170602241383319,768,0.006045403935082401,0.000267424525073978,768
2,1,0.0030481001595840003,4.181207362570494e-06,768,0.002144781625365033,9.847700524784179e-05,768,0.006384399371378034,0.0002696737617623667,768
2,2,0.004181800791224967,5.736352249071239e-06,768,0.0016203847189443,7.395487147416879e-05,768,0.011300035382260334,0.0005076333009141,768
2,3,0.005086005686144,6.976688176570462e-06,768,0.0012682154609558666,5.823921284636019e-05,768,0.009168846160709567,0.0004014441074164333,768
2,4,0.003867374316693367,5.305040206720196e-06,768,0.005230742700963533,0.00024206653489206668,768,0.0036233001061154665,0.000160219619241624,768
2,5,0.0026040035279836,3.572021307704235e-06,768,0.0016561104072488999,7.572870224582806e-05,768,0.008131827694657033,0.0003673811924193667,768
2,6,0.006015561463395067,8.251798983870592e-06,768,0.0017581628377032667,8.257056918739396e-05,768,0.020761619715161765,0.0009586720723025001,768
2,7,0.0017992032009903332,2.4680428001378277e-06,768,0.002508092601977,0.0001244757150695879,768,0.009028311125735633,0.0003919781935009333,768
2,8,0.0015924142253098998,2.1843816569519733e-06,768,0.0022602397165408,0.00010615216432513459,768,0.0074670582106802,0.0003260293713966667,768
2,9,0.0021704962495722336,2.9773611063562606e-06,768,0.004183808649922933,0.00019952981088576372,768,0.0096432733004725,0.00042342260267576667,768
2,10,0.0025608971530761003,3.5128904585724767e-06,768,0.0033526962830994667,0.00016003990537703333,768,0.010673065063760567,0.0004984689614217333,768
2,11,0.0013501168595784,1.8520121537365989e-06,768,0.0026167777394903,0.00012399305509895015,768,0.0072568729753014335,0.0003085642185453,768
2,12,0.0014206772240689,1.948802777542094e-06,768,0.002265620328932,0.0001054939204362003,768,0.008121111917702666,0.00036460781087626666,768
2,13,0.0019370116546675667,2.657080461255771e-06,768,0.002226468502277233,0.00010621923725922777,768,0.008102454141990699,0.00038069990198026665,768
2,14,0.0023802901082383,3.2651441806802158e-06,768,0.004914339482207633,0.0002413844577043,768,0.0035170950425501995,0.0001540727489890778,768
2,15,0.003018974269965667,4.141254141622429e-06,768,0.006882439096917333,0.0003277857193583,768,0.0057223782245933675,0.00025877020695016666,768
2,16,0.002512375795026467,3.446331682283322e-06,768,0.0032465602660978997,0.00015141921080073336,768,0.007761370966097266,0.000378941160458,768
2,17,0.0029166900908451,4.0009466260379255e-06,768,0.004817088228598667,0.0002254628364207333,768,0.006064903588247433,0.0002895875267848905,768
2,18,0.0023951393448554997,3.285513508001463e-06,768,0.0051599783977162,0.00024939423275749996,768,0.0042620672206924335,0.00019222454336438927,768
2,19,0.004485593904727567,6.153078057660223e-06,768,0.005362899867312333,0.00025786384228166666,768,0.004494120486292234,0.00019999247474264482,768
2,20,0.004157621933414833,5.703185090587375e-06,768,0.008707203864332732,0.0004046510390587667,768,0.005206695357993633,0.00022269593827754742,768
2,21,0.0016534734650311001,2.268139187914959e-06,768,0.0027182835207260336,0.00012730469016907563,768,0.004114362942062833,0.00017812629414944378,768
2,22,0.0017196050000525666,2.3588545952993776e-06,768,0.0031728424177307007,0.0001482193764826776,768,0.0043421423383769,0.00019346545792570002,768
2,23,0.0014542614719831332,1.9948717001961377e-06,768,0.002964534169119367,0.0001364630583465821,768,0.009600087158682132,0.00044950386716179996,768
2,24,0.0016710026972550998,2.2921847653070693e-06,768,0.0025056402347859333,0.00011535687461772331,768,0.004850095642006767,0.00022114816162146665,768
2,25,0.0016053049008307,2.2020643400087747e-06,768,0.0031415210240114335,0.00014954017981353332,768,0.006600250536957667,0.00029477436131996666,768
2,26,0.0017147634493159668,2.3522132345616883e-06,768,0.003499256852878767,0.00015924830750310533,768,0.005153935693557501,0.0002236765532172785,768
2,27,0.0020220659444796668,2.773753008109177e-06,768,0.0023883234012782666,0.00011045863596315709,768,0.0141897934409698,0.0006843484809800999,768
3,0,0.007944228520687534,1.0897432817863454e-05,768,0.0031140282569002333,0.00014589242473963334,768,0.005491617383166634,0.00025430452363586667,768
3,1,0.006653109564638234,9.126350576295928e-06,768,0.0012487335317898334,5.898146479177644e-05,768,0.0186680405863839,0.0008299682954666667,768
3,2,0.002967654448424233,4.070856573923885e-06,768,0.0011549537112090335,5.346906732049452e-05,768,0.0132974876001294,0.0006051401736393334,768
3,3,0.0026481147611019666,3.6325305409058532e-06,768,0.0010683273355086666,5.1220391567852186e-05,768,0.017119200788689132,0.0007817070852553665,768
3,4,0.0049107097283898,6.736227313923135e-06,768,0.0022266506268326333,0.00010675173965075996,768,0.0130507449899705,0.0006183083540668333,768
3,5,0.0054068797308299,7.4168446442819955e-06,768,0.0014275826050825998,6.669912375444065e-05,768,0.010470791597081532,0.00046770644220303333,768
3,6,0.0029373509255385664,4.02928797598915e-06,768,0.0014918340668668001,6.926093941050232e-05,768,0.009945292531762998,0.00043394589395129995,768
3,7,0.004100593966031767,5.624957443545927e-06,768,0.003827269816714067,0.00018170675588913333,768,0.013128967209439632,0.0006110051658437,768
3,8,0.004194319311544334,5.7535244240175824e-06,768,0.014857716192852366,0.0007215038102793333,768,0.0023748506642555334,0.00010625187035117989,768
3,9,0.004079073148945767,5.595436402831717e-06,768,0.003939186234819133,0.000177891209971143,768,0.006669973882331666,0.0002985695078171,768
3,10,0.005382492100136899,7.3833910968467325e-06,768,0.0028639780363637333,0.00013191070635763333,768,0.0150009686483443,0.0006713078152895333,768
3,11,0.006237239800210966,8.555884509002867e-06,768,0.0054347021527842996,0.0002656490953174,768,0.0047757880714162,0.00020857930102423253,768
3,12,0.0041170350716080335,5.6475103881175924e-06,768,0.008594221135694434,0.0004216743189694334,768,0.005795644160315267,0.00026048655921118044,768
3,13,0.004169669049247166,5.719710634782451e-06,768,0.006523512461145666,0.0003366091251681,768,0.007831914890283266,0.0003503242286057333,768
3,14,0.0037679622526660666,5.168672495636129e-06,768,0.009674727633525934,0.0004472465037236,768,0.0043248516559160005,0.00018845670661924848,768
3,15,0.003981435729607467,5.4615030666347614e-06,768,0.002263072989739067,0.00010392272162502589,768,0.011976076985703734,0.0005310237085346666,768
3,16,0.0014703513705207998,2.0169428964359262e-06,768,0.0022109308514437,0.00010137778080314195,768,0.005344842201741501,0.00025253125630290003,768
3,17,0.0027668467002322002,3.7954001298590918e-06,768,0.0022242577573822002,0.00010281932943512906,768,0.0099553229655627,0.00042674291937383333,768
3,18,0.0021140129021356337,2.899880513452407e-06,768,0.005029908038672167,0.00023265403710520001,768,0.006068171233756868,0.0002775703767964667,768
3,19,0.004958394231105434,6.8016381856584e-06,768,0.008012438223872166,0.00038204708002846665,768,0.007517343630851734,0.00034260008788906666,768
3,20,0.003996911379723834,5.482731655948369e-06,768,0.0052649466567468335,0.0002529336086422723,768,0.010364755910279867,0.00046027295413900003,768
3,21,0.0018170723305302335,2.492554643409965e-06,768,0.003446727189838067,0.00016957392132318927,768,0.010704400285296333,0.0004712229889497,768
3,22,0.0022738547023711335,3.1191422569538246e-06,768,0.0017864700096457667,8.439024716293881e-05,768,0.008096975599865866,0.0003574420051758,768
3,23,0.001585811794634833,2.1753248205616006e-06,768,0.0015418197646403,7.298619062884777e-05,768,0.008767949273334298,0.00040510271409503333,768
3,24,0.003518251955109434,4.826134369491826e-06,768,0.0017196701604167669,7.972184271303553e-05,768,0.009541734691753767,0.00040947923170996667,768
3,25,0.00269647727946,3.6988714405842304e-06,768,0.002580043270956,0.00011959812101640698,768,0.0078981450715218,0.0003488532341215667,768
3,26,0.0024999213147414334,3.4292473518934496e-06,768,0.0020202390823780667,9.712960632249754e-05,768,0.014956335685532401,0.0006846230838857666,768
3,27,0.0022607806023323333,3.1012079607304513e-06,768,0.0032751790921245333,0.00014737552233952902,768,0.008675621946705266,0.0003846737047922,768
4,0,0.004131767704545033,5.667719768270736e-06,768,0.0051746668870672335,0.00023329820040273334,768,0.0024886199231015666,9.856751476681088e-05,768
4,1,0.004302488496707667,5.901904661305066e-06,768,0.006899540921473567,0.00032677120084286665,768,0.005246665592052766,0.0002244385377736667,768
4,2,0.004835109847344134,6.632523805997469e-06,768,0.0022743661873363,0.00010530749995352351,768,0.009961190495909933,0.0005047672161158,768
4,3,0.0026651917886297335,3.6559558083371136e-06,768,0.0013431829453119,6.0636957366429676e-05,768,0.00491282325637,0.00020352400074797586,768
4,4,0.0056975290224272,7.815540475882935e-06,768,0.007841545104926169,0.0003548534435118,768,0.003923060062393867,0.00017082896975886952,768
4,5,0.006325746382601634,8.677292692690445e-06,768,0.005207885050786767,0.00023383463333763333,768,0.0054149957150535005,0.0002291876042201,768
4,6,0.0045537468115614665,6.246566263507446e-06,768,0.013381038262906436,0.0005991488847818333,768,0.004003368976258966,0.00018372089591353602,768
4,7,0.0002664301871633,3.6547350663418047e-07,768,0.00018486652060997882,8.37243767775195e-06,768,3.124721137338337e-05,1.3535018793265983e-06,768
4,8,0.004270368462449233,5.857844240279997e-06,768,0.003673202041056167,0.00015861408969630733,768,0.0006905284991465667,3.067987187042933e-05,768
4,9,0.012209728258678533,1.6748598458398746e-05,768,0.0151178787128666,0.0006816969823413335,768,0.0012965385250715666,6.035352065991706e-05,768
4,10,0.0008838912787070332,1.2124708905485605e-06,768,0.00019761319082106668,8.772199266982606e-06,768,0.0002693368545152334,1.1529226970695884e-05,768
4,11,0.014498333777151299,1.988797504112767e-05,768,0.006662239013831267,0.00030709274035256665,768,0.0016691742200977,6.757363119054093e-05,768
4,12,0.009252107356021534,1.269150528248614e-05,768,0.0001441779519091858,6.736116491702377e-06,768,0.004170062134785233,0.00018360609965847668,768
4,13,0.00046097349925676667,6.323367610833872e-07,768,0.00012204934640199138,5.558660594658094e-06,768,7.571975049090474e-05,3.2026785345809898e-06,768
4,14,0.002341336347994233,3.2117096751138837e-06,768,0.0017223410003393,8.142673966835576e-05,768,0.010555552679249966,0.0004831199986270334,768
4,15,0.0019433547841304331,2.665781588188631e-06,768,0.0016514630930478669,7.817094394207726e-05,768,0.011043687949197032,0.0005004844407038334,768
4,16,0.0013205909346484998,1.8115101933392542e-06,768,0.013143833982103502,0.0006143793327317667,768,0.0034164030633518,0.00014486803972348127,768
4,17,0.004217133626601266,5.784819791979379e-06,768,0.0057808194478129,0.0002651115099768666,768,0.009218010999181967,0.0004198337754617667,768
4,18,0.0031952638035719666,4.383077919639619e-06,768,0.0021705392178278334,9.860602474972213e-05,768,0.008692427028977967,0.00039323561954216667,768
4,19,0.0009534813782358667,1.307930558077911e-06,768,0.005093361211109433,0.00024021946999743332,768,0.014730654736448833,0.0007046114774432666,768
4,20,0.0013317166309629333,1.8267717901837566e-06,768,0.005545995101426099,0.0002627022331501667,768,0.015297078100335365,0.0007295309963935001,768
4,21,0.004318153161266933,5.923392550163942e-06,768,0.0028013499900409002,0.00012959118808602944,768,0.010467944174705401,0.00045601068656046665,768
4,22,0.0013846779743854666,1.899421090411178e-06,768,0.0006815375978728666,3.4430481570998005e-05,768,0.006905108613368067,0.000319577857693,768
4,23,0.0037065372612978,5.084413261811498e-06,768,0.0014500933739741333,6.68856560978361e-05,768,0.0068981037333036,0.0002996847404007,768
4,24,0.0019991906407655666,2.7423739931665857e-06,768,0.0014285668626303333,6.787937458557942e-05,768,0.0030146477331834663,0.00012198757110315577,768
4,25,0.001973618637336733,2.7072957921917156e-06,768,0.0009795296367904334,4.649378942937765e-05,768,0.018756016094672565,0.0008453638679641,768
4,26,0.0012897538567795,1.7692096832763737e-06,768,0.003117708362259667,0.00014396848401606666,768,0.0034378338730195,0.00014103742677624024,768
4,27,0.0007227067163045,9.913672382277563e-07,768,0.0002842115890816334,1.3404291523430966e-05,768,0.0146813821942828,0.0006980833257236333,768
5,0,0.009839424228488233,1.3497152592827888e-05,768,0.006670393657612233,0.00030719059503663335,768,0.0018671024540876668,7.518576490793355e-05,768
5,1,0.008033580897516567,1.1020001231065203e-05,768,0.0012322696148349,5.891167784536263e-05,768,0.0066259591590262,0.00028081745312653336,768
5,2,0.003499368723462666,4.800231435480417e-06,768,0.0017905931010988665,8.174407175349852e-05,768,0.013939423728012634,0.0006408351507643334,768
5,3,0.005951038825733266,8.163290571311493e-06,768,0.0018003872258636998,8.923190337536303e-05,768,0.0189166224970094,0.0009421562884698,768
5,4,0.006056205728403534,8.30755244538422e-06,768,0.003795202781441,0.00017080704749943335,768,0.006363125818616834,0.0002711153668527333,768
5,5,0.007576016350552534,1.039234069824882e-05,768,0.016426642666263036,0.0007506811370160668,768,0.0009005769597205,3.974649296905737e-05,768
5,6,0.0063907356284005,8.76644120276678e-06,768,0.015903550873354964,0.0007160681399821333,768,0.0007451520210975667,3.001961335519857e-05,768
5,7,0.0013700172732236664,1.8793103872772818e-06,768,0.0032476090666263995,0.00014944641431568454,768,0.013912123880478034,0.0006565050542860334,768
5,8,0.002203848762628467,3.0231121577839297e-06,768,0.0063806607656928345,0.00029462973241523336,768,0.0056466796098071,0.00025291485453703334,768
5,9,0.003411692786187867,4.679962665733786e-06,768,0.005187283923336333,0.00023406591655393333,768,0.007662330868748501,0.0003689788084866,768
5,10,0.0009625966932663666,1.3204344218544e-06,768,0.003990633095518433,0.00018936410675831757,768,0.0106312032999653,0.0004978879570407001,768
5,11,0.0014545523436328334,1.9952707013537e-06,768,0.0049425546259449,0.00022888867473389997,768,0.003600244304131167,0.00015675373195973952,768
5,12,0.0025799764592395334,3.5390623683764083e-06,768,0.0032364173789337,0.00014631919716741752,768,0.0037078741911932334,0.00016247497984396965,768
5,13,0.007189880783254034,9.862662258277392e-06,768,0.0070237721519318995,0.00031606735794049995,768,0.006861031007377433,0.0003036788336714333,768
5,14,0.0006711621648327333,9.206614072589429e-07,768,0.0016498500937256,7.846996802345454e-05,768,0.0030497273959858664,0.00012721099815921427,768
5,15,0.0005869363628884333,8.051253253160236e-07,768,0.0015924301064693999,7.61128335234051e-05,768,0.0015574709060166669,6.618821564698119e-05,768
5,16,0.0008985363610876333,1.2325601681222736e-06,768,0.0008728124657653335,4.227530868793535e-05,768,0.003966550199007633,0.0001823923099755465,768
5,17,0.0028642518577216333,3.929014899780836e-06,768,0.004131173444858833,0.00018911339184443982,768,0.002043950619540533,8.704263385916004e-05,768
5,18,0.0014832339326951334,2.0346144517956566e-06,768,0.0025054788950230333,0.00012191179411870358,768,0.0016995065356367666,6.873468660771858e-05,768
5,19,0.0029779033111409334,4.084915377790396e-06,768,0.005086764747555666,0.0002290622376517,768,0.0006824145403223333,2.8209137649327226e-05,768
5,20,0.0017843535627459332,2.447672929918714e-06,768,0.0034361900858096337,0.00015485591345675484,768,0.0015502340893486998,6.320112902035386e-05,768
5,21,0.0051699654230101,7.091859286110595e-06,768,0.003813182291560533,0.0001689731493804,768,0.0018508091439581001,8.028243499811578e-05,768
5,22,0.0044753299238635335,6.138998518943606e-06,768,0.005554638092400833,0.00026491491421126663,768,0.0072474335701233,0.0003083708214679,768
5,23,0.003934972134494167,5.397767003502823e-06,768,0.0012639183096242333,5.8403741807876976e-05,768,0.022822553502417464,0.0011270102697065667,768
5,24,0.0022701182996561664,3.114016879074913e-06,768,0.004817787517978833,0.0002251945088495,768,0.004745520915743433,0.00019251094728704247,768
5,25,0.009146160704087034,1.254617380228752e-05,768,0.002053486845505,9.960235955866371e-05,768,0.005808263439283733,0.00023636094246357896,768
5,26,0.0064609191287191324,8.86271484625579e-06,768,0.0032195286337846,0.00014821208361508184,768,0.0020214928694853667,8.133676191046633e-05,768
5,27,0.0030574649236652335,4.194053392668911e-06,768,0.0011841783816281,5.583109050875714e-05,768,0.021051377430846133,0.0010176464929884334,768
6,0,0.004057552746690567,5.565915968244775e-06,768,0.0016605571903231,7.664469911844398e-05,768,0.011956669408268233,0.0005173885975910333,768
6,1,0.006632473422103599,9.09804310064479e-06,768,0.0011065909039403002,5.0521231820421786e-05,768,0.011680212909302134,0.0005274847216708667,768
6,2,0.006398939471184267,8.777694760766275e-06,768,0.0040940562407693,0.00018939442677483505,768,0.0123976156134588,0.0005396619099226667,768
6,3,0.008563857423268867,1.174740383465296e-05,768,0.0015637430062650332,7.612751909181008e-05,768,0.011629844296130834,0.0004954473471413001,768
6,4,0.004869877731903633,6.680216372634736e-06,768,0.0004464412519031667,2.1972207419777157e-05,768,0.010275559673814834,0.00046835429468153333,768
6,5,0.0026126607297239667,3.5838967363944142e-06,768,0.0003943709485497667,1.846067873016273e-05,768,0.008685034626959466,0.0003979370365089666,768
6,6,0.010936251722686266,1.5001717021450913e-05,768,0.004201781100697966,0.0001906061896298333,768,0.015992643932160402,0.000710061393251,768
6,7,0.006676678008384767,9.158680409174962e-06,768,0.006746594722667199,0.00031280933029543336,768,0.007396874098963201,0.00033331413708033333,768
6,8,0.006944503497093034,9.526067874305577e-06,768,0.0047782274499136,0.00020697639566167356,768,0.011091180887563667,0.0005030122609683667,768
6,9,0.006762779505491967,9.276789454292061e-06,768,0.017042146656587865,0.0008373415451096333,768,0.005401279814617966,0.0002328875133262377,768
6,10,0.014547272354898633,1.995510612086471e-05,768,0.008075777979451934,0.00037859715174013336,768,0.010448295655879234,0.00048036517520293334,768
6,11,0.0042792030823654665,5.869963056843545e-06,768,0.005991194924344933,0.0002769170570997,768,0.0033095494893089004,0.0001366840992260131,768
6,12,0.0025107388037173667,3.4440861598754565e-06,768,0.0037665025871996666,0.00017366364983093332,768,0.0031803188894236668,0.0001367269130524316,768
6,13,0.005198056268485567,7.130392696265131e-06,768,0.010502773617834733,0.0004967422656032,768,0.0032532260560677,0.00015418577317698472,768
6,14,0.0045333946354079,6.218648335938141e-06,768,0.003140204973841267,0.0001533319232936,768,0.0075349887324827995,0.0003325028621025,768
6,15,0.006088624275894433,8.352022356148138e-06,768,0.0022084847932758336,0.00010653662541606574,768,0.019224391207018167,0.0008900761158389335,768
6,16,0.002850966802322167,3.910791221737777e-06,768,0.0009524165451320999,4.3878384314655995e-05,768,0.0128518331933804,0.0005866387291494666,768
6,17,0.004086713245447,5.605916652390239e-06,768,0.0054519735573374,0.0002530953244626333,768,0.0024724200376799,0.00010692719454684863,768
6,18,0.0035829803410915664,4.914925021193284e-06,768,0.006551997163358633,0.00029873023045063333,768,0.0031231667757627667,0.00014268699983829999,768
6,19,0.003038078910395267,4.167460789688178e-06,768,0.0029025259495396335,0.00013442013479813997,768,0.0037925492774804337,0.0001579561351707316,768
6,20,0.0041502142391879005,5.693023649440815e-06,768,0.0022125037251564334,0.00010383365948821795,768,0.009741665127305467,0.0004358698993737,768
6,21,0.0024745719293438333,3.394474520986909e-06,768,0.00032501056739243336,1.578540500249241e-05,768,0.009182199514256634,0.0004039706404403667,768
6,22,0.0023599602236069003,3.237256816782644e-06,768,0.0010500961676893667,4.941232188493983e-05,768,0.011495961003705632,0.0005400907819702667,768
6,23,0.005273859135327733,7.234374657556775e-06,768,0.0021762840990670333,9.901274437899337e-05,768,0.0088078114962873,0.0003829991680003,768
6,24,0.0037099581156519665,5.0891057714932035e-06,768,0.002212002884007733,0.00010669159482511463,768,0.007969404149164867,0.00034777484741696664,768
6,25,0.0046757025804063,6.413858133752388e-06,768,0.0006761924536743,3.225150027604787e-05,768,0.009790912128222999,0.00042746212217313335,768
6,26,0.0025849637316147332,3.545903608147561e-06,768,0.0008003996933378666,3.782572978769036e-05,768,0.016079111561789202,0.0007071882058261001,768
6,27,0.002682833807329,3.6801561162659345e-06,768,0.0003519395499707667,1.73843015794995e-05,768,0.010637272284193632,0.00046147603012260005,768
7,0,0.004750106499852633,6.515921118766671e-06,768,0.0022822538060995,0.00010482935580114154,768,0.02313342817060493,0.0011213322907317666,768
7,1,0.005616153113243334,7.703913726221819e-06,768,0.0029210842303785,0.0001323141009552436,768,0.015861257362734166,0.0007420001171978666,768
7,2,0.011053128670527665,1.5162042071942272e-05,768,0.003919166390715466,0.00019277075089024095,768,0.024641379106062265,0.0011527596303982333,768
7,3,0.0100384939390577,1.3770224878143639e-05,768,0.0019003783893965333,8.524131524506237e-05,768,0.01859685585458233,0.0008763064712429999,768
7,4,0.007431293254938899,1.0193817897413852e-05,768,0.0008895597346546667,4.255015252215925e-05,768,0.014146878854335833,0.0006314441190404,768
7,5,0.005863832720355734,8.04366628578794e-06,768,0.0026667102544995,0.00012216994887045586,768,0.014682040869757869,0.0006516638953075666,768
7,6,0.0054406631198974,7.463186717112345e-06,768,0.0029632507061982337,0.0001321038005087054,768,0.0031612383710903336,0.00013303651544313368,768
7,7,0.0110835435516018,1.5203763444633124e-05,768,0.0020303815452348997,9.019412287709738e-05,768,0.013067081894490634,0.0005841261764691,768
7,8,0.007031929104633333,9.645993262687632e-06,768,0.0026526149323384996,0.00012352689066468737,768,0.011015377482426167,0.0004744953521397667,768
7,9,0.007997158743628734,1.097003941589363e-05,768,0.0031140535094037335,0.00014020959675205738,768,0.016935046973856033,0.0007824652530836,768
7,10,0.005342399303515266,7.328394103402694e-06,768,0.0278729896824169,0.0013393845057238334,768,0.0047774337137441,0.00022056873797096665,768
7,11,0.004793836016413366,6.575906742275865e-06,768,0.0013697455050915,6.708712263921053e-05,768,0.012423335533734732,0.0005584596180255334,768
7,12,0.0053030879517672,7.274469071130682e-06,768,0.0011932013850051001,5.496457896699928e-05,768,0.021276622272934465,0.0010683105506474333,768
7,13,0.0094377669079648,1.2946182351274786e-05,768,0.0016573202671521,7.447651947446915e-05,768,0.014569805421274333,0.0006439875775071667,768
7,14,0.004151665961180333,5.6950150412847745e-06,768,0.0110241159882426,0.0004793386581484333,768,0.008981201935319134,0.0004010144776073,768
7,15,0.006183896750158566,8.482711583832417e-06,768,0.015160042509170501,0.0006606791909085334,768,0.003371567634201667,0.00015747191707608893,768
7,16,0.002363615501417667,3.2422709105774075e-06,768,0.003906568570601567,0.00017628184903020587,768,0.020305932269025034,0.0008981412040799,768
7,17,0.0013604244529982334,1.866151509174671e-06,768,0.006515949469143534,0.0002944970279728333,768,0.014378356019378133,0.0006540824446200333,768
7,18,0.0041506686342837,5.693646960200302e-06,768,0.0027624751364226335,0.00012631857238128377,768,0.019233088505430332,0.0009166919952837333,768
7,19,0.010766856357385233,1.4769350254663504e-05,768,0.008874063282036068,0.0004063560909391,768,0.005156294454489267,0.0002257262359361027,768
7,20,0.011019108692290497,1.5115375406232872e-05,768,0.0016392238752441666,7.592722685772275e-05,768,0.022653243276728536,0.0010644172988022,768
7,21,0.004768201346145366,6.5407425914773614e-06,768,0.002015439867875533,9.521082449659222e-05,768,0.008263055601759066,0.00037088450054740006,768
7,22,0.012146580220330534,1.666197557306539e-05,768,0.026245581213307334,0.0012074653026996,768,0.0034225297357860333,0.00014718425849654236,768
7,23,0.003321474331039267,4.55620620170664e-06,768,0.01583792592890627,0.0007559901412936999,768,0.0034646143042391334,0.00014379889875813014,768
7,24,0.008016852984087034,1.0997054829195007e-05,768,0.0023733139865508997,0.0001079933476505852,768,0.0057861963657342,0.0002541150725432,768
7,25,0.0029364855427982998,4.028100886036283e-06,768,0.004376386073673167,0.0002086157641784333,768,0.004004142691726934,0.00018057216576010762,768
7,26,0.005808573595354867,7.96786500917099e-06,768,0.007547873264820467,0.00034742005082743333,768,0.0030775012711589667,0.00012658366450863997,768
7,27,0.009151330377664565,1.2553265275856476e-05,768,0.005668097967109933,0.0002674339629088333,768,0.008402379696522133,0.00037884680580040005,768
8,0,0.006486268281490667,8.897487363502318e-06,768,0.010524183312358035,0.0004873259274113333,768,0.011985018400669801,0.0005794718319159666,768
8,1,0.006406749389353633,8.788407942415767e-06,768,0.0007601714443723667,3.3802410316770746e-05,768,0.014209685857946833,0.0006361556196298332,768
8,2,0.008323505171115133,1.1417702584812922e-05,768,0.012290654752227667,0.0005518893041453,768,0.007445243360718199,0.0003215335899983,768
8,3,0.007869351351075632,1.0794720644220825e-05,768,0.029738896554457935,0.0013160747821162333,768,0.0141541632082713,0.0006534093632802,768
8,4,0.005259815046422,7.2151097986789875e-06,768,0.013414699871212533,0.0005747744393748,768,0.005963615681005466,0.0002775186647634,768
8,5,0.0073988433736514,1.014930503927345e-05,768,0.006877310251493134,0.00031812210906393334,768,0.012737264830440367,0.0005948051125588999,768
8,6,0.0123753368464344,1.6975770706241972e-05,768,0.0011867089536972,5.300128923731625e-05,768,0.017502098902790867,0.0007829901459578999,768
8,7,0.0064201570439088,8.806799774715586e-06,768,0.008312155207372935,0.0003846804962646,768,0.0101803981627443,0.00045424512726486665,768
8,8,0.0046397632181089,6.364558592420605e-06,768,0.0015940296602622,7.268158566248271e-05,768,0.009101785962759068,0.0003959531171228333,768
8,9,0.008754895056154467,1.2009458239626872e-05,768,0.012427975505782235,0.0005566912624126668,768,0.0070639383348686,0.0003076792482458,768
8,10,0.004629166579873233,6.350022749337227e-06,768,0.0033444141357936667,0.00015110550452012914,768,0.009301817587259566,0.0004365584891891999,768
8,11,0.014819090849042467,2.0327970982199697e-05,768,0.006504565099110166,0.00031434323310146665,768,0.020081139719295,0.0008796913980300001,768
8,12,0.0065970361414274675,9.049432310252154e-06,768,0.0040747610235739,0.00018955986521923331,768,0.026409501054535132,0.0012420127540401001,768
8,13,0.009028665644433833,1.2385000897935402e-05,768,0.011778588246282065,0.0005459767751179668,768,0.012586965307293668,0.0005615961153664001,768
8,14,0.0026305845962139337,3.6084836793730075e-06,768,0.0001936774471843,9.50641388229734e-06,768,0.006597462866170134,0.00027523979665953336,768
8,15,0.0028552626184833335,3.916683971535915e-06,768,0.0005945238640135668,2.745784912524564e-05,768,0.010456859868722699,0.0004669980965344666,768
8,16,0.0011378082101990666,1.5607794330757764e-06,768,0.00017121290041397465,7.537311384789361e-06,768,0.004148729193154801,0.00018656870231466665,768
8,17,0.0032046814138392663,4.39599645292053e-06,768,0.006386443360097333,0.0002959254332297667,768,0.0065288971213739,0.0002828182476441,768
8,18,0.004472949801887266,6.135733616410236e-06,768,0.0016769197568055668,8.088635651872406e-05,768,0.010142175913980334,0.0004670345660415,768
8,19,0.0013102726808546334,1.7973562111621168e-06,768,0.0002846453680121,1.2997291761396417e-05,768,0.0054951711861447325,0.00023565835782699996,768
8,20,0.003965561197275567,5.439727309237417e-06,768,0.0016192549008581334,7.407704460638681e-05,768,0.0096452443770491,0.00042967572468666665,768
8,21,0.018633996823552868,2.5561038138216297e-05,768,0.004218244747562466,0.0001930552417905,768,0.006587021824853867,0.0002846688978414,768
8,22,0.011507584512962367,1.578543826598131e-05,768,0.010735488503331165,0.00047307956150043334,768,0.0053733036128053,0.00023158919420010002,768
8,23,0.0007760871803403333,1.064591466760156e-06,768,0.0012790453565476,5.752944973205198e-05,768,0.0002867946312217667,1.2638087825474903e-05,768
8,24,0.016029797642118468,2.19887484673422e-05,768,0.0212120834818776,0.0009391740550570999,768,0.0012683939127206667,5.288076198792235e-05,768
8,25,0.007059969996771966,9.684458134102958e-06,768,0.008094870418571968,0.00036961543776563337,768,0.0041141683557661,0.0001724208055653934,768
8,26,0.0129000517177229,1.7695544220558527e-05,768,0.020855592388206366,0.0009265539342159667,768,0.004538902261520134,0.00021085935160003333,768
8,27,0.0055566693720383665,7.622317398625474e-06,768,0.018468408602013566,0.0008066487634295002,768,0.0029550496288219662,0.00013028214060354116,768
9,0,0.004335418243753267,5.947075769069908e-06,768,0.0016382399335063,7.01610072909945e-05,768,0.013766679723201933,0.0006826534686195333,768
9,1,0.007664281772722568,1.0513418093343284e-05,768,0.007378632062111467,0.0003237051142749,768,0.015813102254228367,0.0007182815654096668,768
9,2,0.004319654118783434,5.925451464972263e-06,768,0.010750403021100132,0.0004978375962852,768,0.005136770368943367,0.00023302613893061105,768
9,3,0.006054743063110333,8.30554604646106e-06,768,0.006888106104471534,0.00031620956906403333,768,0.009638762279524333,0.00045282303066753333,768
9,4,0.005249084377188201,7.200390106213567e-06,768,0.0370099154822393,0.0016782488217347666,768,0.007975479444440334,0.00038156771261673713,768
9,5,0.012949351906082466,1.7763171341062065e-05,768,0.0018607331981262002,8.421597407292374e-05,768,0.03135528477582733,0.0014178014470313666,768
9,6,0.0048248810962133,6.618492560824061e-06,768,0.0021804678570568003,0.00010138051268798947,768,0.0105847313492451,0.00046401361599136674,768
9,7,0.0051527691107627,7.068270383954785e-06,768,0.007075993443391299,0.0003130395681379,768,0.0197196509857538,0.0009243210290187,768
9,8,0.005366889710114567,7.361988648719836e-06,768,0.004515149922502433,0.0001923808408406,768,0.006829246389104967,0.0003126241950590334,768
9,9,0.003516153935104633,4.823256438596206e-06,768,0.004088126453366567,0.00018125719007866666,768,0.0072815926098771,0.00032256499922872543,768
9,10,0.0024841881408571333,3.4076654885330355e-06,768,0.0019270775639601667,8.446661792325902e-05,768,0.0028323569373601,0.00012474768489680632,768
9,11,0.0041406802320492,5.679945461473333e-06,768,0.0021214482076115,9.335053614081557e-05,768,0.027763803619279732,0.0012623164930167334,768
9,12,0.002673792104253267,3.667753230750725e-06,768,0.0004803197289051,2.2686537580521825e-05,768,0.010106756715960733,0.00044861291819890003,768
9,13,0.007428104060741333,1.0189443157616074e-05,768,0.0020195230068929,9.392808823977081e-05,768,0.023369169172951797,0.0011103239550376667,768
9,14,0.005150448110949633,7.065086576869626e-06,768,0.0012367049195577998,5.7325276932535495e-05,768,0.014215570383029702,0.0006198541150617333,768
9,15,0.005688339663635067,7.802935079340533e-06,768,0.015900601222047735,0.0007371444044417,768,0.013271899755443033,0.0006405590745831,768
9,16,0.0107570555194271,1.4755906081236926e-05,768,0.0006996297013461667,3.163116544063876e-05,768,0.030521981565650867,0.0013851288923003335,768
9,17,0.0039070956491092,5.359527645930629e-06,768,0.005037568617609567,0.00022909811188343335,768,0.014057539677599066,0.0006221657724782333,768
9,18,0.0024823327735940663,3.405120397996711e-06,768,0.0094559600643376,0.00039432519008314053,768,0.011225675108517366,0.0005234197337955,768
9,19,0.0064049100431884665,8.785884806833863e-06,768,0.008340321165012633,0.00037466683256726666,768,0.008087806074987167,0.0003762727226825,768
9,20,0.003762266806784667,5.160859834681467e-06,768,0.0019403030577578,8.432732739101317e-05,768,0.028104774927551035,0.0012535058124317,768
9,21,0.007586156046679999,1.0406249713592564e-05,768,0.0054762684356432665,0.00025252473066606667,768,0.009757236784429501,0.0004685408607479666,768
9,22,0.0068317613562432,9.371414773204125e-06,768,0.013366961071885867,0.0006058113426527,768,0.004146226673389167,0.00018231469088915894,768
9,23,0.005201075787793933,7.1345346628713434e-06,768,0.0028669719710994663,0.00013193557190410002,768,0.011919965309426536,0.0005717973056846333,768
9,24,0.0056150923011598665,7.702458577611126e-06,768,0.006406043367325233,0.00028349241829703334,768,0.005032218757924834,0.00021896532876947847,768
9,25,0.010751172815773166,1.474783656779261e-05,768,0.0152106815290788,0.0006734706055480999,768,0.011846082991874334,0.0005097773747058333,768
9,26,0.0044918868093226,6.1617102979027315e-06,768,0.0043372205098055,0.00019612394356883332,768,0.004948835282039067,0.0002067375837247066,768
9,27,0.014193948239868767,1.9470436574945342e-05,768,0.0026044832202600336,0.0001175248689288735,768,0.022367210272292867,0.0009849148449224334,768
10,0,0.0045508410991009,6.242580359436198e-06,768,0.004052312816028767,0.00017630119189982106,768,0.013586938863023534,0.0006088505298248334,768
10,1,0.007800764648716033,1.0700637354848936e-05,768,0.001975797782598867,8.880250353527045e-05,768,0.0148425667820504,0.0006766381885346667,768
10,2,0.0058704731504365,8.05277524849185e-06,768,0.006434685855642368,0.00028419261697570003,768,0.0020577057167816336,9.614133783653605e-05,768
10,3,0.004295215782782667,5.891928371423484e-06,768,0.0008281513569702333,3.466390692146677e-05,768,0.002149743534483,9.058429295546128e-05,768
10,4,0.005456455883859799,7.484850303896614e-06,768,0.0002018786491472,8.914308502668925e-06,768,0.008009027957977302,0.000364862422145,768
10,5,0.004013433157640567,5.505395272511278e-06,768,0.0011845828989069,5.4604465457318285e-05,768,0.007614427280995934,0.0003419404412928334,768
10,6,0.008213465321119834,1.126675625128202e-05,768,0.010128487271008601,0.00045453427952396667,768,0.004698327476091833,0.0002035117576025895,768
10,7,0.0022566555274056667,3.0955494190821483e-06,768,0.0015130732136020336,7.104128121724711e-05,768,0.0050564359237371,0.00022851223785446667,768
10,8,0.002635040466556,3.614595965747546e-06,768,0.0007489625885090333,3.440756530240866e-05,768,0.003849849747797167,0.00016432923723628113,768
10,9,0.0028908276247599,3.9654700079925385e-06,768,0.0013569190108887333,6.21790415999852e-05,768,0.0064720858564205,0.0002825814888971667,768
10,10,0.0035625534178785,4.886904543015963e-06,768,0.0008543082026903334,4.027551709038143e-05,768,0.016966553960945836,0.0007725073173433333,768
10,11,0.010709095954813534,1.469011789237649e-05,768,0.0024543928177772666,0.00011673431897785038,768,0.020694290356137398,0.0009978002912122332,768
10,12,0.0021733347845541,2.981254841145428e-06,768,0.00044571610520023337,2.058849268465543e-05,768,0.004152450326919067,0.00018322195395282712,768
10,13,0.0039374703584919004,5.401193900170011e-06,768,0.0007858080377100333,3.667594385153218e-05,768,0.013088328203539334,0.0006066527080755667,768
10,14,0.016933060003824534,2.3227791533760495e-05,768,0.0062319081428512,0.0002780203590415033,768,0.019524507746723367,0.0008819648739336667,768
10,15,0.007562064763395833,1.037320269084791e-05,768,0.0017730672839508332,8.781961272415206e-05,768,0.016879837479983367,0.0007850883720980332,768
10,16,0.0086366452986368,1.1847250088068108e-05,768,0.003222919166733533,0.00014566556219695819,768,0.0111088646497125,0.0004975298982091,768
10,17,0.004510152306970934,6.186765863480095e-06,768,0.002382147137045467,0.0001041676081405551,768,0.007298638421953367,0.0003205720768812667,768
10,18,0.010365772721965967,1.4219166908388724e-05,768,0.005947776696373766,0.0002788286492736,768,0.0075514945643343,0.00033849860739013337,768
10,19,0.007688903663543301,1.0547192949342197e-05,768,0.010784242690111932,0.0004971459968274334,768,0.0080627066587884,0.0003460841598185666,768
10,20,0.011113433399195535,1.524476458549783e-05,768,0.0060006140860207335,0.00026709396092423334,768,0.005241464879390467,0.0002273454268907119,768
10,21,0.0023670033774918667,3.2469182166966946e-06,768,0.000364988148159,1.73416882372378e-05,768,0.009887366603126134,0.00044181696979293334,768
10,22,0.0048142865187917,6.603959554967881e-06,768,0.0006156986354932667,2.7730712560437853e-05,768,0.012983012207224434,0.0005665762153297,768
10,23,0.0033878235765509336,4.647220253061687e-06,768,0.00042201167645803333,1.952716424052896e-05,768,0.0069817060778897015,0.0003139627220279333,768
10,24,0.01636707813230483,2.2451410264680744e-05,768,0.006434390439660333,0.00027982162292350307,768,0.04731069257126324,0.0020994970764422333,768
10,25,0.005411384256989934,7.42302366591793e-06,768,0.0007486624770619335,3.488981193385902e-05,768,0.012997071560585933,0.0005873301255041,768
10,26,0.0026051214418372666,3.573554791094852e-06,768,0.00017780055592859492,8.108861824702765e-06,768,0.0084004173220879,0.0003918222079182,768
10,27,0.004095638244094967,5.618159462996396e-06,768,0.00023443588194146668,1.0804014380038935e-05,768,0.007496605507918434,0.0003393055850388667,768
11,0,0.0116730624563956,1.601243136329737e-05,768,0.013347943287574965,0.0006196328957823334,768,0.0033390275289099,0.00014209385084445496,768
11,1,0.010142346300005002,1.391268354937903e-05,768,0.0006139431180305334,2.945068756715955e-05,768,0.0128750628737487,0.0005807980317889667,768
11,2,0.006891552560297433,9.453432887087844e-06,768,0.0201151842322815,0.0008891185170623333,768,0.0016894022734316335,7.209588739491418e-05,768
11,3,0.008089287995918633,1.1096417008052735e-05,768,0.0007130165537212,3.360455715816409e-05,768,0.009946677100375634,0.0004433965893821667,768
11,4,0.0086687393702895,1.1891274812227357e-05,768,0.004300423866645467,0.00019613555853501693,768,0.008294959813918333,0.0003571309461095333,768
11,5,0.011048962837664966,1.5156327623133594e-05,768,0.0017142319964928666,7.855783542160757e-05,768,0.014385567568699733,0.0006491396027441333,768
11,6,0.011244730644674366,1.5424870545841424e-05,768,0.0010752725337234,4.969277791808113e-05,768,0.011875474083668734,0.0005301277766832,768
11,7,0.006962365081903899,9.550569378093815e-06,768,0.0012511530362463335,6.013504151969445e-05,768,0.018615973909615932,0.0008888142188275,768
11,8,0.007382373586335533,1.0126712748750414e-05,768,0.005824478232289767,0.00024597720375686666,768,0.0045425559049671665,0.00019737071758035287,768
11,9,0.010962790661700634,1.5038121605933282e-05,768,0.005109513799048033,0.00024395206866726664,768,0.010574217440655733,0.00048039295456706667,768
11,10,0.0066652384786086,9.142988321820828e-06,768,0.0022121651958419333,9.955345816778437e-05,768,0.0065165358364325,0.0002784851803206667,768
11,11,0.013666441080214699,1.8746832765251834e-05,768,0.0016924853681612667,7.561604019771303e-05,768,0.0043891548416611,0.00018289075977387728,768
11,12,0.006145456000607366,8.429980814539731e-06,768,0.009261516557079533,0.0004004091628201333,768,0.0022790254046949,0.00010143418907002562,768
11,13,0.0065729021692366996,9.01632669836924e-06,768,0.008898948276976633,0.00043247654610579996,768,0.0177587702145463,0.0008599227670665332,768
11,14,0.005364812590659733,7.35913935421802e-06,768,0.0004868496002314333,2.2865482165166973e-05,768,0.0090696694697006,0.00040280525906433336,768
11,15,0.005753288704227466,7.892028387950854e-06,768,0.0005652955457159333,2.4360295726683773e-05,768,0.009652194372815568,0.0004176419869905,768
11,16,0.011418228846569132,1.566286534930919e-05,768,0.0015929099777861333,7.353821579355087e-05,768,0.019971625260917333,0.0008955711201426332,768
11,17,0.0044777324200566335,6.142294134390126e-06,768,0.0003974435492654,1.8042901729932562e-05,768,0.011950952301143966,0.0005315595332170667,768
11,18,0.0040985578102994335,5.622164345064227e-06,768,0.000234388401139,1.08237812286831e-05,768,0.011959273945291634,0.0005413949285251666,768
11,19,0.005781961140621066,7.931359590390824e-06,768,0.0009634388575640667,4.2193312159867956e-05,768,0.008403790981510834,0.0003793788253220333,768
11,20,0.0036126755541024996,4.955659210999291e-06,768,0.0004909688806324333,2.374697473523912e-05,768,0.0091788752784539,0.00038826946595256674,768
11,21,0.011436615066164233,1.568808652800412e-05,768,0.0056731486882674,0.00025451864693406667,768,0.01970744141931623,0.0009251097734411332,768
11,22,0.015939471705777867,2.1864844598735767e-05,768,0.0032593970785003003,0.0001459413919930155,768,0.0319345409271818,0.001471893983041533,768
11,23,0.0149346623500387,2.048650527829617e-05,768,0.017798127942981468,0.0007911770374434001,768,0.0056217051808745006,0.0002467035281872,768
11,24,0.007236349168428733,9.926404885935344e-06,768,0.007017161004668468,0.00031689919319023333,768,0.0081332796580877,0.000385917711340267,768
11,25,0.0062891651061178005,8.627112631480442e-06,768,0.0068761848838007665,0.0003058748030163333,768,0.0069476490541925005,0.0003027876899852,768
11,26,0.009245115930606033,1.2681914873790157e-05,768,0.005936327938364567,0.0002842929514014,768,0.0126417487462262,0.0005732620118309,768
11,27,0.0085555925640979,1.173606663132723e-05,768,0.023390995033816798,0.0010253248249013332,768,0.0048447293736284,0.0002109489893137883,768
12,0,0.023918218779115763,3.280962799690849e-05,768,0.0007239138179843,3.3508507233789495e-05,768,0.058072813834291,0.0025153552056105667,768
12,1,0.0049313152042896,6.764492745645895e-06,768,0.0031876774085557668,0.00015215456444056392,768,0.020074947498246766,0.0009892873879725668,768
12,2,0.017122824654702332,2.34880996853182e-05,768,0.0071120964881962664,0.0003165578424654334,768,0.027685574143911595,0.0012036430137953335,768
12,3,0.009435284555756533,1.2942777134671013e-05,768,0.0009206192939993999,4.055682311168331e-05,768,0.023538336131854434,0.0010287989730560002,768
12,4,0.006754534452940134,9.265479335909705e-06,768,0.004296916814075934,0.00020076780543723332,768,0.01999593019681827,0.0009460504070767668,768
12,5,0.004423196787103067,6.0674853010771646e-06,768,0.001725913598466,7.780199128636083e-05,768,0.007786707965887966,0.0003593364401603667,768
12,6,0.006780725451947067,9.301406639495845e-06,768,0.0307023239223506,0.0015151433542476666,768,0.011244528902457968,0.0005342979147248667,768
12,7,0.004963123719009566,6.808125795486226e-06,768,0.019738697730877133,0.0008584845462618999,768,0.0018567418106923,8.554075274917713e-05,768
12,8,0.010350430594467467,1.4198121512394392e-05,768,0.0126641427507697,0.0005693870638733334,768,0.008834904093992133,0.00039467562132779996,768
12,9,0.0177604038728702,2.436269388672643e-05,768,0.0036688601974893997,0.00016760039086868047,768,0.0192840556027533,0.0009013899998861335,768
12,10,0.011242575998539367,1.5421915001559313e-05,768,0.018099372353870935,0.000791933748109,768,0.009868371729124166,0.00047197234423633337,768
12,11,0.008942858559424333,1.2267295689790484e-05,768,0.014563210852709034,0.0006439643096695,768,0.007173761515119267,0.0003152552701291334,768
12,12,0.009495069436721766,1.3024786639919081e-05,768,0.030260666832106098,0.0013276480816831668,768,0.0066664481080517006,0.00029313046155133335,768
12,13,0.008575867811847068,1.176387902056264e-05,768,0.012486941873940302,0.0006035315236172,768,0.0067994167944267665,0.0003000087183264333,768
12,14,0.003993376551643201,5.477882781620054e-06,768,0.0049145907307206,0.0002289663618801667,768,0.008612403384834199,0.0004035606714844667,768
12,15,0.004365594717253733,5.988470117647097e-06,768,0.016500851129838633,0.0007300230578946667,768,0.009318122117382635,0.00045502862606243335,768
12,16,0.0064397640534193,8.833695553946084e-06,768,0.016559138347335,0.0007794722325344334,768,0.005932945699733167,0.0002610800770330667,768
12,17,0.014863512772743967,2.0388906383295043e-05,768,0.005827381796296467,0.0002680643836071,768,0.022584897962308465,0.0011438519753217667,768
12,18,0.0029734606491396997,4.078821191921417e-06,768,0.0011596784061775,5.411592596826775e-05,768,0.0107903331784733,0.0005246118750197666,768
12,19,0.0034000249813696,4.663957452421547e-06,768,0.010354641543197601,0.0004614461030293333,768,0.005134677921035967,0.0002504734533763,768
12,20,0.0053675859002311,7.362943648161109e-06,768,0.0047654071614419,0.00022049413811466666,768,0.0096302041608839,0.0004324376951238,768
12,21,0.0065415537164028,8.973324721145093e-06,768,0.0004942696721205,2.2114832586640997e-05,768,0.010546206240678133,0.00047561662025239995,768
12,22,0.011085693609457367,1.5206712760923448e-05,768,0.006158711655212767,0.00030217456158646667,768,0.0089084183724885,0.0003897782242815667,768
12,23,0.007875247984700866,1.080280931286745e-05,768,0.0035017044938557666,0.00016448456814866668,768,0.007896378665288665,0.0003535788452114,768
12,24,0.0083057910330571,1.1393403307561993e-05,768,0.011304272882966834,0.0005118981686485,768,0.017179132257088666,0.0008015221981642666,768
12,25,0.005577129581066434,7.650383505594573e-06,768,0.0013976645909737665,6.737547437816553e-05,768,0.0088799945575992,0.0003936212545028667,768
12,26,0.010701057162876233,1.4679090752826052e-05,768,0.0020173504476813,9.364314886962705e-05,768,0.0177901170537353,0.0007925567365827667,768
12,27,0.0076251386322685666,1.0459723723257888e-05,768,0.0037774482839539668,0.0001692788981771165,768,0.004970867944666134,0.00022478872268910001,768
13,0,0.0034552039488548337,4.739648771349998e-06,768,0.0030220305287039,0.0001343596144895512,768,0.012541004750722999,0.0005693480497823,768
13,1,0.004902345735633934,6.7247540909055855e-06,768,0.0032719870956796336,0.0001489487386463,768,0.009529033999655167,0.0004384712643345667,768
13,2,0.010826108731333,1.4850629246688021e-05,768,0.0016558026167091333,7.426453951674995e-05,768,0.02361333146434193,0.0010691271008301667,768
13,3,0.0022432467032900334,3.0771559668160884e-06,768,0.009752411990829034,0.0004147101608232,768,0.004716134554653167,0.0002172231534580333,768
13,4,0.0032635671056084996,4.476772445993601e-06,768,0.008667046753795133,0.0003904952996346,768,0.009262787075937666,0.00043377639995840003,768
13,5,0.004117794306424367,5.648551848907379e-06,768,0.005744597944990634,0.0002567023968677333,768,0.0101604790641,0.00045561072920513335,768
13,6,0.005057098193776167,6.937034566889038e-06,768,0.011145789097885902,0.0005124803011812333,768,0.0147293312580766,0.0006920977429930999,768
13,7,0.016487492098036634,2.2616587176628688e-05,768,0.0024558748337852334,0.00011036667152689219,768,0.012130873392644933,0.0005443956757934,768
13,8,0.0072399245877535,9.931309442579174e-06,768,0.0004950882083708334,2.341691502917344e-05,768,0.009090976597967365,0.000399109435846,768
13,9,0.006352469546001734,8.713949996607314e-06,768,0.0005506680328212,2.6824716571086555e-05,768,0.0100899442162377,0.00044708299312743333,768
13,10,0.009862505822931399,1.3528814597835287e-05,768,0.0010340255193078667,4.892400888332864e-05,768,0.009192371276353568,0.00040354050094140004,768
13,11,0.018598050497464134,2.551172906442289e-05,768,0.0078096594332753,0.0003493157381228333,768,0.009794147814313633,0.00043759753700813335,768
13,12,0.011232108700345566,1.5407556471069724e-05,768,0.0018309858278844667,8.985144487219287e-05,768,0.02590283746242737,0.0012011947629985665,768
13,13,0.0233038392190489,3.196685750545108e-05,768,0.0007336632668059,3.5228447782334936e-05,768,0.017808217310336664,0.0007723777699721,768
13,14,0.0051237401388662,7.0284501192853744e-06,768,0.004688689542413434,0.00022897983429533334,768,0.009513015113431765,0.0004200256851566667,768
13,15,0.004031015287058434,5.529513413351685e-06,768,0.0047348202280851,0.00021010908974520076,768,0.007531819897134033,0.00036259340846023333,768
13,16,0.007328363272530166,1.0052624532743784e-05,768,0.019463460486074734,0.0008889026276432668,768,0.0083316212092737,0.0003640038270921666,768
13,17,0.004382923960283867,6.012241370644521e-06,768,0.02146373522179103,0.0009707080479160334,768,0.006003174440705766,0.00028032419775463426,768
13,18,0.014952088718009265,2.051040975411033e-05,768,0.0084759398637288,0.0003873534065186334,768,0.023863823423122637,0.0011272850729719,768
13,19,0.009034165061422034,1.2392544670383697e-05,768,0.0315626582033322,0.0014054699663161665,768,0.019422894737126935,0.0010376743591758335,768
13,20,0.007190283255058633,9.863214333655281e-06,768,0.008470047041474934,0.00038879013573910005,768,0.008337042340702467,0.0003754441168632333,768
13,21,0.006378346729268434,8.749446834938867e-06,768,0.008766989647208767,0.0003969734433778333,768,0.010721449834013167,0.0004918216003689667,768
13,22,0.006316155747336166,8.664136842369274e-06,768,0.009426370320866732,0.0004238767707088333,768,0.007673908810890101,0.00034693681844949996,768
13,23,0.0033671644257792003,4.61888123947003e-06,768,0.0029760626969992667,0.0001308331261939087,768,0.012881896752067667,0.0006169628411043333,768
13,24,0.006131960489413467,8.411468444726141e-06,768,0.004538586702330066,0.00021674720128076668,768,0.008518506476687965,0.0003804611658258,768
13,25,0.008683162042068166,1.1911059057357828e-05,768,0.0042620438352708335,0.0001979930811323,768,0.02459801675383247,0.0011816871066403333,768
13,26,0.006081515026877967,8.342270254226564e-06,768,0.010955341567696467,0.0004764887726686667,768,0.011548104875371501,0.0005744146879780334,768
13,27,0.007730645864578833,1.0604452466315712e-05,768,0.0091399903165149,0.00041675359081283335,768,0.009582206162786334,0.0004301518568505333,768
14,0,0.007283442447921067,9.991004731346094e-06,768,0.01920058176876197,0.0008232339897139334,768,0.0006987560973466334,2.77723214597182e-05,768
14,1,0.007171936299885734,9.838047076583884e-06,768,0.004576145187169066,0.0001894836610050074,768,0.002779144701298633,0.00011300808373580075,768
14,2,0.009116317074633134,1.2505236063308263e-05,768,0.012951939880861532,0.0005744870051482667,768,0.0022860206965457,9.3174478546821e-05,768
14,3,0.012697971721678367,1.741834253633547e-05,768,0.021715733304787866,0.0009272231317432334,768,0.0025289182558113333,0.0001083395959055449,768
14,4,0.00024328767434793333,3.337279469934674e-07,768,0.0021885344886900335,9.261782436483173e-05,768,5.912299785416561e-05,2.1447636822232457e-06,768
14,5,1.0088260780122723e-05,1.3838492212428299e-08,768,3.300442302592299e-05,1.4500681622278053e-06,768,3.497815135316181e-06,1.5284235009339455e-07,768
14,6,0.006840087854520433,9.382836583275942e-06,768,0.0098470084919431,0.00042591452657396667,768,0.0015437385554258002,6.172740115723838e-05,768
14,7,0.0003842986905417,5.27158697934427e-07,768,0.0028825266632003335,0.00012740298885190318,768,0.0007207064667063,3.022338606688731e-05,768
14,8,0.008990735866284134,1.2332971036531373e-05,768,0.027449786421892438,0.0012392115689826334,768,0.002432952089171367,0.00010295974909639767,768
14,9,0.011219196059324532,1.538984369147915e-05,768,0.0016371384402422999,7.535068728829429e-05,768,0.02140749045000227,0.0009501567720747667,768
14,10,0.009710414360912467,1.332018429078616e-05,768,0.024581153417149865,0.0011101104705670333,768,0.003249266523692234,0.00014193793308581466,768
14,11,0.009339611681639269,1.2811538659966183e-05,768,0.015045692888264699,0.0007048484992826001,768,0.0081096700166168,0.0003632561920866667,768
14,12,0.008999548631071665,1.2345059851407518e-05,768,0.014054963527418767,0.0006139413829430667,768,0.0040881293688225994,0.00017508480628413564,768
14,13,0.013665244952022634,1.8745191994662635e-05,768,0.021786128088355835,0.0009744629393121,768,0.0074117584546891995,0.0003229802575061667,768
14,14,0.004997217563848434,6.854893757576921e-06,768,0.010547049859693368,0.00047104651914293337,768,0.0082791820711752,0.0003762499993984667,768
14,15,0.0039750743038594995,5.452776830799515e-06,768,0.0028436261309264,0.00013431148305593336,768,0.0097916283434879,0.0004236200543498,768
14,16,0.0027844498213065,3.819547084205027e-06,768,0.0062937330476522,0.00029847664211686667,768,0.0031170437125199665,0.00013233011829014984,768
14,17,0.005453066930591267,7.480201536045478e-06,768,0.0025741905863843335,0.00012012444644595723,768,0.013617200574797,0.0005894194650469666,768
14,18,0.004516124088883133,6.194957615788986e-06,768,0.004510037874428666,0.00019804664207849812,768,0.004995355241503533,0.00022746538286143328,768
14,19,0.002705419410223867,3.7111377366374812e-06,768,0.005586728921924034,0.00025040577671953335,768,0.004287407965598733,0.00017910830464901024,768
14,20,0.008812095438284933,1.2087922382542199e-05,768,0.0033580256352294334,0.00015195851429640247,768,0.014697065612554135,0.0006613895983929667,768
14,21,0.004594597243992533,6.302602516777053e-06,768,0.014187797218575266,0.0005979256746009,768,0.024295708641308932,0.0011379150999535,768
14,22,0.007200527338826567,9.877266586867314e-06,768,0.014207015016362767,0.0006195102802972,768,0.008659769678680767,0.0003868116562647,768
14,23,0.004718421445950533,6.472457389409177e-06,768,0.008994024723198333,0.00041307963266633334,768,0.009986397644764068,0.00043364600664403335,768
14,24,0.0035075252280851997,4.811420072653131e-06,768,0.007304104705807366,0.0003529333012017,768,0.0046549782082602005,0.00020257792219953373,768
14,25,0.0100092481003812,1.3730107110299788e-05,768,0.0006304894290365,2.8639152016891416e-05,768,0.03452056447899087,0.0015124631796291001,768
14,26,0.005330266694015699,7.311751288994999e-06,768,0.005044961098879667,0.0002221962524014667,768,0.013677718422310135,0.0006022948127613666,768
14,27,0.006433834436572,8.82556166094626e-06,768,0.023297072935927532,0.0010678262479977998,768,0.010042679222754166,0.0004398704650312,768
15,0,0.0060111957297029,8.245810341753375e-06,768,0.0020468330879902332,9.509319270371939e-05,768,0.010748355048635902,0.00048157436585423327,768
15,1,0.007667939969384867,1.0518436194021744e-05,768,0.020279122448690335,0.0009062377705587665,768,0.0032857447597530332,0.00013760278927777767,768
15,2,0.006394986577144333,8.772272404964677e-06,768,0.0022429272969765,0.0001029306443525262,768,0.006691122321100167,0.0002825493014976,768
15,3,0.007803710449807068,1.0704678296609543e-05,768,0.0025635068986472,0.00011658276542923996,768,0.011448298847990132,0.0005067950587512334,768
15,4,0.006495859830852833,8.910644478368526e-06,768,0.020472390087112,0.0009144371173957999,768,0.0023944851106392335,0.00010050888000524473,768
15,5,0.005932935844231868,8.138457947745172e-06,768,0.0004529458505798667,2.2566784990706603e-05,768,0.012116044752697,0.0005380621273296666,768
15,6,0.006447469747656633,8.844265753246127e-06,768,0.0007331436940003667,3.434062407019443e-05,768,0.010013596665308632,0.0004335000642107333,768
15,7,0.005793970102081567,7.94783280221897e-06,768,0.004195808061666,0.00019895190913446666,768,0.007045802070495634,0.00031120866505746666,768
15,8,0.006160096044186,8.450063170433128e-06,768,0.00043741768318573336,2.1289204225959785e-05,768,0.013626853884420066,0.0006112634446463666,768
15,9,0.006472651616913734,8.878808818845446e-06,768,0.0004471853978445667,2.180649784108817e-05,768,0.021216876825694866,0.0010079107182597,768
15,10,0.005081942973529134,6.9711151925539935e-06,768,0.0019051039362001337,8.744369223181113e-05,768,0.011013580810981633,0.0004982450345825,768
15,11,0.007379193213724933,1.012235010688344e-05,768,0.0005566762692028,2.6983439559741713e-05,768,0.016719187225239237,0.0007206345540255,768
15,12,0.0060563002388533335,8.307682078520043e-06,768,0.0005155930953704333,2.472497799740093e-05,768,0.012668447009686399,0.0005600496442262333,768
15,13,0.007166534224414933,9.830636769171992e-06,768,0.0009119439205639334,4.374389829254801e-05,768,0.022038895730595632,0.0010457687256130333,768
15,14,0.012619374142429201,1.7310526973075256e-05,768,0.03652238119433563,0.0015978712732486668,768,0.0031243035039641,0.00013702725734060126,768
15,15,0.008128622001187533,1.1150373115226351e-05,768,0.023046556871629265,0.0010606588510435665,768,0.003281321987491433,0.00014031868971928928,768
15,16,0.004686340060332567,6.4284500167271705e-06,768,0.0026671846887064,0.00013234793749979858,768,0.0077992702160448,0.0003525809273062667,768
15,17,0.004350398909735933,5.967625384339463e-06,768,0.0053279876865263,0.0002499795482279,768,0.005508489964711267,0.0002487978676821333,768
15,18,0.00230823342992,3.16630100581288e-06,768,0.008779453215106233,0.00037162412071776665,768,0.0007362930038528,3.126736915894622e-05,768
15,19,0.008096070686325568,1.1105721130699395e-05,768,0.005801168870547667,0.00025994487912726666,768,0.0024311747119167997,9.80538538755237e-05,768
15,20,0.016474148901041902,2.259828381675928e-05,768,0.035305714247802635,0.0015528415010517334,768,0.0029187611032875003,0.00012447425814798532,768
15,21,0.0058049405385129,7.96288140407902e-06,768,0.0009719364814853,4.611784590231871e-05,768,0.016212169726706766,0.0007263349343811667,768
15,22,0.004730399235010368,6.4888878450952816e-06,768,0.0028178502042858667,0.0001322902866679333,768,0.014982125704851933,0.0006476718880073,768
15,23,0.013599206865175434,1.865460474423635e-05,768,0.0037373262847565994,0.00017515485115756667,768,0.025917176039560702,0.0011401538928859335,768
15,24,0.0065382320031351,8.968768181000694e-06,768,0.018582122104954565,0.0008696122102166999,768,0.008662051323671066,0.0003940577489859667,768
15,25,0.007095607361681733,9.733343441598851e-06,768,0.008537848895772434,0.0003732011157436333,768,0.0050181374995072,0.00021446837983533332,768
15,26,0.009692011186700667,1.3294939888358398e-05,768,0.006698949284153567,0.0003228043537358333,768,0.0209660861789018,0.0009453446212315334,768
15,27,0.0068132017837167,9.345955796334163e-06,768,0.0012906670097709333,6.14429685749975e-05,768,0.018391297571544802,0.0008465040512128334,768
16,0,0.006964718081945834,9.553797102822946e-06,768,0.025636387058739232,0.0011633460616109665,768,0.002204131436377167,9.903651981280346e-05,768
16,1,0.007070791354294633,9.699302268280594e-06,768,0.016577421065373167,0.0007790980780137,768,0.004800621397154766,0.00020545774746492354,768
16,2,0.013211159983901133,1.812230450205556e-05,768,0.02047028487942267,0.0009732376969946,768,0.009181450587517933,0.0004098857133963667,768
16,3,0.006060969358306467,8.314086876777335e-06,768,0.010396416422827466,0.00046241909266126667,768,0.0055220040540824,0.00024166230343643333,768
16,4,0.0056810371121779335,7.792917850769446e-06,768,0.011856484992842734,0.0005228222392201666,768,0.004554658122893066,0.00019313144936865964,768
16,5,0.0087474104150165,1.1999191247480837e-05,768,0.0205592578998145,0.0009240049181767667,768,0.007236352093385,0.0003221698142291,768
16,6,0.0057486238473209335,7.885629426099503e-06,768,0.008574310799903099,0.00039696440489070004,768,0.012719740562185167,0.0005937211128501,768
16,7,0.0043401390685199005,5.953551530157068e-06,768,0.0070511137262603335,0.0003171447349790333,768,0.006986458592568967,0.00033441925121376666,768
16,8,0.008177394393180467,1.1217276259260401e-05,768,0.0016497134137628666,7.528539943328638e-05,768,0.008898060395514001,0.0003955775511988667,768
16,9,0.005342694089123933,7.328798491022818e-06,768,0.007364571737271034,0.0003087161488006,768,0.0043292086990926,0.0001883884913032713,768
16,10,0.0022161260032013664,3.039953365851072e-06,768,0.0018118631344658,8.109284879339095e-05,768,0.0049243760445918,0.00023161272092843334,768
16,11,0.0013923877418923999,1.909996900293623e-06,768,0.0030490689059504,0.00013351431877298237,768,0.0024953056990947,0.00010992496347532939,768
16,12,0.0026038258821472,3.5717776246323944e-06,768,0.0033527714217550333,0.00014479621180737024,768,0.010770487228540999,0.0005366525034814667,768
16,13,0.0029084178844620665,3.989599294837818e-06,768,0.0069658761319846335,0.0002982325423051333,768,0.0016192925412994,7.301848501897745e-05,768
16,14,0.0051565335171351,7.073434178500246e-06,768,0.010010977039119165,0.0004552810763531667,768,0.016918273778818032,0.0007845965995548334,768
16,15,0.004916205230263867,6.743765750294219e-06,768,0.0038774280250528335,0.00017081389724515688,768,0.022572589375092367,0.0010825035576552333,768
16,16,0.0030903068320562665,4.239104018159169e-06,768,0.005095603887210567,0.00023141413677923333,768,0.008884331457974034,0.0004250641194031666,768
16,17,0.002942990851034067,4.0370244815826975e-06,768,0.006817957823159267,0.0003187244439040667,768,0.006456413724548533,0.0002900339335047667,768
16,18,0.0024508926923895,3.3619927210985865e-06,768,0.008101930898042967,0.0003912925489497333,768,0.0047820433813292,0.00020771813179960258,768
16,19,0.0116445265263867,1.597328739199374e-05,768,0.007620686782554234,0.0003513742159510667,768,0.025683477413394898,0.0011732910470263667,768
16,20,0.005095176075125567,6.989267593837782e-06,768,0.008446770216257435,0.0004004113765346667,768,0.013759558812826768,0.0006377380528496333,768
16,21,0.004825204464963134,6.618936166758744e-06,768,0.000365078538907,1.6769574350026264e-05,768,0.015751950780346097,0.0007168684163335668,768
16,22,0.003913085563473699,5.3677442823725045e-06,768,0.0005837561394845334,2.7124537931410973e-05,768,0.012494609143250965,0.0006018225232088667,768
16,23,0.005393440028755067,7.39840880524382e-06,768,0.00047887385329686664,2.246714298515436e-05,768,0.013734769986459802,0.0006084364401420333,768
16,24,0.003870749970603833,5.309670736056901e-06,768,0.0028857825445124338,0.0001298353263299237,768,0.006911269627058399,0.0003101367498333667,768
16,25,0.004134811960563867,5.671895690462688e-06,768,0.0005448443835351333,2.4738333059072064e-05,768,0.013846632757430135,0.0006502315177078666,768
16,26,0.008238991907930366,1.1301772166878344e-05,768,0.0010368377674038667,4.8012853254527275e-05,768,0.021087893440584534,0.0009769122036113666,768
16,27,0.0036628201351582667,5.024444617398917e-06,768,0.0051574271163007,0.00024148441029903336,768,0.006161614727344466,0.0002935811615499667,768
17,0,0.0038143571142168664,5.232314274729195e-06,768,0.006750817102031866,0.00030355070321246664,768,0.008289082101086266,0.0003687188537686,768
17,1,0.003049311557354833,4.182869075668634e-06,768,0.0020053649297212335,9.730634032536878e-05,768,0.0153428909921681,0.0006941431586588,768
17,2,0.004295067476372534,5.891724934921728e-06,768,0.0005970688576646667,2.829067936959484e-05,768,0.0209862475455698,0.0009743096003369999,768
17,3,0.0037313064425138665,5.118390177084643e-06,768,0.0012827935072259,6.069046226299853e-05,768,0.01176504414871,0.0005262825528599,768
17,4,0.006317752212715,8.666326764183765e-06,768,0.0009596478005291332,4.49534512739763e-05,768,0.03368213941310686,0.0015313662416862335,768
17,5,0.0062142654777759335,8.524369676170379e-06,768,0.0038903558701583337,0.00017371164225623336,768,0.016621329540403865,0.0007016733142262335,768
17,6,0.004319718224970434,5.925539397748693e-06,768,0.001630978444589,7.403790060255207e-05,768,0.0241520129564681,0.0011334527222992667,768
17,7,0.0018783637041552333,2.5766305923431826e-06,768,0.0086271249509787,0.0003769057160543667,768,0.002028728890081733,8.807426742056529e-05,768
17,8,0.0037555909636287333,5.1517022830845196e-06,768,0.0111394604848366,0.0004957277287303334,768,0.0015828029704228,7.004817918691841e-05,768
17,9,0.004600956257670866,6.311325444516407e-06,768,0.0021560696193946,9.508566585615065e-05,768,0.014636088298852665,0.0006594990087505333,768
17,10,0.0008105945586914,1.111926693285929e-06,768,0.0011560049490457666,4.984482679273178e-05,768,0.005862234123361734,0.00028654167175253334,768
17,11,0.003015276619056033,4.1361819183167075e-06,768,0.000635772080765,3.0014468703957093e-05,768,0.0139287715558798,0.0006194929041321333,768
17,12,0.0020671160286233666,2.835550112443036e-06,768,0.0015216936572001,6.482648461993955e-05,768,0.0055074332916830665,0.00022519607435886668,768
17,13,0.0021235194776529666,2.9129210870957258e-06,768,0.0020828793489778667,8.589757939171675e-05,768,0.0056924900387921,0.0002723448634919333,768
17,14,0.0037326406937320668,5.120220443787018e-06,768,0.013072801597765199,0.0005610358586309333,768,0.002850379059083667,0.00013305931039116976,768
17,15,0.0013550012666943,1.8587123001434734e-06,768,0.0021428060043628665,9.615510870265239e-05,768,0.005246053581647734,0.00025455300718420004,768
17,16,0.0040931586716651995,5.614758109340346e-06,768,0.0007791730886136999,3.564311109437862e-05,768,0.0036432848742607334,0.00014989474618175305,768
17,17,0.0036541862279921337,5.01260113681002e-06,768,0.005536237420306099,0.0002466154668253,768,0.0071602861923155655,0.00033422258716943337,768
17,18,0.0029292189267566336,4.018132963051685e-06,768,0.008997873021286233,0.0004086978347693333,768,0.004197425408579001,0.00017577640035116088,768
17,19,0.0024126972838782,3.30959846984877e-06,768,0.004866737741593801,0.00020583159086893336,768,0.0025593111218351,0.00011679020069349158,768
17,20,0.0021344529887698666,2.9279190464669394e-06,768,0.003810484669632,0.0001491137431787506,768,0.007509081901689033,0.00038518612994675695,768
17,21,0.003972787133475166,5.449639391945241e-06,768,0.0021855018731257,0.00010483179417377107,768,0.010560645383551502,0.00046185259297933334,768
17,22,0.0044054545115746,6.043147471749358e-06,768,0.0069711828963250665,0.0003235011030548,768,0.0095969027174896,0.00041404731225619997,768
17,23,0.004607284113015767,6.3200056328674885e-06,768,0.0028688881160168667,0.0001352869505503,768,0.012908479939640635,0.0005804735904803667,768
17,24,0.0038410949011447996,5.268991617106665e-06,768,0.012213957094594668,0.0005377537694794334,768,0.0043590813421960336,0.00018881678140507353,768
17,25,0.0021581754569813,2.960460158322022e-06,768,0.002762513341039567,0.00013150338124396667,768,0.0126110180669911,0.0005926720014849334,768
17,26,0.0039738261554691,5.451064681986071e-06,768,0.006553476731616732,0.0002844280558087333,768,0.0038854769341760335,0.00016497794715155363,768
17,27,0.007845067046565833,1.0761408840148414e-05,768,0.005806564702865533,0.0002766442905985667,768,0.017002794527139466,0.0007501116596888333,768
18,0,0.004836048117806966,6.633810879858153e-06,768,0.0014456874536202668,6.667122232163179e-05,768,0.023488802924684134,0.0010818332799198,768
18,1,0.0014549518505554998,1.9958187247121283e-06,768,0.004031219083358867,0.0001901951000425333,768,0.013017291327225634,0.0005779996700808333,768
18,2,0.001722309404451933,2.36256434382323e-06,768,0.0005830177088970333,2.8360789449367412e-05,768,0.011178209010504701,0.0005021985557189334,768
18,3,0.0016512172949643333,2.2650442965865014e-06,768,0.00035968174737123336,1.784738774845019e-05,768,0.006151129734057233,0.00026973690718196667,768
18,4,0.0027161556305721327,3.725865062445356e-06,768,0.0012926275586639332,6.442417380734772e-05,768,0.016138161049819102,0.0007710869308922,768
18,5,0.0010760677547773,1.4760874529699977e-06,768,0.0019154086997433667,9.435348117062076e-05,768,0.007901590223099166,0.0003570316921848333,768
18,6,0.0017258767545318668,2.3674578265327154e-06,768,0.000849715510669,4.1122881812315215e-05,768,0.007284095493912866,0.0003210447836929,768
18,7,0.0120737336139053,1.6562048836253385e-05,768,1.1549608992285302e-08,4.2604866473398594e-10,768,0.0424656907966228,0.0019626097075129668,768
18,8,0.004279346214890533,5.870159399395137e-06,768,0.0009399283707746666,4.350402722755331e-05,768,0.016175578734684334,0.0007265210988926001,768
18,9,0.0040457492852834665,5.549724668651646e-06,768,0.0005668878529235,2.70205593750414e-05,768,0.01586309908822627,0.0007154810355344668,768
18,10,0.002119326478252233,2.907169390939842e-06,768,0.011318975289275534,0.0005129968815409333,768,0.0056114938112443,0.00023618275547147196,768
18,11,0.0032125675315708667,4.4068141675041245e-06,768,0.004262348785830467,0.00019123660028900002,768,0.007897226709881466,0.0003708677241013667,768
18,12,0.0018928727544758335,2.5965332771532307e-06,768,0.0023516999624591667,0.00010595237076767018,768,0.004540386443361866,0.00021164986793426665,768
18,13,0.0031499234860200005,4.320882686784418e-06,768,0.0024983366014457334,0.00011953091790398936,768,0.011106115051398732,0.0004792668474964,768
18,14,0.0019523712548595669,2.6781498678275207e-06,768,0.0034434455757382,0.0001611895763399,768,0.0113093783540373,0.0005056302885416999,768
18,15,0.0030087439115617,4.127220714949681e-06,768,0.004354771053562166,0.00021478670618656668,768,0.0106118398585645,0.0004656959042803333,768
18,16,0.0024132118235951332,3.3103042869377404e-06,768,0.009851283802838368,0.0004558635583725,768,0.0045592945296300666,0.0001993637842133272,768
18,17,0.007957151718320133,1.0915160111441986e-05,768,0.00035057159893296663,1.621884531273025e-05,768,0.024436941734857432,0.0011157830233724001,768
18,18,0.0024355884147912333,3.340999196853265e-06,768,0.009377985244263634,0.0004490648291041,768,0.010712884778826,0.00047103652592566666,768
18,19,0.002049256667680367,2.8110516751715087e-06,768,0.005765293458137367,0.0002700303816543,768,0.006544336704394,0.0002903820747408333,768
18,20,0.0018039535567296002,2.474559061610233e-06,768,0.0011653739476801667,5.872363819084915e-05,768,0.0185372529187238,0.0008481889657721333,768
18,21,0.002210904259256867,3.032790484260838e-06,768,0.0007254573741578334,3.6085352483491984e-05,768,0.019894336097716268,0.0009128288036803334,768
18,22,0.0033823739377955996,4.6397447791648484e-06,768,0.0037394323979723,0.00016956130710336667,768,0.010247315921489466,0.0004620360133760334,768
18,23,0.0017557635141113332,2.408454753116711e-06,768,0.0036584332452278003,0.0001658157843513684,768,0.009222343254776867,0.00039768420032886665,768
18,24,0.0054422397750215,7.465349484597414e-06,768,0.004576049778142,0.00021593482672513332,768,0.010435040545453666,0.00043491080372113337,768
18,25,0.0093360792213014,1.2806693019895276e-05,768,0.0011628229588526,5.4548403200210815e-05,768,0.0292178604917694,0.0013328180685833666,768
18,26,0.0025144886539509997,3.4492299741936106e-06,768,0.0038779304175413,0.00017752266143976665,768,0.010661454272489301,0.0004881861018673334,768
18,27,0.004609116920935434,6.3225197825525145e-06,768,0.0006306003066036,2.90358283435548e-05,768,0.0126252258126271,0.0005580617554998333,768
19,0,0.009139227524528266,1.2536663250578214e-05,768,2.2027587207763958e-08,9.04117857642421e-10,768,0.06920818816701053,0.0033040096523995663,768
19,1,0.0037989649905091336,5.211200256688593e-06,768,0.0015263038468585667,6.949327860578853e-05,768,0.0285487825905761,0.0013459081661632668,768
19,2,0.0021542309184958,2.955049272055562e-06,768,0.0020565781588155,8.889240455733944e-05,768,0.044121735857250564,0.0021826111114474334,768
19,3,0.0006216294328686334,8.527152711915667e-07,768,0.007587028071109866,0.00033183267395053335,768,0.0043286468086544,0.0001803052227790956,768
19,4,0.0033211963842436332,4.55582493903084e-06,768,0.0039521930354376,0.00017735477896883332,768,0.026628264261044365,0.0012727151326376001,768
19,5,0.0009105552754423667,1.2490470179708302e-06,768,0.003815982355793167,0.00018243849923996666,768,0.012483300697795666,0.0005402126879020334,768
19,6,0.0026369047118445003,3.617153241160098e-06,768,0.011575839638102966,0.0005373149495405,768,0.010108752775057133,0.00041998712714669246,768
19,7,0.0011938098398494334,1.6375992388224156e-06,768,0.00026729556013453334,1.2144591778314532e-05,768,0.012322029248086999,0.000579921833018,768
19,8,0.0029798513211342337,4.0875875478143505e-06,768,0.00017432585245770002,8.040293856978348e-06,768,0.011201934388841,0.0004999801448445667,768
19,9,0.0007849087246281334,1.0766923533023943e-06,768,0.0002337729872204,1.0778158032971608e-05,768,0.005943561158954167,0.00027039618480496664,768
19,10,0.0009974650878925,1.368264868899672e-06,768,0.00033910121399136664,1.5797737160312224e-05,768,0.013846231639395934,0.0006145245091847333,768
19,11,0.002655137476195233,3.6421638901686876e-06,768,0.0013420886563230334,6.638754982367422e-05,768,0.014487731028523833,0.0006485202505981,768
19,12,0.0013019187570245333,1.7858967814180658e-06,768,0.00025026092199730005,1.1733611632912602e-05,768,0.011852069963822433,0.0005688297083470333,768
19,13,0.002955408650607233,4.054058497508476e-06,768,0.0002593749266979,1.228055737587802e-05,768,0.008891494808826367,0.0003825401056787667,768
19,14,0.0029864035373210664,4.096575485289577e-06,768,0.005180544941496767,0.00022076839491296668,768,0.017533147261763266,0.0008354615369103334,768
19,15,0.0036570657937424335,5.016551151701583e-06,768,0.03187812745314506,0.0014619193998156,768,0.004095520004031033,0.0001775500200528145,768
19,16,0.0044112368532556335,6.051079357224179e-06,768,0.006424796310919067,0.0002977401206782,768,0.016535030558922366,0.0007403602078339667,768
19,17,0.002663993343255967,3.654311864323788e-06,768,0.0249085446064256,0.0012860185291169001,768,0.005643449346440666,0.00024122704161157196,768
19,18,0.0034966265119322003,4.7964698456592495e-06,768,0.023846745278315,0.0010661841805474333,768,0.002962561026953567,0.00012672298615855075,768
19,19,0.0028059164169983667,3.848993709953026e-06,768,0.01735824166970917,0.0007998015251978333,768,0.0119150454895814,0.0005617942846546333,768
19,20,0.0031791873191520993,4.361025124014304e-06,768,0.009524880989580634,0.0004397534421349667,768,0.0069457085025022335,0.0003007838655275333,768
19,21,0.001260021109067,1.7284240213472166e-06,768,0.0031363083476094334,0.00014094030728455196,768,0.013528008987961434,0.0006209783791417666,768
19,22,0.0018309068321909333,2.5115320085372303e-06,768,0.011081654498298066,0.0005158125924687667,768,0.0073565631651065005,0.0003019820455027057,768
19,23,0.0019898161223291,2.729514565691342e-06,768,0.006788710207612,0.0003374074232524666,768,0.0179218119664336,0.0007994282657343667,768
19,24,0.0010363428070683334,1.4215950719390884e-06,768,0.0055102475398681,0.00027537614634586666,768,0.011796179130976135,0.0005531787053171333,768
19,25,0.0013683944544468,1.8770842997042527e-06,768,0.0044786011524255995,0.00020537454949653335,768,0.006988937351387367,0.0002984391690605334,768
19,26,0.0045107421771331336,6.187574992915061e-06,768,0.006332258577380334,0.0002811563630353,768,0.012855720989113133,0.0005743525004662333,768
19,27,0.0026285378533921996,3.605676059108276e-06,768,0.009020436504743134,0.00042444796616403327,768,0.017141218886370234,0.0008090775015714333,768
20,0,0.0017598263203247,2.4140278769599352e-06,768,0.0010888667359184668,4.927667986907887e-05,768,0.010870416595286233,0.00047985947924596666,768
20,1,0.0022669559257248663,3.109678913791993e-06,768,0.00031697620930186665,1.5858435484867456e-05,768,0.027167119711179997,0.0013094813659775334,768
20,2,0.0041346765004667664,5.671709885643241e-06,768,0.0019033435127368667,9.464366833362889e-05,768,0.037102162956604866,0.0016693704994084,768
20,3,0.0017390046848015336,2.3854659617385254e-06,768,0.0006796606140125,3.07708724607778e-05,768,0.010615209276788032,0.0004758858383255333,768
20,4,0.0008057800433895667,1.1053224218700336e-06,768,0.0014240179331726003,7.216817192465122e-05,768,0.0106309149678504,0.0004976909961848999,768
20,5,0.0016409715778830335,2.250989813647649e-06,768,0.0028718685958596334,0.00013611531411796462,768,0.019001424904227265,0.0008591330279762334,768
20,6,0.0015704204164405002,2.1542118239329757e-06,768,0.0011736388421651333,5.4487859539977444e-05,768,0.010823289103579166,0.0004786297903584667,768
20,7,0.0020995745586358666,2.8800748377449687e-06,768,0.0020678345809396997,9.76936299174833e-05,768,0.009970387961535201,0.0004670806610495,768
20,8,0.0022127323724359335,3.0352981665201658e-06,768,0.015314984083047933,0.0007347976161415666,768,0.0048277297853373,0.00020402384373287958,768
20,9,0.0018778497619852334,2.575925604854512e-06,768,0.004829899753511634,0.00020394887864133332,768,0.0028610577645178,0.00012242966065197515,768
20,10,0.0015244963506202667,2.0912158433091094e-06,768,0.0030748053463896335,0.00015446465649327474,768,0.0048757865325998,0.00022346413166196666,768
20,11,0.0012954111570747,1.7769700339318962e-06,768,0.0020627898591752,9.308986808791479e-05,768,0.0027588945090262335,0.00012121388595967157,768
20,12,0.0023174582198513,3.17895503460401e-06,768,0.0028093952957027,0.00012934324462492508,768,0.005021780261472433,0.0002138898024657,768
20,13,0.0008017028299999668,1.0997295335409922e-06,768,0.00046540543183486665,2.269357310107541e-05,768,0.0030908099456148,0.00013579839198003333,768
20,14,0.002893106497875634,3.968596031406549e-06,768,0.002869547371065,0.00013591412494976665,768,0.008781738509171034,0.00041189836518900003,768
20,15,0.0011503849612103667,1.578031495705078e-06,768,0.0026217972713020996,0.000122363849600827,768,0.007571018516513733,0.00033569489410376134,768
20,16,0.0008369039536022001,1.148016396631201e-06,768,0.0013545491761792667,6.30205984429886e-05,768,0.008311319787540067,0.0003830904263612,768
20,17,0.0024875106747543336,3.412223147994242e-06,768,0.006890395474438034,0.0003329628126582,768,0.017691563399026167,0.0008309260101003667,768
20,18,0.0013596376836781333,1.8650722706348806e-06,768,0.0010209904094667334,4.6588151119689863e-05,768,0.024701455284040667,0.0011694208801119334,768
20,19,0.0009363661011152999,1.2844528158144815e-06,768,0.0039504997631869,0.00018565858742513336,768,0.007241499334301166,0.0003332393831289341,768
20,20,0.0007789784594465334,1.0685575580655193e-06,768,0.0008563391734778999,3.795895454665783e-05,768,0.006172776616209501,0.00027256542800436665,768
20,21,0.0029381082030515665,4.030326755866677e-06,768,0.011429474279957169,0.0005383223189332,768,0.011045045932995332,0.0004915529390907999,768
20,22,0.0025117003211878003,3.4454051076962273e-06,768,0.0023293912195292,0.00010998654511379959,768,0.013752846654934765,0.0006193483528726001,768
20,23,0.0006488585658707667,8.900666188951786e-07,768,0.002796230754768767,0.00014429540997515207,768,0.005955469920130167,0.0002715897823739,768
20,24,0.0018856928059473668,2.586684232492014e-06,768,0.004745808128475534,0.00022014959131203338,768,0.006510796747337534,0.0002907025087474,768
20,25,0.001834897173948067,2.5170057274414375e-06,768,0.0017680382178323333,7.86783394102418e-05,768,0.012251793694214001,0.0005568517868566,768
20,26,0.0013288249557110666,1.8228051533915786e-06,768,0.0099629647666302,0.00047522685148710005,768,0.0033461778421788,0.0001502770921492301,768
20,27,0.0015107747810691333,2.072393384548432e-06,768,0.0033004329755783,0.00015679257297991164,768,0.010308483722061066,0.00045615536170833334,768
21,0,0.0015000687331845001,2.0577074511038177e-06,768,0.005679658122317533,0.0002644369444548,768,0.01584878468462843,0.0007422719200541333,768
21,1,0.0011901348981171666,1.632558157183342e-06,768,0.005588410588302333,0.00026139761242746667,768,0.007970039704010367,0.00033960091818982865,768
21,2,0.0012223742671253668,1.676782260843601e-06,768,0.005157053775314166,0.0002406491675801,768,0.005628587826533666,0.00023853560031506665,768
21,3,0.0011641558407958,1.5969215890549733e-06,768,0.0038269365633365666,0.0001674629637737213,768,0.0036484583525554,0.00015662049530928304,768
21,4,0.0020845164827711336,2.859419042461631e-06,768,0.004579510892285733,0.00022484037884746666,768,0.0107816885801431,0.0004670681645013333,768
21,5,0.0023927058238903667,3.282175337878399e-06,768,0.006434688004775966,0.0003131099856723,768,0.0054681735939029336,0.0002322474559294602,768
21,6,0.006887933580292334,9.448468557144337e-06,768,0.0037331432173364665,0.0001636150254576635,768,0.012653877419320234,0.0005594560102417334,768
21,7,0.0004449069078187666,6.102975427669146e-07,768,0.0016465699168944,7.276430731917537e-05,768,0.0033364077277735667,0.0001524297973949581,768
21,8,0.0005825509407174999,7.991096596690443e-07,768,0.0005919811377375334,2.9914595260607107e-05,768,0.003442146044545033,0.00015407143905466227,768
21,9,0.0006596696333348666,9.048966146900266e-07,768,8.953934125953823e-05,4.2080912811617854e-06,768,0.0041954621149287,0.00018315008607330002,768
21,10,0.0001766092162825,2.422622992471438e-07,768,0.0003183806027595333,1.532543453850709e-05,768,0.005447941238095634,0.0002698846404391,768
21,11,0.0008493113517716666,1.1650361489818316e-06,768,0.0003281576991737,1.4297604466072025e-05,768,0.007291441460641967,0.00031714732196163334,768
21,12,0.0010641143434439667,1.4596904577976581e-06,768,0.00035566834798226666,1.8540790667667385e-05,768,0.012006274373003766,0.0005326523937685,768
21,13,0.0007683814158288333,1.0540211471647919e-06,768,0.0034776628343208666,0.00015525781751359998,768,0.010359653050776,0.0005076084417477333,768
21,14,0.0022199302598,3.0451718314984523e-06,768,0.014722391419451699,0.0006830815920855667,768,0.006952284611989099,0.0003185968322799,768
21,15,0.006961230782325766,9.549013406942556e-06,768,0.00027077306354426667,1.3932634260078333e-05,768,0.0148853994202795,0.0006447801796260667,768
21,16,0.010478317745594233,1.437354972748268e-05,768,0.00018678392433093334,8.658398856117478e-06,768,0.005848372920871933,0.00024721730501259996,768
21,17,0.005030986672716467,6.90121630072052e-06,768,0.0041049067861287,0.0001887504761334,768,0.014033236404065,0.0006414692168713999,768
21,18,0.008037922898987233,1.1025957360020697e-05,768,0.0024301052861581663,0.00010909568991109882,768,0.011594066901307534,0.0005249714385890666,768
21,19,0.0012344693550295999,1.6933736020507209e-06,768,0.00043852137560729997,2.0014369920898223e-05,768,0.018519792980354,0.0008766648313429333,768
21,20,0.0033429116099501,4.585612620053773e-06,768,0.00026506593912423333,1.265347583294732e-05,768,0.012361823169513233,0.0005631261140762333,768
21,21,0.0008324785665290999,1.1419459076534122e-06,768,0.001384846838133,6.752120744038526e-05,768,0.010922548656930401,0.00046899498287873335,768
21,22,0.0009274002055048667,1.2721539203293603e-06,768,0.0057137680084089,0.0002612263993774,768,0.005377069474954234,0.00023754799844718914,768
21,23,0.002911982454029,3.994488963982659e-06,768,0.0012452786724577334,5.499213555402773e-05,768,0.013702682566953133,0.0006297432368437667,768
21,24,0.0007929715527300332,1.0877524710195426e-06,768,0.0030411345045812666,0.00014475533488333332,768,0.004496382908610067,0.0001896445998682587,768
21,25,0.0011614945638683666,1.5932710039410591e-06,768,0.005073172265218366,0.0002339608422122,768,0.006980820120676467,0.0002960099619111942,768
21,26,0.0006912350973490001,9.481962926151472e-07,768,0.002502729185614467,0.00011701401640385935,768,0.008403850749618367,0.0003914175937611666,768
21,27,0.00043556245087763326,5.974793583343749e-07,768,0.003928532146704266,0.00018997444028486668,768,0.003960519139397967,0.000179662195764189,768
22,0,0.0016795767710997666,2.303946184812154e-06,768,0.0024653218982247003,0.00011301987298776069,768,0.003994694996033933,0.0001718956865336,768
22,1,0.002050487904175033,2.8127406070372536e-06,768,0.017877952551456102,0.0008655052840449,768,0.0021819258538109333,9.050231937311607e-05,768
22,2,0.0017101670707172997,2.3459082019337482e-06,768,0.0005750582481678333,2.5021152152808365e-05,768,0.0071100124768742655,0.00030352834497,768
22,3,0.0012282958906090667,1.6849052014984538e-06,768,0.006042688397528767,0.00025115335811689996,768,0.0018362302443478667,7.383558090800819e-05,768
22,4,0.0010265647014576001,1.4081820290552016e-06,768,0.010081364814467334,0.00044709305056163335,768,0.00021178576179277204,7.655031188174116e-06,768
22,5,0.0016035932065504663,2.199716328891496e-06,768,0.007415961900431233,0.00032555133267289996,768,0.0009227579889941333,3.614554499748422e-05,768
22,6,0.0006400441688722667,8.77975537456013e-07,768,0.0024040736106964665,0.00010296627699307227,768,0.0012447765478678333,5.39655525279061e-05,768
22,7,0.0013075119653045,1.7935692251257358e-06,768,0.008592412654979334,0.0003971015724636667,768,0.0030741372141657335,0.00013597993735892555,768
22,8,0.0007095124316023666,9.73268081643614e-07,768,0.0056825591550217006,0.0002608265733107,768,0.004315901782618367,0.00019202652050543333,768
22,9,0.0008945221829414667,1.2270537487584666e-06,768,0.0024406285588967,0.00010508283914144441,768,0.0035926071613634667,0.0001568489900825489,768
22,10,0.0008733794381590999,1.1980513533091173e-06,768,0.003819642917575767,0.0001625804170201764,768,0.0041399344885159,0.0001913957936713,768
22,11,0.00042599715983150004,5.843582445739232e-07,768,0.0009304900566574334,4.445714015800101e-05,768,0.005927340760649067,0.0002697619547275667,768
22,12,0.0009409525177202999,1.2907441941326424e-06,768,0.004037867899163167,0.00018894041713102445,768,0.0043383494863954335,0.00019627861882756667,768
22,13,0.0006860442561554001,9.410757959010576e-07,768,0.0070487494095505,0.0003305342614291667,768,0.005565379217857766,0.00024234197967337742,768
22,14,0.0006853203964197,9.400828497868195e-07,768,0.005096217669223034,0.0002293919912516667,768,0.0052507412556173335,0.00021415259106833816,768
22,15,0.0005805892104070333,7.964186699789948e-07,768,0.0034003066466076672,0.00016806947949826666,768,0.0054376520999658,0.00023145080946812048,768
22,16,0.0009343895597387666,1.2817415063219057e-06,768,0.001468771598272,6.321104043569388e-05,768,0.004093860390934533,0.00017709553328858327,768
22,17,0.0006101426865961,8.369584155746313e-07,768,0.005977081949552533,0.00028899606995153336,768,0.006259292613366333,0.00026250674335231457,768
22,18,0.0009145999492986334,1.2545952658440435e-06,768,0.004255424056926401,0.00020858712937203334,768,0.007673890486871067,0.0003353576754557,768
22,19,0.0008669704536846999,1.1892598808650605e-06,768,0.0048613116636459335,0.00022960888899093332,768,0.006833745393350867,0.0002769729899249303,768
22,20,0.0011799851600730667,1.618635335364213e-06,768,0.004165089713592766,0.00018238510008163335,768,0.005368026503449567,0.0002060308706941756,768
22,21,0.0007292354311312,1.0003229531984602e-06,768,0.004975477433408267,0.00021243841549323334,768,0.004190649176800066,0.000185063854701686,768
22,22,0.00029935503450696663,4.1063790836395826e-07,768,0.006771452774025267,0.00032831714540396665,768,0.0005279818943714,2.0473269967573777e-05,768
22,23,0.0011543535389872998,1.5834753618998963e-06,768,0.0021992537329537667,0.0001057613904291121,768,0.007049932940249168,0.0003219790491313,768
22,24,0.0016344804561789332,2.2420856659631117e-06,768,0.016638541288862933,0.0008183909305556333,768,0.002251760206003333,9.236428201747166e-05,768
22,25,0.0022731482681136333,3.1181732042231147e-06,768,0.021849799140738868,0.0010070143611948,768,0.005741035657225733,0.00024694551674848833,768
22,26,0.0004672778707733,6.40984735036382e-07,768,0.003918053829157333,0.00018998742536893332,768,0.004450131172524333,0.00020005248815221173,768
22,27,0.0011421915545893667,1.5667922535364026e-06,768,0.004801623659276367,0.00022520437083976667,768,0.0104521252075026,0.0005166004182706334,768
23,0,0.0009085703278614666,1.246324179390683e-06,768,0.006505869195405432,0.00032579904026209996,768,0.0036044975735887003,0.00015105405605491423,768
23,1,0.0010434921305304667,1.4314020952684834e-06,768,0.005041334793951034,0.00025488280797143336,768,0.0036204600523543997,0.0001601235211506,768
23,2,0.0005490734182518,7.53187134667275e-07,768,0.003753866866322033,0.00018590538436583334,768,0.001998340987270833,8.340764959781993e-05,768
23,3,0.0005752165026997334,7.890486998192331e-07,768,0.0037433247786697334,0.00018701218783043333,768,0.004888468347134267,0.00021051618309689184,768
23,4,0.0009294406594435667,1.2749528944228159e-06,768,0.005682742363622533,0.00026741702138073333,768,0.0037161846365894,0.0001477536258906812,768
23,5,0.0008432630381562667,1.1567394180395877e-06,768,0.0050070244167385,0.0002489726144762,768,0.004070825592389367,0.00017901309854840428,768
23,6,0.0009918295003237666,1.3605342956218521e-06,768,0.006098455238875,0.00029930730451656665,768,0.003962894889614267,0.00016537965185489502,768
23,7,0.002184997232644,2.997252711104889e-06,768,0.0013073059756058669,6.245323729606525e-05,768,0.0067889884118568665,0.00029415603434326663,768
23,8,0.0033089610151672,4.539041176516642e-06,768,0.007693875545150701,0.0003606464234685333,768,0.007016615339464232,0.00030193846976143333,768
23,9,0.0018758445935465335,2.573175023404551e-06,768,0.0052161087989309,0.0002276555317273,768,0.0042018144413275005,0.00019073871469216667,768
23,10,0.004781763089772733,6.559345813743186e-06,768,0.00020501546073856667,9.534783269547301e-06,768,0.007627855716769701,0.00033118529158110004,768
23,11,0.003776611762586833,5.180537411369358e-06,768,0.022043298875184733,0.0010366598371879332,768,0.0030894504171558,0.00013781736620712025,768
23,12,0.0016384745564573002,2.2475645497254705e-06,768,0.015329827318560934,0.0007369902063298333,768,0.0030735556549489336,0.00012994827138727977,768
23,13,0.0026993208003910003,3.7027720100203955e-06,768,0.014714240075627735,0.0007002613081099667,768,0.0015112246526440998,6.382947985649849e-05,768
23,14,0.0026082430984578665,3.5778368942727553e-06,768,0.0031204669920600996,0.00013957704625985318,768,0.007323360484798834,0.0003258543478434667,768
23,15,0.0013212359598879335,1.8123950078900199e-06,768,0.005006211769309467,0.0002282716646494333,768,0.0023622943352235664,0.00010466875459596322,768
23,16,0.0015836736763266334,2.1723918756557056e-06,768,0.0016167313598885666,7.181381264318235e-05,768,0.0037660463328456663,0.0001675850833298,768
23,17,0.006355817023059967,8.718541884452754e-06,768,0.0033078865625286,0.00015370649748249997,768,0.008296436176081534,0.00036693943345983334,768
23,18,0.0011093731072098333,1.5217738122792872e-06,768,0.008793685069117933,0.0003893483776436,768,0.003446085311584366,0.00014691496233889908,768
23,19,0.0014043887018066333,1.9264591273382026e-06,768,0.0097107227762869,0.00043244817541686673,768,0.0012331004060396333,5.126665584903831e-05,768
23,20,0.0044569330613602335,6.1137627742580635e-06,768,0.0069159433292729335,0.0003417668563976334,768,0.0030757454942899,0.0001360909685079524,768
23,21,0.0014534371356997335,1.9937409256552945e-06,768,0.0004722546361560667,2.140218750004465e-05,768,0.006571063799171333,0.00029995371230410003,768
23,22,0.0018151296872117,2.489889832760911e-06,768,0.0006758253948175334,3.0735494235921194e-05,768,0.011532695203806934,0.0005212632507082,768
23,23,0.0008563582174746332,1.1747026291506618e-06,768,0.0005162631841466001,2.3277718341649264e-05,768,0.0034076314194611333,0.00014807990890973333,768
23,24,0.0008806950943395,1.2080865509815615e-06,768,0.0004630736975851666,2.1577648506116917e-05,768,0.0079083613410067,0.0003529144290429333,768
23,25,0.0019274662959496,2.643986684933518e-06,768,0.0024501325450920664,0.00011197759048955313,768,0.010959248262442567,0.0005051442298968666,768
23,26,0.0005106289548,7.004512421491323e-07,768,0.0007262015242419,3.489996738726663e-05,768,0.0038429246757350002,0.00016896501959540002,768
23,27,0.0013351180721124,1.8314376846130433e-06,768,0.00021622542395753337,1.0118063107322542e-05,768,0.0077535495815747,0.0003591759664501,768
24,0,0.0024717379942913,3.3905871005060484e-06,768,0.0021021683448107335,0.00010144716271668813,768,0.007157622064198632,0.00031813850256816664,768
24,1,0.0011203286564125,1.536801994891475e-06,768,0.00012345655777881747,5.763462912166996e-06,768,0.008334276800763233,0.00037398208623403334,768
24,2,0.0011585308776602334,1.589205588545366e-06,768,0.0006355398909577333,2.8935117942104766e-05,768,0.0082151773652038,0.00036644231358906663,768
24,3,0.0024749995278879667,3.395061075045705e-06,768,0.00023317050347203334,1.0543536161880529e-05,768,0.010072256563859067,0.0004184979909171,768
24,4,0.0003541691122507,4.858286856941141e-07,768,0.00011407255648387446,5.231458171296259e-06,768,0.0021039906037551,9.54629250821827e-05,768
24,5,0.0008703919325760333,1.1939532693258806e-06,768,0.00022257739447566668,1.0860666001241692e-05,768,0.008194144769078067,0.00036913457945843335,768
24,6,0.0004909795128575334,6.734972740587075e-07,768,0.0001867889730672,8.801259477635165e-06,768,0.0025178376676085333,0.0001131229315089744,768
24,7,0.0007091238880561334,9.727351004289592e-07,768,0.0004800498103207667,2.0903361852684748e-05,768,0.010043453069468898,0.0004483455319374333,768
24,8,0.0006798304576360999,9.325520718160798e-07,768,0.0011603182525244332,5.318499422389544e-05,768,0.0024739783920395,0.00010213888189943586,768
24,9,0.0007064319062435667,9.69042392710496e-07,768,0.0008475817229548667,3.6495360083721916e-05,768,0.0024733215853871998,9.762146116476532e-05,768
24,10,0.0005706169378078,7.82739283939502e-07,768,0.0007824257672109999,3.178712769739215e-05,768,0.0011153805685604333,4.6038544284423645e-05,768
24,11,0.0007858745449487334,1.0780172089935854e-06,768,0.0021520613019542665,0.00010036543979004114,768,0.0032893597533411,0.00014415930708153334,768
24,12,0.0012010832797439332,1.647576515296315e-06,768,0.0005174420028322999,2.1449993681288936e-05,768,0.0024399202727576666,9.54680711683411e-05,768
24,13,0.0007244032347936334,9.936944275439556e-07,768,0.0027120799975342996,0.0001274058836172935,768,0.004160839676907534,0.00017597526306216668,768
24,14,0.0006459150226133334,8.86028835672782e-07,768,0.0038899162189709,0.0002014740427635,768,0.005457130023240567,0.00025334404185946665,768
24,15,0.0008151031547231668,1.1181113256391398e-06,768,0.0019640519762873,0.00010144462069303604,768,0.0042645768385612,0.00019086461704660002,768
24,16,0.00028909561031466665,3.9656462366680084e-07,768,0.0006250660313997333,3.094058242370633e-05,768,0.0025504870895887667,0.00011526833292141724,768
24,17,0.0005250084982683667,7.201762670558626e-07,768,0.002456682271672167,0.00012372426810851566,768,0.005246117174081567,0.00022861902967483334,768
24,18,0.0012206670229606667,1.67444035301589e-06,768,0.0006687091939680333,3.218862264590545e-05,768,0.008798985493515434,0.00038072593986850003,768
24,19,0.00039809817401136667,5.460880292658475e-07,768,0.002671316204692033,0.00013710601065427183,768,0.0014361111498622668,5.8699356478421795e-05,768
24,20,0.0004355186666205333,5.974192951715033e-07,768,0.0006733645018272668,3.3920878073774356e-05,768,0.005188943071952733,0.00022973753732946663,768
24,21,0.0017241203408891667,2.3650484734240363e-06,768,0.016249552485191967,0.000810951477685,768,0.0010285240776947667,4.0623801043416834e-05,768
24,22,0.0006204315512436334,8.510720865956177e-07,768,0.0011137096054585,5.3196310653037694e-05,768,0.0042073675724261335,0.0001759025432673114,768
24,23,0.0007647569160783999,1.049049266680941e-06,768,0.005122961854559301,0.0002611282939833667,768,0.0029586585949114333,0.00013142078297267266,768
24,24,0.0022302994035865668,3.059395610265312e-06,768,0.0067806557286982675,0.0003409055668414,768,0.008106778471097633,0.0003659539775408667,768
24,25,0.0008365090953319666,1.1474747577692203e-06,768,0.0055422875660676675,0.0002781544548083395,768,0.004356125217637567,0.0001864421356636721,768
24,26,0.0009007899883324333,1.2356515587227035e-06,768,0.012558824694143733,0.0006203315191150334,768,0.003448794576677566,0.00013194905409173136,768
24,27,0.0013923333680392665,1.9099223149189083e-06,768,0.0085701374500774,0.00043074068177126665,768,0.0041885488450077,0.0001818482544925634,768
25,0,0.00020570394094956667,2.8217275823967485e-07,768,0.00031228332750326664,1.5035556501669881e-05,768,0.0033776491681152,0.0001472090376876651,768
25,1,0.00037276253289786663,5.113340643726861e-07,768,0.00024143599973056666,1.1852909053498839e-05,768,0.0058085056837337,0.0002652626029317333,768
25,2,0.0004883758262426667,6.699256867865269e-07,768,8.190489017036383e-05,3.813650922541859e-06,768,0.0026135885632190335,0.00011626336006595407,768
25,3,0.0004084986892757333,5.603548571756256e-07,768,0.0003710896638240667,1.8847257356669037e-05,768,0.0049242877526556325,0.00022598735566043334,768
25,4,0.0015721332035951,2.156561319525919e-06,768,0.00023040377589876666,1.0970820156297958e-05,768,0.013598310513347133,0.0006139983115684334,768
25,5,0.00021728758696396664,2.9806253338973774e-07,768,0.00048204745189816666,2.4898513171723625e-05,768,0.0031845985317572336,0.0001400574672347093,768
25,6,0.0002472383913652667,3.3914731433926424e-07,768,0.00023025496648360001,1.1346917657251154e-05,768,0.0028839728717795668,0.00012733204128141215,768
25,7,0.0006392095351763333,8.768306400601215e-07,768,0.0052765443925804,0.00024399011805436666,768,0.001497037229664,6.505446976886392e-05,768
25,8,0.0007862478161440667,1.0785292382836105e-06,768,0.007101823722908966,0.00032523377904093335,768,0.0022583930748292336,0.00010373609460784142,768
25,9,0.0008674781518251334,1.1899563168684504e-06,768,0.007191149783205667,0.0003311116615030333,768,0.0015581511249066332,6.541840842765139e-05,768
25,10,0.0009003306161258001,1.2350214228280317e-06,768,0.008105819230864333,0.00038515009890996665,768,0.001743405399961967,7.403310660195644e-05,768
25,11,0.0007763747650547666,1.0649859610846425e-06,768,0.005953002709207533,0.0002839738224992667,768,0.0022384013451373663,9.923067585812874e-05,768
25,12,0.0009294702322763332,1.2749934589390348e-06,768,0.010908962976643267,0.00047983603235683334,768,0.0023248429594280666,9.60815224555012e-05,768
25,13,0.0010270184465585666,1.4088044532295594e-06,768,0.005632494837744966,0.000265339214958,768,0.0021880147981440333,9.418972050521093e-05,768
25,14,0.0006343858702320999,8.702138163502421e-07,768,0.00017162698299203337,7.942755850485648e-06,768,0.0067012131509276,0.00028846513736423333,768
25,15,0.0015887147081189,2.1793068661036478e-06,768,0.0008613541580431333,3.799037343963328e-05,768,0.013594822205898034,0.0006209515654931999,768
25,16,0.0013060101890710666,1.7915091780467778e-06,768,0.0005220459910167666,2.3342360146865148e-05,768,0.0047104776179705335,0.0001997102318090411,768
25,17,0.0006252717588619,8.577116039627081e-07,768,0.00045653397177406667,2.2414957191789486e-05,768,0.010386123196838,0.0004907751235772666,768
25,18,0.0012680247203438334,1.7394029031995416e-06,768,0.00016144100050089998,7.537267158952573e-06,768,0.013311061073162933,0.0005949827218798333,768
25,19,0.0007318809692613667,1.0039519459439465e-06,768,0.00024044142044926664,1.1098148724747112e-05,768,0.006036760338753034,0.0002609272345794667,768
25,20,0.0015544997242985335,2.132372734715953e-06,768,0.0023660104651928335,0.00010652501395572477,768,0.012967604734593366,0.0005794334413372667,768
25,21,0.000469428843314,6.439353127776452e-07,768,0.00042549646008446665,2.0719168998226498e-05,768,0.0025261202826343332,0.00010582271052776407,768
25,22,0.0007217535583825666,9.900597519294358e-07,768,0.0003593772174147333,1.746374564913348e-05,768,0.0044496351319421,0.00018444007120156669,768
25,23,0.0005998904431268334,8.228949831293324e-07,768,0.0045160613247247,0.0002216019416029,768,0.0027419850966257336,0.00011733249342904648,768
25,24,0.0044504384407749,6.104853833258557e-06,768,0.005496847656199033,0.00027962767687256663,768,0.0069459800128998,0.0003134767135372333,768
25,25,0.0013229512073108334,1.8147478806605155e-06,768,0.019825054001375467,0.0009774536919516335,768,0.005791211790841733,0.000247618599863,768
25,26,0.0014442130290200667,1.9810878336198284e-06,768,0.0020015181169709666,0.00010130664235347298,768,0.0051164569417743,0.00022491857884686666,768
25,27,0.00036771702396719996,5.044129287044161e-07,768,0.0004228693714700333,2.1673254034499285e-05,768,0.0038066968414999665,0.00016338911866854548,768
26,0,0.0006233961927061667,8.551388114325272e-07,768,0.008273074517035734,0.0004070292485658,768,0.0023671899362065333,9.682267112346083e-05,768
26,1,0.0004492924225455333,6.163133372248143e-07,768,0.0076928693132434335,0.0003930384671448333,768,0.0015694961440622,6.569978704033958e-05,768
26,2,0.0004960917017386667,6.805098805249093e-07,768,0.008086206402131967,0.0004015159573324,768,0.002157564464199933,9.54743967259292e-05,768
26,3,0.0005442436709895334,7.465619630410252e-07,768,0.0067194518670590335,0.0003378772703564667,768,0.0018868234933971,7.884512874598518e-05,768
26,4,0.00038032936101853337,5.21713799909639e-07,768,0.005210436903265466,0.00025936640483613334,768,0.0018216107986426333,7.705289199171155e-05,768
26,5,0.00039232647347616666,5.381707441963476e-07,768,0.0048279003204827,0.0002331690827981667,768,0.002071531555364633,8.960331658111873e-05,768
26,6,0.00040358093434823334,5.536089636255445e-07,768,0.005437753113998366,0.00027367956737006665,768,0.0017486261769249336,7.453410274885124e-05,768
26,7,0.0022283956911064665,3.0567842127322744e-06,768,0.007508624237909533,0.0003456168031082,768,0.0031759692204976,0.0001396118606295,768
26,8,0.005738640341803567,7.871934613722502e-06,768,0.0005935971963740667,2.6656444141379826e-05,768,0.012313052536972166,0.0005389503850020332,768
26,9,0.0021053285099530334,2.8879677770096007e-06,768,0.0071413090709526,0.00035404303227123333,768,0.0024489872591673336,0.00010545125955754195,768
26,10,0.0010707023051322667,1.4687274440755918e-06,768,0.0014325527735507668,6.496886518211414e-05,768,0.0031755440815756006,0.00013901592880730473,768
26,11,0.0030120544274178005,4.131761903087307e-06,768,0.0003987014950338333,1.7461478864259455e-05,768,0.007816756726104,0.00031517956055163334,768
26,12,0.002092530927238933,2.870412791001192e-06,768,0.0038380694955766335,0.00017011322717783777,768,0.02501787744322803,0.0011085123873942667,768
26,13,0.0007999563148457332,1.0973337649104193e-06,768,0.003716631620367333,0.00018342528030266666,768,0.005056326884146666,0.00021406773060353334,768
26,14,0.0006662424761232333,9.139128617521842e-07,768,0.0095523632841937,0.0004830455242893,768,0.0028996183231886664,0.0001240053785042784,768
26,15,0.0007831883941046334,1.074332501805238e-06,768,0.020028936414339133,0.0010377989735964332,768,0.0030105413134850004,0.00012267182013358957,768
26,16,0.0005118609983813667,7.021412884811621e-07,768,0.007571668125200301,0.00037664910456633335,768,0.002615785558149633,0.00010967749566069193,768
26,17,0.0006217666272641334,8.52903465359137e-07,768,0.0072571028730265665,0.0003542641145503,768,0.0014803696222809666,6.157929216555979e-05,768
26,18,0.00045517565321190003,6.243836138844524e-07,768,0.0068989571487669335,0.0003425706129932666,768,0.0012232263382591666,5.2183977719742514e-05,768
26,19,0.0005819871894353999,7.983363341082661e-07,768,0.0075560922305571996,0.0003699769398758333,768,0.0012487805412025,5.020860254061514e-05,768
26,20,0.0004022989827640667,5.51850457348969e-07,768,0.0007731622656807999,3.777356843563355e-05,768,0.0026111662081080337,0.00010992289739523993,768
26,21,0.0010798028923358,1.4812111009858756e-06,768,0.004179337052696234,0.00019359834367210001,768,0.0071896328591709675,0.00031441690048546666,768
26,22,0.0015749670351509002,2.160448613107421e-06,768,0.0013314345269907334,6.03396795534362e-05,768,0.022713324985929234,0.0010358058787738,768
26,23,0.0008257834646281,1.1327619544109948e-06,768,0.0023560746448627666,0.0001145020905430918,768,0.007743154933109433,0.0003439660732079,768
26,24,0.0008660749283132332,1.1880314552956915e-06,768,0.0068611098222272,0.0003384191059653333,768,0.0070770770382815665,0.00029540356290673334,768
26,25,0.0015090837408303665,2.070073715195834e-06,768,0.009809980249994932,0.00048243232579736666,768,0.010268465268030234,0.0004475897489894667,768
26,26,0.0006144560993632333,8.428753088138863e-07,768,0.0017808380261152333,9.669248128839163e-05,768,0.015294299095681132,0.0007209728619974001,768
26,27,0.0028699241343001333,3.936795789724727e-06,768,0.0011168129035017667,5.4874527894809934e-05,768,0.008726952544157233,0.0003748889444313,768
27,0,0.0,0.0,768,0.003691723650226667,0.0001872240872304782,768,0.003965500561683634,0.00017365742564193331,768
27,1,0.0,0.0,768,0.0069344772400434665,0.00034007509043383334,768,0.0016804180570245332,7.191702808652857e-05,768
27,2,0.0,0.0,768,0.010167649448035799,0.0005102416575558334,768,0.0021765490721179,9.242075945473869e-05,768
27,3,0.0,0.0,768,0.010060028497026198,0.0004978150754356,768,0.0022762229116882,9.477667122056729e-05,768
27,4,0.0,0.0,768,0.0095601366426407,0.00047673916589203335,768,0.0014003270903680668,5.89422517744941e-05,768
27,5,0.0,0.0,768,0.007278737866643299,0.0003591210840851,768,0.0015290910768479,6.83414292628459e-05,768
27,6,0.0,0.0,768,0.0075682430227696,0.00035156648011093337,768,0.0025251372467097,0.0001077368913106687,768
27,7,0.0,0.0,768,0.001902451062954267,8.610638426523119e-05,768,0.014150232601006433,0.0006567102278843334,768
27,8,0.0,0.0,768,0.0009399852442701999,4.308028447323522e-05,768,0.008951823899858801,0.0004118357571986333,768
27,9,0.0,0.0,768,0.006067130361031966,0.00028045696701633333,768,0.012212542655864368,0.0005541823069556334,768
27,10,0.0,0.0,768,0.0020417463318203335,9.319501010541743e-05,768,0.039323967120841,0.0017901715098418668,768
27,11,0.0,0.0,768,0.0005720873902364,2.5636589997411854e-05,768,0.020582147685843166,0.0009365720585511002,768
27,12,0.0,0.0,768,0.0038655663086193336,0.00017266744556266667,768,0.0187880817187628,0.0008664070354232667,768
27,13,0.0,0.0,768,0.002947009861600333,0.00013922496703168018,768,0.040943917481930166,0.0018476179285537332,768
27,14,0.0,0.0,768,0.009508599448006133,0.0004710439111069667,768,0.0039169788051641,0.0001644269090208738,768
27,15,0.0,0.0,768,0.008529295341254767,0.00041869921888939996,768,0.0063134996625864,0.00025980479292193333,768
27,16,0.0,0.0,768,0.017533733329483867,0.0008790421823472999,768,0.0034892948545938002,0.00014419167715267955,768
27,17,0.0,0.0,768,0.007146775796461634,0.00034016480042003337,768,0.002437781502601133,0.00010274265274180139,768
27,18,0.0,0.0,768,0.006614063346946801,0.00030729488266643333,768,0.0036259709198501,0.00014889057185916665,768
27,19,0.0,0.0,768,0.020793619865069467,0.0010782462292881333,768,0.002639465708617967,0.00011127021356669671,768
27,20,0.0,0.0,768,0.006322681282310733,0.00029802425526296667,768,0.004874860906451867,0.00020211699612796667,768
27,21,0.0,0.0,768,0.0119654628792176,0.0005739897793560334,768,0.0040542268685328,0.00018244613099220063,768
27,22,0.0,0.0,768,0.0112958971446512,0.0005612945518565334,768,0.004380849719857066,0.00019564140865429842,768
27,23,0.0,0.0,768,0.014783646400980835,0.0007257324747267667,768,0.003450628285389967,0.00015074989097589762,768
27,24,0.0,0.0,768,0.0126846460572025,0.0006307521587799334,768,0.0039031720289596995,0.00016230811169382469,768
27,25,0.0,0.0,768,0.0037511515391722666,0.00018595031557883332,768,0.005971540939976633,0.0002574639658459333,768
27,26,0.0,0.0,768,0.005338146095345,0.00026711334578313333,768,0.0072058326800595665,0.00031986903222289994,768
27,27,0.0,0.0,768,0.009174048474501166,0.00045890162591933335,768,0.0037676386574999996,0.00016324732210566665,768
