layer,head,taylor_v2v_abs_mean,taylor_v2v_abs_mean_pq,taylor_v2v_count,taylor_t2v_abs_mean,taylor_t2v_abs_mean_pq,taylor_t2v_count,taylor_t2t_abs_mean,taylor_t2t_abs_mean_pq,taylor_t2t_count
0,0,0.0036975899345338997,5.072139823189259e-06,768,0.028932576538783367,0.0007221916052289667,768,0.040326583474457736,0.0009665777897227334,768
0,1,0.0026169915363750337,3.589837496403558e-06,768,0.008608092493345133,0.00020962432284366667,768,0.05264448363783453,0.0012440843295976,768
0,2,0.0022958012582468333,3.1492472671058405e-06,768,0.014210649033297268,0.00032810207267023337,768,0.04471538343417094,0.0010784626921372332,768
0,3,0.0049818830540336,6.833858792846513e-06,768,0.0236862475920247,0.0005211926262134,768,0.24532879398130567,0.0057074341508039665,768
0,4,0.0023514830775672336,3.2256283678374375e-06,768,0.02567966516101207,0.0006386738683568001,768,0.029008568848894332,0.0007034810549583001,768
0,5,0.0035905861185459333,4.9253581881278374e-06,768,0.009772916237191433,0.00023348895955976664,768,0.2531431552600906,0.0061912635760612,768
0,6,0.004572311666108134,6.272032467207038e-06,768,0.005541848508345933,0.00013081282555056664,768,0.12716568755369428,0.0028834650353157334,768
0,7,0.0038699209356398666,5.308533517095829e-06,768,0.005416384689487067,0.00012873067655893333,768,0.1565482669806499,0.003793595930615533,768
0,8,0.0024541927804212,3.366519587584202e-06,768,0.006199678426978467,0.00014152678437886665,768,0.031160107868004133,0.0006838801623482334,768
0,9,0.0022637202359595335,3.1052403809445246e-06,768,0.0094966121730723,0.00023489843271410002,768,0.0328456562007109,0.0007482861631547332,768
0,10,0.004311580334845134,5.91437630365355e-06,768,0.009769120721294633,0.00022673968810116665,768,0.18743731240158468,0.0044909598815164,768
0,11,0.0022537549495723337,3.091570574533861e-06,768,0.0052368976702966,0.0001225066527635,768,0.05021247189657877,0.0011391764245470334,768
0,12,0.0024501457652143003,3.360968122691673e-06,768,0.006484175924591967,0.00015514187952566665,768,0.018696894557043167,0.00042787426912426667,768
0,13,0.0020421405502865,2.8012901811574347e-06,768,0.007580184603862466,0.00018793081463246665,768,0.045312814092445274,0.0008449135316194,768
0,14,0.0145103640484336,1.9904477416532798e-05,768,0.12487074500758881,0.002897837984491667,768,0.06960505724025737,0.0015819796856254332,768
0,15,0.012340761093601766,1.692834166826902e-05,768,0.027300657250755034,0.0006722753040476,768,0.3313820788820673,0.007582141366894499,768
0,16,0.012855395092998332,1.763428681987589e-05,768,0.04589859615483263,0.0011422692179596,768,0.1963750969974664,0.004588109193125033,768
0,17,0.011618414682767267,1.5937468776356285e-05,768,0.048379388552063994,0.0011817188614473,768,0.11747190574705728,0.0026598870635903,768
0,18,0.012582307781523567,1.7259681437583236e-05,768,0.07462805030677083,0.0017471722497591335,768,0.09900190503769103,0.0021893047350277,768
0,19,0.016828889912882002,2.3084897032024654e-05,768,0.11519168169319487,0.0026596873468109333,768,0.08863495292796837,0.0020647067720503,768
0,20,0.008919994330175434,1.2235931862019748e-05,768,0.04123712069868544,0.0010003681670727,768,0.14471282825964707,0.003398487026627367,768
0,21,0.008125728861656334,1.1146404490714143e-05,768,0.0209099391709486,0.0005177230329078666,768,0.14112789927165176,0.0033242106732510666,768
0,22,0.011505697530867033,1.5782849855913716e-05,768,0.11292190446886247,0.002764140294056867,768,0.023169153338599733,0.0005147637165063,768
0,23,0.019034019494074,2.6109766183271776e-05,768,0.0308743667959324,0.0007452210067196999,768,0.062176014987500104,0.0014268425612691,768
0,24,0.014670064583929299,2.012354538517604e-05,768,0.027511833421238866,0.0006557509660504333,768,0.06430470435598556,0.0015061634964066665,768
0,25,0.007476844791856434,1.0256302860529054e-05,768,0.029969096766365,0.0006931151853349334,768,0.025714922611224166,0.0005781190840228667,768
0,26,0.019837008262821032,2.721125963920778e-05,768,0.026208618464849533,0.0006225975482127001,768,0.0990853095144359,0.0023988429488589666,768
0,27,0.007811136139689333,1.0714864395698168e-05,768,0.0299973447128595,0.0007170252978706333,768,0.030310147638573367,0.0006731478017444,768
1,0,0.004571273213429033,6.270607981995393e-06,768,0.0098000583570154,0.00025032187144316667,768,0.0676469760292235,0.0017346795117871335,768
1,1,0.010120359791018833,1.3882523701456694e-05,768,0.035869398854562896,0.0008387358019805,768,0.012526342196319165,0.00028204278960439997,768
1,2,0.004712566792759267,6.464426324763693e-06,768,0.0205955982045888,0.0005074393289024,768,0.0269714687624258,0.0006108653653624,768
1,3,0.0039533491548802,5.422975505956981e-06,768,0.008054537107403966,0.00020385563364773334,768,0.0515053463032965,0.001094433290074,768
1,4,0.0048740883713709335,6.6859922979095486e-06,768,0.0173842986743532,0.0004394954290977333,768,0.0744855468508139,0.0016798859336214333,768
1,5,0.0062643810443508,8.59311528731907e-06,768,0.012932339269932832,0.0003217313282829,768,0.03710262882047737,0.0009056314150151333,768
1,6,0.0027374509228508003,3.7550767004841785e-06,768,0.041505600725275295,0.0010135716416427333,768,0.011222000277560498,0.0002473928727307333,768
1,7,0.0036999413632851663,5.0753653796176586e-06,768,0.011647920477931431,0.0002771055407905,768,0.02584154003368627,0.0006103407359678667,768
1,8,0.010959597410192099,1.5033741265828756e-05,768,0.01750752117374073,0.0004067467298182667,768,0.05818872525343569,0.0012177321001516333,768
1,9,0.0044592687560278,6.116966751653433e-06,768,0.006616167977306566,0.0001609713058244,768,0.0156558303280765,0.00037475860876409994,768
1,10,0.0029944734401959002,4.107645317789541e-06,768,0.0022124746966494667,5.505486123053941e-05,768,0.09580167013905332,0.002271786503024333,768
1,11,0.0023088132961082667,3.167096427359687e-06,768,0.0033815616550854333,8.247487578825607e-05,768,0.029875347888944834,0.0007063669824380666,768
1,12,0.0029848688236994,4.094470259180252e-06,768,0.002120444440919233,5.044858487678513e-05,768,0.026355060712745567,0.0006211517825485,768
1,13,0.0017237705018539667,2.3645685885556483e-06,768,0.05470904702823509,0.0012819875605565333,768,0.028322742839319365,0.0005728664869182333,768
1,14,0.0023944978048713998,3.2846334761357236e-06,768,0.005394033063508833,0.000126188427905,768,0.0216584243052674,0.0005186366521007667,768
1,15,0.0027534388556761,3.777008038671455e-06,768,0.0039158447014558005,9.43216791118682e-05,768,0.09002683356807965,0.002180624985102133,768
1,16,0.0012188765431304668,1.6719842834001196e-06,768,0.0043531286010279,0.00010495618219863333,768,0.012990419334362402,0.0002993818610322,768
1,17,0.0019671633870494997,2.6984408652364414e-06,768,0.0029194226338899666,7.166123155161186e-05,768,0.02878025309489844,0.0006762259033374667,768
1,18,0.0017767430759860333,2.437233296779274e-06,768,0.006781498469168899,0.00015999950879503334,768,0.014189121997387566,0.0003181073034188667,768
1,19,0.0017676973313041,2.424824870622041e-06,768,0.0036558761576982336,8.633354190475812e-05,768,0.06861235239663677,0.001596353197968467,768
1,20,0.0017227800056739335,2.3632098846439707e-06,768,0.0027156759627233336,6.576369707558816e-05,768,0.03755629954490773,0.0009137740768159999,768
1,21,0.0015555745738027333,2.133847149280206e-06,768,0.004849407877249066,0.00010516351194578429,768,0.21617697186935436,0.0057866212900996,768
1,22,0.0027268123044246,3.740483273929606e-06,768,0.0107452448968009,0.0002582278832779,768,0.017287839096829464,0.00042905909712076664,768
1,23,0.0028375422600496665,3.8923762145330375e-06,768,0.003486867558309533,8.131833918131419e-05,768,0.06537127699614109,0.0015586575653788,768
1,24,0.0025711593317012,3.5269675407792003e-06,768,0.003978682780437233,9.634849846991884e-05,768,0.05818038748610843,0.0013782322159596998,768
1,25,0.0026857543882450666,3.684162397506937e-06,768,0.006489677030740333,0.00015386115074643333,768,0.07006065974619459,0.0018240915762964,768
1,26,0.002829586018430933,3.8814623052645944e-06,768,0.015005278670917199,0.0003570450069887,768,0.06227744103650557,0.0016555301877698332,768
1,27,0.0016568332600463665,2.2727479553081437e-06,768,0.005154952293173267,0.00012253018754833334,768,0.03895550816847043,0.0009245676316084001,768
2,0,0.0064766294194905675,8.884265323022325e-06,768,0.006354659291654667,0.00016478204775645294,768,0.05250520911761206,0.0012558350802211668,768
2,1,0.0028569984372748334,3.919065071659375e-06,768,0.005947163069331834,0.00014517535239083333,768,0.012284201112227734,0.00028242328330056667,768
2,2,0.0038071183824985332,5.222384602414047e-06,768,0.005019612257888367,0.00012207629329499285,768,0.02209439370125207,0.0004992138392927667,768
2,3,0.005587008327013333,7.663934609678189e-06,768,0.0039275746658565,9.81556191712972e-05,768,0.029794711592918067,0.0007179674609597,768
2,4,0.0062431463856172,8.563986803906083e-06,768,0.010353064683823566,0.00023133745967693332,768,0.02476902168083933,0.0005570172960157333,768
2,5,0.003489265379024567,4.786372272286028e-06,768,0.0039243899896626334,9.979183158148727e-05,768,0.021405588978941098,0.0005022718798054334,768
2,6,0.006239548210454333,8.559051044034158e-06,768,0.004097037801424533,0.00010161565849190487,768,0.07206008528379466,0.0016618316381386666,768
2,7,0.0027774247856371666,3.8099105358491373e-06,768,0.004658075421090666,0.00011370723479503334,768,0.022581352766530602,0.0005193577347847,768
2,8,0.002547695444208667,3.494781119524395e-06,768,0.005578672016454767,0.0001389138060352368,768,0.022881520024239866,0.0005005435500346334,768
2,9,0.0035522362163477664,4.872752012657101e-06,768,0.007588829770529733,0.00019036091485493333,768,0.0561139917486741,0.0013516775334815,768
2,10,0.003901750175841033,5.352195018976218e-06,768,0.006737007186501334,0.00016412506207266666,768,0.02704312497922003,0.0006125922778454667,768
2,11,0.0018239107277218,2.501935154763725e-06,768,0.006703350168853167,0.00015933094115326668,768,0.019844958440605333,0.0004562595051691,768
2,12,0.0021735319221859333,2.9815252640761486e-06,768,0.005758082935836667,0.00014596222192590544,768,0.022204871833897234,0.0005228764282632667,768
2,13,0.0025699741344074336,3.525341741655979e-06,768,0.0070879831111305336,0.00017278275742723333,768,0.014396624858401666,0.0003231443476038,768
2,14,0.0040188403879296,5.512812595672876e-06,768,0.009741251043370334,0.00022017973095670001,768,0.02199423862611967,0.0005317004881916334,768
2,15,0.002995229562988467,4.1086825240674194e-06,768,0.0158800071612669,0.00038101321261436674,768,0.017959022651545736,0.0004098409392048,768
2,16,0.0038256856180416666,5.247854074735016e-06,768,0.009966687916394967,0.00023097866371389998,768,0.054863613030780266,0.0014060445861049,768
2,17,0.004909150018954434,6.734087831757052e-06,768,0.025300638997226302,0.0006596638419586333,768,0.015031510609906167,0.0003546774306611,768
2,18,0.0038490304468024334,5.279877144532171e-06,768,0.014808442703381266,0.0003454667584963333,768,0.023019076404210567,0.0005371655088156333,768
2,19,0.008422663941878532,1.1553722824522941e-05,768,0.008851104429784101,0.0002194566716458,768,0.016275781041808064,0.00038389544253973336,768
2,20,0.006351560181228633,8.712702587914916e-06,768,0.023294456904390363,0.0005453118201621,768,0.019976399518903,0.0004807518455439667,768
2,21,0.0032530530217344668,4.462349819095203e-06,768,0.006017538564848,0.0001457248334778,768,0.016054614497804164,0.0003890836965396,768
2,22,0.0026112934647552002,3.5820212140622843e-06,768,0.008258349900110267,0.00020255260229953332,768,0.0522585104134852,0.0011786989874657333,768
2,23,0.0030315809022397333,4.158547193810573e-06,768,0.0050028370936511,0.00011769541109583332,768,0.03609199404786633,0.0008568375396189,768
2,24,0.0026027237978016333,3.5702658394530747e-06,768,0.0042638609628487005,0.00010021704145043928,768,0.025095341469902065,0.0005941384111700668,768
2,25,0.0025873866950192003,3.54922729088299e-06,768,0.0067448090868585,0.00016414294488763335,768,0.04846142734846143,0.0011313998638156333,768
2,26,0.0024996682429651667,3.428900201297528e-06,768,0.02386055741019767,0.0006028593721083333,768,0.050093720535490605,0.0011427206181906,768
2,27,0.0027646639243154667,3.7924059376563215e-06,768,0.005172726829466433,0.00012984912122346198,768,0.04696923132320304,0.0011096494088937,768
3,0,0.008140726687257634,1.1166977606826464e-05,768,0.0075718164934362,0.0001845905842359,768,0.016045906037817265,0.0003813598882894667,768
3,1,0.006498709319432733,8.914553246075672e-06,768,0.0030951075882453,7.586649880807438e-05,768,0.0610663497620862,0.0014585970362918667,768
3,2,0.0035193604906338665,4.827654976367196e-06,768,0.0023657198498334996,5.559660183002135e-05,768,0.0249867634972531,0.0006010959482211,768
3,3,0.0025618541847008667,3.514203276319567e-06,768,0.0030678435415012,7.385154263956876e-05,768,0.049037295183670865,0.0011158313714492334,768
3,4,0.0048584296704413,6.664512559467067e-06,768,0.005498791438374899,0.00013522851652066667,768,0.024016630481507133,0.0005359023791396,768
3,5,0.006631821755709567,9.097149183058135e-06,768,0.0033314262185852998,8.150689607505646e-05,768,0.027473737749280202,0.0006163386853638667,768
3,6,0.004022883686015234,5.518358979860379e-06,768,0.0035703107814673337,8.683423461628461e-05,768,0.022315878805646994,0.00045778529052466666,768
3,7,0.0107271531313853,1.4714887680206123e-05,768,0.009066748452715,0.00021628770566683333,768,0.053279846806598606,0.0012956515995977667,768
3,8,0.004977922962456866,6.8284265514774e-06,768,0.020360829692824167,0.0004853384581619,768,0.015942621019568965,0.0003751609508849,768
3,9,0.006072092001599967,8.329344299314959e-06,768,0.008572033742877233,0.00020791336719423333,768,0.033435821625308365,0.0007653300143234333,768
3,10,0.0094733082628728,1.2994935897767818e-05,768,0.007271163618080767,0.00017680367869026665,768,0.07872013836382996,0.0017103431058566332,768
3,11,0.008108734749142666,1.1123092916430951e-05,768,0.0123352380051642,0.0002824683407713333,768,0.029074008386866468,0.000667447463636,768
3,12,0.0078718594423753,1.0798161104253143e-05,768,0.018288024698042134,0.00045178296417776667,768,0.020550522904983333,0.0004869820590291333,768
3,13,0.0074588200713492,1.023157761507095e-05,768,0.013637182998294833,0.0003269717733792667,768,0.048665700508526734,0.0011005452364815666,768
3,14,0.005676228334041334,7.786321442103047e-06,768,0.016578204341034967,0.0003939801101412333,768,0.018741188025797332,0.0004320072267924,768
3,15,0.004502246300574434,6.175920838264663e-06,768,0.005443672646388533,0.0001327559860726,768,0.04695520025774156,0.0010764157687746334,768
3,16,0.0032809238669096,4.500581446767633e-06,768,0.0065193810257418,0.00014481701285726665,768,0.05139950604701223,0.0012900246414403,768
3,17,0.0025693916629408,3.524542749004713e-06,768,0.005511967096983434,0.00012462799815046667,768,0.021346791907774304,0.0004803755952664333,768
3,18,0.0037973099654806663,5.208929989174392e-06,768,0.011529542548006533,0.00028042019030476666,768,0.023409750068260803,0.0005592388419178,768
3,19,0.007893010790153135,1.0827175293257052e-05,768,0.023629509726449737,0.0005443382671796666,768,0.022124096733923168,0.0005160412338363667,768
3,20,0.0082225637012823,1.1279236916918985e-05,768,0.007732210910838533,0.0001922659273002,768,0.0877075278181678,0.0019271641246293332,768
3,21,0.0023844094444174335,3.270794844527676e-06,768,0.0052955208235007005,0.00012773046986666668,768,0.025618165297070502,0.0005989937291731,768
3,22,0.0036525935417959002,5.010416375962308e-06,768,0.004372575476878567,0.00010684857485843568,768,0.025057529189998165,0.0005491511850835666,768
3,23,0.0023224649577511668,3.1858229887320177e-06,768,0.0040484193984866,9.884672476966697e-05,768,0.01959315167012217,0.0004596674753876333,768
3,24,0.005009835102184667,6.87220177351579e-06,768,0.0045011198131561,0.00011056847091258618,768,0.040989983507311395,0.0009814001820969667,768
3,25,0.0038712870606580664,5.310407490492716e-06,768,0.005223948565360966,0.00012495590120763334,768,0.042975512643219305,0.0010482265949746,768
3,26,0.003519295709281733,4.827566132254285e-06,768,0.0036708600117028663,9.048072225944876e-05,768,0.034462279073395,0.0008266916776991334,768
3,27,0.0028996305048849,3.977545274748591e-06,768,0.005861365680580301,0.00014460264601156666,768,0.03172906194965693,0.0007474998010852,768
4,0,0.006220176498067234,8.532478045674701e-06,768,0.0162351185982032,0.00038283346455090004,768,0.006888368910125533,0.0001586677756567,768
4,1,0.006547078144190633,8.980902814068452e-06,768,0.014292221204224567,0.00033396549605413335,768,0.017094934900266368,0.00037915521054223333,768
4,2,0.0037056612966257668,5.083211644821732e-06,768,0.004430387173938667,0.00010782722461480001,768,0.021529386649575533,0.00048998130071,768
4,3,0.0018340543842367333,2.5158496330174684e-06,768,0.0028144346804239335,6.933847819562411e-05,768,0.012417767106356267,0.00028028422637396667,768
4,4,0.0090277664763783,1.2383767458953518e-05,768,0.013313955419405901,0.0003279560371858667,768,0.019704170001247634,0.00043865316063256666,768
4,5,0.0104353909502504,1.4314665234419353e-05,768,0.014854194587548067,0.0003499274089798666,768,0.015305556423463366,0.00035688065974259997,768
4,6,0.004290650683175266,5.885666229178341e-06,768,0.04493836472331713,0.0011426182592904667,768,0.012299498917649568,0.0002779350068338,768
4,7,0.00023359340089953334,3.204299050945118e-07,768,0.0004330411339797,1.0469309723065936e-05,768,0.00011034150577767719,2.639168733221288e-06,768
4,8,0.006987451103087933,9.58498094494247e-06,768,0.006996418214679699,0.0001653017260794,768,0.0014916203044530332,3.684065869636923e-05,768
4,9,0.022731460653323137,3.118170188874033e-05,768,0.027083165965241397,0.0006483400402460667,768,0.0065885230769518995,0.0001358275257476,768
4,10,0.0010732528365137667,1.4722261162710543e-06,768,0.0004423107519831333,1.0240047763016244e-05,768,0.0005879794466438667,1.3944175927682831e-05,768
4,11,0.0219748528659273,3.0143831118681814e-05,768,0.015152148616245134,0.00038657624284916663,768,0.032957020649083235,0.0006964609920753001,768
4,12,0.0114876203092458,1.575805255061381e-05,768,0.0004745596745703,1.1756976740897573e-05,768,0.013807800757926198,0.0003108198866737667,768
4,13,0.0004068359891610334,5.580740592157318e-07,768,0.0003976830031808,9.405497552544828e-06,768,0.00040124317252216666,9.188839916169275e-06,768
4,14,0.003329131157535633,4.566709417761778e-06,768,0.0039008658591393667,9.105343853698748e-05,768,0.036592913067958435,0.0008671588783347333,768
4,15,0.0032321652902004335,4.433697249294627e-06,768,0.003458939339271666,8.569115765198834e-05,768,0.031162916888935837,0.0007239250117925334,768
4,16,0.0023682041627843997,3.2485653894718963e-06,768,0.02499981431546887,0.0006192681878214333,768,0.026961344710294034,0.000606879342203,768
4,17,0.0060524280565961335,8.302370430976943e-06,768,0.018327309024703167,0.0004538991902968,768,0.025238676288049964,0.0005913572894291667,768
4,18,0.0047115597486424,6.463044925957982e-06,768,0.004755949958443699,0.00011314493097087079,768,0.0385760026600981,0.0008983771196641,768
4,19,0.0012228830688375332,1.6774802024093621e-06,768,0.013834110954000731,0.00035519244293216664,768,0.056767516574614235,0.001362606452591,768
4,20,0.002239659254550733,3.0722349139761435e-06,768,0.013312202702754369,0.00033054969083323336,768,0.0370400305319075,0.0008826986606785001,768
4,21,0.006457464026681166,8.857975363788425e-06,768,0.005704467791512467,0.00014034966329103335,768,0.0326773733374257,0.0007575533930357666,768
4,22,0.0019570226995076667,2.6845304495922494e-06,768,0.0011847364781214,2.88047128174573e-05,768,0.019155433956550835,0.0004429188754469333,768
4,23,0.004710023026384233,6.460936933525788e-06,768,0.0035996262862554667,8.794842410927348e-05,768,0.0367688273549866,0.0008259142159481335,768
4,24,0.0024541669943177664,3.3664842195863195e-06,768,0.0027102701345879665,6.70750098805591e-05,768,0.039013775239823134,0.0008639673766887,768
4,25,0.0016453638987314334,2.2570149538846044e-06,768,0.0028878263961011666,7.460756999729211e-05,768,0.0708747157186356,0.0016891382529391668,768
4,26,0.0023909954364056333,3.27982913378123e-06,768,0.011969495109969234,0.0002877518617085333,768,0.009894356635913433,0.00023416519206343335,768
4,27,0.0005557662273825,7.62367939381689e-07,768,0.0007954073825484666,1.7791807809807113e-05,768,0.027688999974936634,0.0005921565246083667,768
5,0,0.01878045895850983,2.576194643540373e-05,768,0.0144888888733323,0.0003510982062202667,768,0.02394003170895567,0.0005214572484452,768
5,1,0.012383980127760633,1.6987627057653623e-05,768,0.002184387332577267,5.101213602916639e-05,768,0.0312923514921526,0.0007364486435052667,768
5,2,0.004898743336247167,6.719812530798369e-06,768,0.0030674171825234,7.432018434973228e-05,768,0.0337139451166308,0.0007700548969968001,768
5,3,0.008668945050402466,1.1891557015114573e-05,768,0.0026846554064044333,6.557878825146542e-05,768,0.025175294959202166,0.0005909788416372666,768
5,4,0.011298559660552565,1.5498710099581352e-05,768,0.007332119699263666,0.00016802647731383334,768,0.03776537458277093,0.0007990189981131,768
5,5,0.0121472623776123,1.6662911334441546e-05,768,0.03200718614698413,0.0007575096174438667,768,0.005364360987769534,0.0001184283888956074,768
5,6,0.011840001922903867,1.624142925483613e-05,768,0.029225667353756497,0.0006777906799170999,768,0.005693931683984699,0.00011620507690408953,768
5,7,0.0023422396490566,3.212948764420593e-06,768,0.009048855334709033,0.00022706131872013335,768,0.03989652449964367,0.0009291742170930333,768
5,8,0.004365684203226299,5.988592874432303e-06,768,0.0170300251756145,0.00040745714704600006,768,0.02499465725973707,0.0005910035684591667,768
5,9,0.005002354902967867,6.861940870418401e-06,768,0.009274783743926167,0.00021469672077943332,768,0.014801877000200067,0.0003451826337717667,768
5,10,0.0014869542686612666,2.039717788733953e-06,768,0.0085349262004636,0.0002076803727356,768,0.0265435854130326,0.0006137963136304334,768
5,11,0.002141609742354,2.937736273257227e-06,768,0.016041706837173767,0.00041100495290406666,768,0.025978936006585667,0.0005945675812182,768
5,12,0.003352154758319167,4.598291855570716e-06,768,0.006005344989253166,0.00014312506276813332,768,0.011688039811379667,0.0002348420355270667,768
5,13,0.009174522369984067,1.2585078692877588e-05,768,0.017304207041779766,0.00042059722467896666,768,0.0289087236137343,0.0006770368277669001,768
5,14,0.0006765624240617666,9.28069166655234e-07,768,0.003926818848560367,9.773679536524196e-05,768,0.0173943948988295,0.0003804671311642667,768
5,15,0.0005242944755788,7.191968121104548e-07,768,0.005804519693246067,0.00015158279529115846,768,0.1020280289401493,0.0027556750230781665,768
5,16,0.0016380939379728664,2.2470424378177984e-06,768,0.0026971690746397,6.667324253611939e-05,768,0.01674449026930343,0.0003886916433351,768
5,17,0.0036988554865627003,5.073875834642194e-06,768,0.008754678666060467,0.00020925184027706668,768,0.039456009203104665,0.0009492649032244666,768
5,18,0.0018624081652913336,2.5547437129478053e-06,768,0.0071948808294705,0.00018518519194470894,768,0.0447933612978109,0.0010433268179720334,768
5,19,0.003636568982106,4.988434812501511e-06,768,0.009687494391685633,0.00023427671512626667,768,0.01531632101925473,0.00032206306170143333,768
5,20,0.0023306370000502666,3.197032919172681e-06,768,0.006337733030264266,0.00015476637494503333,768,0.013641307322454032,0.0002976559115576,768
5,21,0.0103270181930028,1.4166005744615783e-05,768,0.012573137762873965,0.0003013645875318667,768,0.009632904349426,0.00022092483636760001,768
5,22,0.007407603849414267,1.0161322141216908e-05,768,0.012964803069640568,0.0003046173852425666,768,0.04268047027636604,0.0009829594884193,768
5,23,0.007809509977353867,1.0712633708945957e-05,768,0.0027470227125731,6.619689875049979e-05,768,0.06880058141917776,0.0016287295184061335,768
5,24,0.0066909851319133665,9.178306076415682e-06,768,0.009960280382993366,0.00024427765227796666,768,0.08505952674672317,0.0017821087419480665,768
5,25,0.0108328176849532,1.4859832182572155e-05,768,0.004809180225026966,0.00012413469909745817,768,0.06949346073950356,0.0016762772948032665,768
5,26,0.010816824173573934,1.4837893254010583e-05,768,0.0057334841920859995,0.00014571446474719618,768,0.03394993787949823,0.0007652848919945,768
5,27,0.0038726494415831335,5.312276322322203e-06,768,0.0023226251328835666,5.413663903106741e-05,768,0.052579094461814635,0.0012665425533947667,768
6,0,0.003947892948557266,5.415491001781701e-06,768,0.0045621663709252335,0.00011344440774416666,768,0.028162976137953866,0.0006533979148791334,768
6,1,0.010330001027859567,1.4170097437728874e-05,768,0.002715270023785767,6.62332697521061e-05,768,0.04276421966725504,0.0010286811964881,768
6,2,0.0078551752853665,1.0775274751629918e-05,768,0.0104383295189644,0.0002716381789005333,768,0.041517144666116196,0.0009610696488493333,768
6,3,0.010336616837926431,1.41791726257881e-05,768,0.0034688396875240334,8.27237508502221e-05,768,0.03796612042674494,0.0009296635551222333,768
6,4,0.0037777063635697334,5.182038908548535e-06,768,0.0011034029538424998,2.6136919228298323e-05,768,0.024691335757760603,0.0004990494600067333,768
6,5,0.0014979514957069665,2.0548031464034367e-06,768,0.0008201545470353,1.9799948535533424e-05,768,0.015587835956381399,0.0003561232218962,768
6,6,0.016231467722432034,2.2265387883256087e-05,768,0.010539578642170798,0.0002622021125917,768,0.050693080691123237,0.0011462965743328335,768
6,7,0.007776059978560533,1.0666748945687329e-05,768,0.0087025959661044,0.0002172480715005,768,0.015519915958286334,0.00035800496849343333,768
6,8,0.007809581357136566,1.0712731622118896e-05,768,0.0039758102153101,9.673755492943681e-05,768,0.02784914622506557,0.0006302836330816,768
6,9,0.009004976473624,1.2352505451252807e-05,768,0.021325162310385264,0.0005179202128269667,768,0.022656558795247833,0.00048592844255353337,768
6,10,0.0346104608803538,4.747662677588582e-05,768,0.017072304823296098,0.0004247477834361333,768,0.0361350277524887,0.0008009337168773334,768
6,11,0.0065828343702018,9.029951118934287e-06,768,0.012736644788797434,0.00030112486577393334,768,0.010581573764581466,0.00022358464659336664,768
6,12,0.00325768653747,4.468705811323398e-06,768,0.0081045367467857,0.00020310014291006668,768,0.0060729957790203,0.0001278729365681012,768
6,13,0.0089069365052765,1.2218019908676742e-05,768,0.018856592843167833,0.0004449321179815333,768,0.008428581512073133,0.0001817959892987667,768
6,14,0.008191238649361299,1.1236267038858156e-05,768,0.004995905242931,0.00012031600563968587,768,0.0209447701070241,0.0004763509644003,768
6,15,0.009262384312976933,1.2705602613464706e-05,768,0.005245188186605,0.0001232119352091,768,0.0894243328836334,0.0022366598556313334,768
6,16,0.0040911290073028335,5.61197394524475e-06,768,0.0025528758290039,6.145220927778842e-05,768,0.032298765420425896,0.0007918930578900999,768
6,17,0.006306237035883966,8.650530912828839e-06,768,0.010195602344586134,0.00025440121891253336,768,0.015769279855206233,0.00035686169268776667,768
6,18,0.007460080060545433,1.0233305974924334e-05,768,0.015960133826081767,0.0003951309337916,768,0.013014559589625599,0.0003041911686261,768
6,19,0.0051350106592605,7.043910354490989e-06,768,0.006415974527364134,0.0001549539962465333,768,0.017840577771342667,0.0004138515278526666,768
6,20,0.008413283922159535,1.1540855845048917e-05,768,0.0077035420718587,0.00019128947666956667,768,0.02981880685454043,0.0007084992940227334,768
6,21,0.002920212076059367,4.005777878355727e-06,768,0.0006103854861395667,1.4726742637501288e-05,768,0.020135769848378,0.0004492252946497667,768
6,22,0.0019306968847096666,2.648418226691909e-06,768,0.003141187101455733,8.104838629818226e-05,768,0.023660494268725036,0.0005386745918941,768
6,23,0.005928596225880967,8.132505116079132e-06,768,0.004795904942566133,0.0001160846537103747,768,0.042971394699935134,0.0009883531324850002,768
6,24,0.006397650689841266,8.775926858915357e-06,768,0.003779012332339,9.564108155581955e-05,768,0.10518369910060221,0.0026930549631712336,768
6,25,0.0030120787103268,4.131795213813663e-06,768,0.0011604285636525665,2.7624660420331088e-05,768,0.02838055438883197,0.0006606032538490333,768
6,26,0.0032018922216642998,4.392170406845083e-06,768,0.0023170298129138334,5.3803905318475696e-05,768,0.04977020385773767,0.0011333979916828666,768
6,27,0.0031783439158156,4.359868201023881e-06,768,0.00046904837770916674,1.1367741276910778e-05,768,0.0312876338528198,0.0007283065155519,768
7,0,0.0059071982181985,8.103152569165101e-06,768,0.007972797029526133,0.0001989765273077333,768,0.05474097858801006,0.0012667438997888334,768
7,1,0.008629826643944634,1.1837896618760215e-05,768,0.006840786913348468,0.000159278640514,768,0.06213131154517267,0.0014291713895816002,768
7,2,0.016603912075107467,2.2776285426852106e-05,768,0.008249292863188066,0.0002054553970134,768,0.060841686639757066,0.0014339269337716668,768
7,3,0.019083064759494502,2.6177043555646273e-05,768,0.0044165369458782,0.00010615232203185281,768,0.057282813247615104,0.0011652341100558668,768
7,4,0.0099873178341461,1.3700024459614336e-05,768,0.0021922999779514334,5.294642137695001e-05,768,0.040103043029318934,0.0009349720044105333,768
7,5,0.006049892727445399,8.298892617613548e-06,768,0.008966278043805167,0.0002181043329734667,768,0.038472494715383165,0.0008907100033883,768
7,6,0.005812434801228466,7.973161591288722e-06,768,0.006349502339989567,0.00015149254451483332,768,0.024954589693853266,0.0005696837136378667,768
7,7,0.018535791144121967,2.5426325297293422e-05,768,0.006166026079250466,0.00014394253605146665,768,0.050206569610736496,0.0010225067985185,768
7,8,0.006406404401874433,8.78793470913096e-06,768,0.005216483537395768,0.00013234912292016667,768,0.01846470106841967,0.00043134966558976666,768
7,9,0.007875819199599033,1.0803592896691435e-05,768,0.004646526914704866,0.00011357557700416227,768,0.04025711778834303,0.0008891158693433666,768
7,10,0.011537091897509967,1.5825914823971766e-05,768,0.0376390192335994,0.0009418087782843334,768,0.014855661219579935,0.0003240610344714333,768
7,11,0.0045883083525965,6.293975782160899e-06,768,0.0031873468604158,7.62048405705748e-05,768,0.0338449073587791,0.0007082893259901,768
7,12,0.0039042353796289665,5.355604080579902e-06,768,0.0021609249049848,5.297467461916494e-05,768,0.026738312668034767,0.0005726674533710333,768
7,13,0.006459731622335534,8.86108589801734e-06,768,0.0035763858844848665,8.459347200497763e-05,768,0.039507037803559734,0.0008871079568000335,768
7,14,0.005892362158512267,8.08280132381186e-06,768,0.013794600948628432,0.00032489273187529997,768,0.03382501343354247,0.0007583280748857,768
7,15,0.0045724142642574,6.272173188891922e-06,768,0.02423517968463777,0.0006098786195884333,768,0.012430199336262568,0.0002806106712916,768
7,16,0.0026048007782009334,3.5731149134382e-06,768,0.0072661154127165,0.00018177633370023336,768,0.03409773803965457,0.0008229287529683333,768
7,17,0.0018841257802701336,2.5845346799845963e-06,768,0.011300032475389766,0.00027635608312259996,768,0.03556873533638807,0.0008304043876671334,768
7,18,0.005163341603240634,7.082773112086482e-06,768,0.006038963900863867,0.000146793326876,768,0.0444274697132698,0.0010136974224267334,768
7,19,0.012603553983180832,1.7288825765689186e-05,768,0.023836390080058764,0.0005777881426185667,768,0.013201729855997666,0.0003073442975227333,768
7,20,0.015488853967646267,2.1246713254150413e-05,768,0.005504813108374533,0.0001285687941824,768,0.05436031609967997,0.0012728768558431,768
7,21,0.0037175704182986005,5.099547894955262e-06,768,0.0048796939228251,0.00012249548801912438,768,0.013082405019656998,0.00030479760723216667,768
7,22,0.01964137123352567,2.6942896033428875e-05,768,0.06167953267793056,0.0015754153071905668,768,0.014237309845235267,0.0003003698848245666,768
7,23,0.0070054553297609,9.609678100031688e-06,768,0.059176617504969366,0.0014806114580594666,768,0.015282161048943935,0.0003774882698641,768
7,24,0.0188665367393999,2.5880022982219253e-05,768,0.0081301174225032,0.0001996033986758,768,0.013568227518732066,0.0003017863915234,768
7,25,0.0025774530166517333,3.5356008476619565e-06,768,0.010167207561702633,0.0002556514420305,768,0.0088901711581191,0.00019735304628373332,768
7,26,0.008838643492069866,1.2124339493019854e-05,768,0.019410007743516602,0.0004655105887508666,768,0.008854068936082333,0.0001910430070356,768
7,27,0.0201752321377313,2.767521555536191e-05,768,0.026667766415400196,0.0006384409130290999,768,0.021822266020649236,0.0005181315432247333,768
8,0,0.0104090868986806,1.4278582842513059e-05,768,0.025974207327199805,0.0006293690704147666,768,0.02865559730080723,0.0006612850757807,768
8,1,0.0084194866900664,1.154936445348882e-05,768,0.0016802241511934667,3.9041207814503386e-05,768,0.03616789809032397,0.0008122446777903332,768
8,2,0.014701446376690732,2.016659306337849e-05,768,0.025506992926011596,0.0006206074723739667,768,0.028404527044545533,0.0006308102831299999,768
8,3,0.0125640974953107,1.7234701597908183e-05,768,0.0463580168543321,0.0010694598166665333,768,0.049906293756729704,0.0010906516925868,768
8,4,0.0089412557557295,1.226509703823366e-05,768,0.02641990397284147,0.0006551574519930333,768,0.0318614362062087,0.0007427386226342667,768
8,5,0.011741543189174234,1.610636925269739e-05,768,0.02070665689798897,0.0005149742339623,768,0.0331583976901015,0.0007718841791941666,768
8,6,0.0227326001356781,3.118326492961473e-05,768,0.0035077044928118,8.56265538458484e-05,768,0.05399521729090626,0.0012626522488824667,768
8,7,0.011828888155318832,1.6226184032512e-05,768,0.018678142876261402,0.00046057394774976667,768,0.027512520192847934,0.0005798379283749667,768
8,8,0.006101067224977367,8.36909085662659e-06,768,0.003743565635581033,9.330560384734204e-05,768,0.0177151595878779,0.0004218549566231667,768
8,9,0.013969899176155735,1.9163098994162686e-05,768,0.0249888687129384,0.0006255277620608333,768,0.0454941264850319,0.0009866966542689001,768
8,10,0.004920981408735234,6.750317436506291e-06,768,0.008263732314060634,0.00020714298859076668,768,0.020338571344405833,0.0004164530722165,768
8,11,0.02417298434302013,3.315910055664076e-05,768,0.0170718003804584,0.0004250325720027333,768,0.06762998388589257,0.0016207808229155337,768
8,12,0.008761953692702032,1.2019140884561805e-05,768,0.008009194320901301,0.00019624700819963333,768,0.07320838008532127,0.0015670682361753,768
8,13,0.015463924655654368,2.121251667978827e-05,768,0.020214554572783965,0.000498401409559,768,0.07902197500570667,0.0017863795595167,768
8,14,0.0016086027294725665,2.2065881102364035e-06,768,0.0004238194034934333,9.581423761114856e-06,768,0.0217776175310954,0.0004965414182439,768
8,15,0.0018033898542874668,2.473785811044722e-06,768,0.0013938541675111665,3.392737416118077e-05,768,0.020341420292988667,0.00045316494324729997,768
8,16,0.00045605146379179996,6.255849997334892e-07,768,0.00036281720842213337,8.521942363059308e-06,768,0.0103213588439198,0.00020909651677433335,768
8,17,0.007121933333954967,9.769455874126393e-06,768,0.024731881155228466,0.0006263885801077667,768,0.0519285845248589,0.0009420321559330333,768
8,18,0.005231462678871367,7.176217666847451e-06,768,0.003007225307664233,7.183378551973522e-05,768,0.0306548050527434,0.0006932576351607666,768
8,19,0.0009560293207669001,1.311425680499231e-06,768,0.0005632863778818,1.3549267080622372e-05,768,0.010742345036639666,0.00023590900822836666,768
8,20,0.003903869374545533,5.355102002191417e-06,768,0.0036846133125945668,8.87710942813988e-05,768,0.04366430889228917,0.0008871468135134668,768
8,21,0.025713608223429163,3.5272439239895e-05,768,0.009685133776999368,0.0002506309032161667,768,0.06500137161399756,0.001551334552788,768
8,22,0.013447064399264434,1.8445904492545132e-05,768,0.02954067342647207,0.0007432953900317666,768,0.0464817673334702,0.0011270874162211666,768
8,23,0.0007925673250439667,1.0871979773934698e-06,768,0.0017277549312879,4.23467719229328e-05,768,0.0006729804546873999,1.5919123918236727e-05,768
8,24,0.0257487213858856,3.532060546078264e-05,768,0.03851828486032593,0.0009395257534301,768,0.0251331280684894,0.0005538356008661999,768
8,25,0.014107824887442867,1.9352297445612815e-05,768,0.022829856512847333,0.0005847339252513334,768,0.04950887211073977,0.0011438015347852001,768
8,26,0.022053085273199668,3.0251145826304393e-05,768,0.06699514966151314,0.0017174430737841332,768,0.049580357222263595,0.0011698318236805334,768
8,27,0.0085492403728224,1.172735304250915e-05,768,0.030011855908583063,0.0007481345746293333,768,0.0051267950133884665,0.00012142774240216667,768
9,0,0.005805310849672366,7.963389371604124e-06,768,0.0032808705510861667,7.82763121898079e-05,768,0.0368369780150222,0.0008144240172516,768
9,1,0.008303295749828467,1.1389980480487847e-05,768,0.013874763910174866,0.00033980442672089996,768,0.0741079313594923,0.0018012492483941336,768
9,2,0.007174250775498433,9.84122190598955e-06,768,0.022572868818059467,0.0005695405345016001,768,0.021526949142656265,0.0004926546338759333,768
9,3,0.007939548200660266,1.0891012621395209e-05,768,0.024645077384576497,0.0005926657390735333,768,0.030214398990580035,0.0007282265894379001,768
9,4,0.0079548866388137,1.0912053011286551e-05,768,0.05304469176258897,0.0013818577487794334,768,0.051341613381301436,0.001147840574843,768
9,5,0.0188604293588904,2.587164515135733e-05,768,0.004003049189279234,9.808432531725113e-05,768,0.07921080188166003,0.0019198285355963001,768
9,6,0.0072052193881024995,9.88370284952239e-06,768,0.003975448212427034,9.93139946167502e-05,768,0.03516259680063167,0.0007146601614354667,768
9,7,0.006609801146392834,9.06694258739904e-06,768,0.009932377898271802,0.00024238756816683332,768,0.06847985058948321,0.0017051963654033334,768
9,8,0.0051282725766234995,7.034667457251741e-06,768,0.012078581906312232,0.0002956531117715667,768,0.044949966096353856,0.0010508347959950666,768
9,9,0.0044008082461933,6.036774000566537e-06,768,0.009553998009221633,0.0002367468420456333,768,0.0240598422448101,0.0005775277054924001,768
9,10,0.003710758199419233,5.090203295172203e-06,768,0.005678140383314,0.00014011120165163333,768,0.022529022627063935,0.0005518678422842,768
9,11,0.005781352711708233,7.930524981916478e-06,768,0.0051002527712710665,0.00012132274036531607,768,0.06831525204800447,0.0015765885107145666,768
9,12,0.0022840383741767668,3.133111624346917e-06,768,0.0010271925961317333,2.4813247351640016e-05,768,0.04096378326641074,0.0009130892970459333,768
9,13,0.010649102920667732,1.4607822965566485e-05,768,0.0045389526229513,0.00011699217064484956,768,0.07362991018814563,0.0017016901066155999,768
9,14,0.007448522542684733,1.0217452051029577e-05,768,0.0026109663314694,6.389627422482187e-05,768,0.03727459148829356,0.0008841087448035333,768
9,15,0.008421471401136367,1.1552086976207807e-05,768,0.03167297903215167,0.0007741743176275334,768,0.026478360269791768,0.0006064459687762333,768
9,16,0.013933575731238998,1.911327263112948e-05,768,0.0023082001058629667,5.585817437911393e-05,768,0.08457855806112487,0.0020012168209382,768
9,17,0.005544923882417467,7.606205614636129e-06,768,0.012958484220821567,0.00033478395504903336,768,0.04827681000268543,0.0011274346015119332,768
9,18,0.0019976304470765336,2.740233810208092e-06,768,0.02174135975762913,0.0005532027094487,768,0.04689321137746557,0.0011618766232038,768
9,19,0.011980040241073834,1.6433525701971263e-05,768,0.025330149871602165,0.0006412771426682666,768,0.02835507004693717,0.0006571878355148333,768
9,20,0.00457559368562,6.27653456609691e-06,768,0.0038495286319030334,9.575861632396081e-05,768,0.0673225567270208,0.0016303266543469,768
9,21,0.0085112493053459,1.1675239079278707e-05,768,0.011691430463538134,0.00028969426045903336,768,0.0125519427862741,0.00028975949065926664,768
9,22,0.011675106307181401,1.6015234974143162e-05,768,0.06017541102219557,0.0014703257363115332,768,0.019207876560689834,0.00043695703442369997,768
9,23,0.006148048310938801,8.43353678437198e-06,768,0.008831522208433,0.00021540001415340003,768,0.028114490324772534,0.0006594073918199001,768
9,24,0.008852958340881333,1.214397578143516e-05,768,0.020046152434536134,0.00048112019119743335,768,0.014678931314103666,0.00031421946715016666,768
9,25,0.018704426316996068,2.565764931245085e-05,768,0.034082251367199896,0.0008479251382732333,768,0.025200792408189867,0.0005875139509102667,768
9,26,0.0083722408986422,1.1484555423415857e-05,768,0.0122455462515252,0.00030300671836529995,768,0.0145423550852399,0.0003553379924976,768
9,27,0.02151862835508207,2.9518008756672837e-05,768,0.008752673032366399,0.00021340923174110004,768,0.048750400386495564,0.0011557625455778332,768
10,0,0.005710258551889734,7.833002132518613e-06,768,0.006668531337889233,0.0001603073447786,768,0.0330000519425984,0.0008074813187796,768
10,1,0.0113701727846091,1.559694482863398e-05,768,0.010349026269401167,0.00022943702626666666,768,0.07504396181675094,0.0013513346646600666,768
10,2,0.007272633063517234,9.976177032328693e-06,768,0.011423099349951067,0.0002735038336284,768,0.031066691743511333,0.0006942833931024667,768
10,3,0.007106939288625766,9.7488879185218e-06,768,0.0022774170859899334,5.186807276337871e-05,768,0.013379423539040133,0.00028585506223540005,768
10,4,0.0040809184157452666,5.597967639001169e-06,768,0.0004104177619,9.329132746741312e-06,768,0.03433548329311023,0.0007646945241349667,768
10,5,0.0036183218650384665,4.963404476108612e-06,768,0.0022909961176627333,5.336962728373871e-05,768,0.03436529827776027,0.0007763804360361334,768
10,6,0.014569663278475501,1.9985820703772444e-05,768,0.0228801221709318,0.0005482369679890333,768,0.0166647130967779,0.00037385137018186663,768
10,7,0.0035778969039649,4.907951859487384e-06,768,0.003249306636747633,7.889905963126553e-05,768,0.028121256578259497,0.0006449411405603333,768
10,8,0.002292290995614833,3.144432095968444e-06,768,0.0011776134099546667,2.9100090060430036e-05,768,0.014083773255927365,0.00029657852974273333,768
10,9,0.004322342992194733,5.92913990904529e-06,768,0.0029200962072816997,7.148487676071393e-05,768,0.0210746075317835,0.0004962288090888667,768
10,10,0.0036491488482683332,5.005691149575272e-06,768,0.0022489334845500002,5.5330440699816186e-05,768,0.051155032904982,0.0012147957690713668,768
10,11,0.0124814382402291,1.712131444503566e-05,768,0.006145126064438899,0.0001458082124247,768,0.06733792708263779,0.0016144691047988333,768
10,12,0.002503831192001333,3.4346106832910486e-06,768,0.0010567146171077668,2.4799982825464792e-05,768,0.0170429360308143,0.00032716416722716664,768
10,13,0.0032184291025813667,4.4148547391307845e-06,768,0.0017000373298913,4.218517821704774e-05,768,0.0243125620160829,0.0005420615011194667,768
10,14,0.03119777407407293,4.279530047730332e-05,768,0.008765295985251434,0.00021601183765226667,768,0.09966901047365201,0.0024128372455371997,768
10,15,0.0089313194195952,1.225146699829494e-05,768,0.003305879911578633,8.11059368562445e-05,768,0.040122431699884865,0.0008777331925543334,768
10,16,0.014116965265128999,1.9364835771375443e-05,768,0.005569903806076533,0.00013463967765226667,768,0.02459580178945703,0.0005819977774133999,768
10,17,0.0037599926052837664,5.157740199477369e-06,768,0.0021430021048958335,5.425154235738333e-05,768,0.0192032646551396,0.0004375100229056333,768
10,18,0.011067045472714166,1.5181132345839834e-05,768,0.007180908325866567,0.00017779103688876665,768,0.018718432024854768,0.00043169642899843337,768
10,19,0.010519037703245934,1.4429406995304477e-05,768,0.0185128986363357,0.00043756489629680006,768,0.03851357425291716,0.0007635751979795666,768
10,20,0.013976678016135167,1.917239780358654e-05,768,0.013575316453999566,0.00033849523609790004,768,0.020974339616188265,0.0004354270748928,768
10,21,0.0034162329070615335,4.68619053731045e-06,768,0.0012458278436823667,2.9728086298969406e-05,768,0.027491059841352635,0.0006224804023669667,768
10,22,0.005024366901022133,6.8921356727091295e-06,768,0.0013387597909839,3.239195992529286e-05,768,0.052483434062708,0.0011244800692466334,768
10,23,0.004141018502757234,5.6804094587895966e-06,768,0.0009180045754894001,2.280112757438793e-05,768,0.016188208038653767,0.00036749631532943333,768
10,24,0.025386772468436833,3.482410481956275e-05,768,0.019423108242719398,0.0004669384670314333,768,0.17170553687314316,0.0036173937103133997,768
10,25,0.005734399023819933,7.866116634756577e-06,768,0.002346998044398367,5.889722943806103e-05,768,0.030935224323665467,0.0007095032013979333,768
10,26,0.0041733770942275665,5.724797104194636e-06,768,0.0006373533866407333,1.5493076908171487e-05,768,0.02951929935419643,0.0006935719485347334,768
10,27,0.004213265346646867,5.779513504287513e-06,768,0.0005558451590745333,1.313630074436615e-05,768,0.020932277730684234,0.0004930054635569666,768
11,0,0.018360548230226866,2.5185937193536224e-05,768,0.0298546342356568,0.0007242632457711333,768,0.03846584916415923,0.0008735375497460667,768
11,1,0.0124053794388269,1.7016981404901117e-05,768,0.0018209781208425666,4.5465079349741797e-05,768,0.03177971794529803,0.0007456280702772001,768
11,2,0.010176935243804234,1.3960130650580415e-05,768,0.0339396799966825,0.0008255470119911667,768,0.014146823978611134,0.00030162106558713334,768
11,3,0.009399024863309133,1.2893038225796015e-05,768,0.0018068660018066998,4.302730732003518e-05,768,0.0332101456575368,0.0006809594635360334,768
11,4,0.0100206085780468,1.3745690785001442e-05,768,0.004944629340023667,0.00011910069427203333,768,0.05191762511364093,0.0012369352754923,768
11,5,0.016435425484398,2.254516528675879e-05,768,0.004495605042846633,0.00011248779013858692,768,0.07382863370348024,0.0016685879761336002,768
11,6,0.017526821996635,2.4042279810195428e-05,768,0.004049441159210633,9.773482343914156e-05,768,0.06586909987254323,0.001595945300817,768
11,7,0.008121911111539133,1.11411675115305e-05,768,0.0035279661126657335,9.028262777680003e-05,768,0.049728773863430796,0.0012170874511284,768
11,8,0.0089703966035834,1.2305070764725006e-05,768,0.016997052820416966,0.00042064458163939997,768,0.0394088147476357,0.0008766222355445333,768
11,9,0.018488445130736535,2.5361378788763742e-05,768,0.012196743860753102,0.0003089440376089,768,0.05642607044639186,0.0013084929237984668,768
11,10,0.007014544230303334,9.622145689365305e-06,768,0.0053985367882678666,0.00013031524160776666,768,0.029396985855070033,0.0006630331923110334,768
11,11,0.017212865725806336,2.3611612751707364e-05,768,0.003467396486029633,8.464820027737878e-05,768,0.043029802947539,0.0010011072072689,768
11,12,0.006616711623153733,9.076421988737579e-06,768,0.02373445259562833,0.0005887800080278,768,0.029302226008780897,0.0006521224337181667,768
11,13,0.009794943966691434,1.3436137125233394e-05,768,0.012108973046604599,0.00029049206650356665,768,0.07437509904139,0.0017855100701024667,768
11,14,0.004545061995894833,6.2346529512239774e-06,768,0.0008787142872219,2.1317231487968703e-05,768,0.029048336208290903,0.000569735179046,768
11,15,0.006357058856091634,8.72024534181772e-06,768,0.0011737198919941998,2.924351461442599e-05,768,0.023699489266652,0.0005422083615402,768
11,16,0.01568542411933997,2.1516356845843743e-05,768,0.0042041848365669664,0.0001016435889126085,768,0.0935442630138633,0.0018323139602641665,768
11,17,0.004903362199579233,6.726148423962947e-06,768,0.0010733142964954668,2.5497517580341338e-05,768,0.0409169672017147,0.0009036581452836334,768
11,18,0.0041853277391699336,5.741190309705827e-06,768,0.0006361539123711667,1.5366429018790855e-05,768,0.05822347282101717,0.0011342323368402,768
11,19,0.006807412727147434,9.338014717806773e-06,768,0.0011063795656465001,2.692207653404166e-05,768,0.0639124462674504,0.0012323203784656335,768
11,20,0.005084301177666534,6.974350043824813e-06,768,0.0011295969491999334,2.7484693606420058e-05,768,0.0455628671120867,0.0007624977507511335,768
11,21,0.012468417520172631,1.7103453379639182e-05,768,0.0086455635341365,0.00022043786612680003,768,0.05051491383822317,0.0011312752179027002,768
11,22,0.021507195436932067,2.950232568890247e-05,768,0.006532236683455,0.00015807240782586668,768,0.10057838039165283,0.0022564647043180667,768
11,23,0.0205273306026706,2.8158203887532207e-05,768,0.027640004315860667,0.0006751441901813667,768,0.032725779100549766,0.0007033252395216667,768
11,24,0.011313409122597734,1.5519079722080508e-05,768,0.014308863555839898,0.00033657714863650004,768,0.043885788298287765,0.0009292811337802334,768
11,25,0.008723765870852133,1.1966757003428521e-05,768,0.0101397294699031,0.0002480419460605667,768,0.025202390434633463,0.0005783939936660333,768
11,26,0.015384031849274933,2.110292434045341e-05,768,0.010917611622936333,0.00026777557352079996,768,0.0396898475269864,0.0008735921959248666,768
11,27,0.0125904540194229,1.7270855975606732e-05,768,0.028399809620343733,0.0007042047095442667,768,0.017040020637567165,0.00035784134186806664,768
12,0,0.0304969175135217,4.183390598171422e-05,768,0.003020376313936367,6.997956722980259e-05,768,0.13797024150015122,0.0031887097349306004,768
12,1,0.0074246029339614,1.0184640502891354e-05,768,0.005574237376336534,0.00013607763047843334,768,0.061209367858869705,0.0014618234815224334,768
12,2,0.0188037087012039,2.5793839077391707e-05,768,0.015179691452464235,0.0003737874742167333,768,0.06257640663860299,0.0014589974266497668,768
12,3,0.008464531749896234,1.1611154662525863e-05,768,0.0014968174271618331,3.70755687330096e-05,768,0.05578696312890463,0.0012823537162098668,768
12,4,0.008563013544120967,1.1746246284677235e-05,768,0.006547758793854968,0.00015201076780886667,768,0.06567988068862478,0.0015703797522270333,768
12,5,0.007087865082471968,9.722723007373936e-06,768,0.0047695297091697,0.00012274773600532936,768,0.04414569558822257,0.0009641476274052666,768
12,6,0.008939913302458,1.2263255553158122e-05,768,0.021557416077394902,0.0005425705648467333,768,0.03794721926701067,0.0008595366426238333,768
12,7,0.006048598123464633,8.29711675738558e-06,768,0.024811887034758163,0.0006126470388089666,768,0.017606684305825033,0.0003896763044651333,768
12,8,0.014879113022483098,2.041030592855499e-05,768,0.024076222430693368,0.0005751082572027001,768,0.047083091206900435,0.0010362955854297667,768
12,9,0.024235879028836334,3.3245375887465865e-05,768,0.0066673395941828665,0.00016194780544043336,768,0.0512234054670462,0.0012700148894253666,768
12,10,0.011868992997392467,1.6281197535318478e-05,768,0.0144565748372779,0.0003685768995901667,768,0.0264175654062531,0.0005664885180106,768
12,11,0.0113612136122919,1.5584655175621565e-05,768,0.020353807973170466,0.0005013730474681333,768,0.032410128126419566,0.0007312930429621001,768
12,12,0.014538078177181966,1.9942494061826976e-05,768,0.04690298846833226,0.0010862981725475666,768,0.043004389317654025,0.0009764867662588333,768
12,13,0.012319663480669799,1.6899401178755342e-05,768,0.016693012796887702,0.00041743369726063333,768,0.034820241171663165,0.0007983850237280333,768
12,14,0.006493435079841867,8.90731836976702e-06,768,0.006861407652605066,0.00016582946012593335,768,0.027170027383827233,0.0006397458357718334,768
12,15,0.006962829665856867,9.551206680622273e-06,768,0.0289204313886841,0.0007276849681231001,768,0.021409972046152803,0.0004999054023234333,768
12,16,0.0055864925629998995,7.663227100290597e-06,768,0.023296045308821133,0.0006084882325991667,768,0.020817462121160632,0.0004970036711368667,768
12,17,0.0227382851652843,3.119106333620882e-05,768,0.013621516689660433,0.0003378643724287333,768,0.03756158187372086,0.0008763029272445332,768
12,18,0.004359474882186,5.980075287543175e-06,768,0.0022999613112635667,5.518828246545149e-05,768,0.026305580948455032,0.0006516497250855666,768
12,19,0.0041603699595853,5.706954683402932e-06,768,0.028659882689986167,0.0007216332413131334,768,0.01766060879881923,0.0003933949984445,768
12,20,0.0079025838199129,1.084030702127164e-05,768,0.0075939324871019676,0.00018438371608840002,768,0.03387981179698343,0.0008015966474974667,768
12,21,0.0083597503265101,1.1467421581585572e-05,768,0.0010105805958296667,2.4449416777033484e-05,768,0.0266368817971359,0.0006207004870792001,768
12,22,0.014874685949455532,2.040423319014751e-05,768,0.009010954059599232,0.00022019595991866668,768,0.0399468163714497,0.0009154228033724333,768
12,23,0.010405289706682168,1.4273374090093514e-05,768,0.004586828128912733,0.00011504752601380001,768,0.03187955836977823,0.0007347322813990666,768
12,24,0.011947882842844567,1.638941407181652e-05,768,0.0190868242798387,0.0004637415374774,768,0.0928854365642261,0.0021822843183748,768
12,25,0.008570695457592531,1.1756783894813274e-05,768,0.0034937871493298995,8.922511519110466e-05,768,0.02693059510504743,0.0005737341105552333,768
12,26,0.015604383263574032,2.1405189680918923e-05,768,0.0050004954333312335,0.00011821137194418943,768,0.0621927151541967,0.0014784132093807998,768
12,27,0.012114587112250733,1.6618089361370807e-05,768,0.008143485824362466,0.0001982674108606,768,0.09096873271016644,0.002233435581325567,768
13,0,0.0045913582483206,6.298159463938649e-06,768,0.003005674746917167,7.409925532158208e-05,768,0.11063698221517859,0.0022995281271631332,768
13,1,0.0053168447310992005,7.293339825062996e-06,768,0.0025010838295001334,6.259407704254279e-05,768,0.06440256347487616,0.0012331669856255,768
13,2,0.014912660377909467,2.045632427221643e-05,768,0.004007314611091767,9.559924135842629e-05,768,0.06401370183437884,0.0014679852889453,768
13,3,0.0041131754900641665,5.642216035061226e-06,768,0.012152770253223333,0.0002878459750326333,768,0.0567270270565245,0.0013207568281662335,768
13,4,0.0045695670910041,6.268267604996279e-06,768,0.0102148218966225,0.00024918132067416665,768,0.07749549469869514,0.0012943688486209,768
13,5,0.005357243636570467,7.348756699049099e-06,768,0.009606031477883433,0.00022842867437343332,768,0.04423906654541787,0.0009726949501379,768
13,6,0.0047613588823658,6.531356480740773e-06,768,0.024249949361057732,0.0006176752333733667,768,0.05309579775352324,0.0012534038762798,768
13,7,0.022293207507544797,3.0580531541020646e-05,768,0.007301503120456666,0.00016438631976493334,768,0.05788545975556277,0.0013333738374145334,768
13,8,0.0049963675584585,6.853727775541028e-06,768,0.0012542392945787666,3.063538896009901e-05,768,0.05945587206607187,0.0014213062194638,768
13,9,0.007027133641469566,9.639415135874694e-06,768,0.0008712987497499666,2.166454460593668e-05,768,0.05505171238829117,0.0011475530375259,768
13,10,0.011641749443470467,1.596947797675591e-05,768,0.003286636025926533,8.275198304184192e-05,768,0.0331655368747571,0.0007745359965711667,768
13,11,0.028663164253937102,3.931846941620613e-05,768,0.02253155617727973,0.0005352544981569666,768,0.0395431059302306,0.0009079497437135998,768
13,12,0.019726139325695568,2.7059176078839005e-05,768,0.0052179243086266335,0.000133291685502417,768,0.051477605163427094,0.0011850130651977332,768
13,13,0.03343359450997,4.58622696745542e-05,768,0.0035034167675806666,8.602812456658115e-05,768,0.09851376334161914,0.0022839086548034665,768
13,14,0.006606537699579866,9.062465982659362e-06,768,0.007050123182099299,0.00016786437749273335,768,0.0255354265835971,0.0006064109363159335,768
13,15,0.005781756059006867,7.931078256653555e-06,768,0.004766766359098267,0.0001133290768597599,768,0.02950803845732247,0.0006769849937868999,768
13,16,0.011710599883662265,1.606392300121789e-05,768,0.022928179137674434,0.0005623620968646,768,0.0303572669378482,0.0006737069166127666,768
13,17,0.006931922216452301,9.508809613499591e-06,768,0.04486048187293077,0.0011208003449863335,768,0.02600324973226023,0.0005467506228777334,768
13,18,0.02886043688909007,3.95890766605525e-05,768,0.017960495140603865,0.0004471675296126667,768,0.052689851869080394,0.0012119923647711335,768
13,19,0.011270581317283734,1.5460330990084425e-05,768,0.0174020376343501,0.0004357430436231333,768,0.0405866537410825,0.0009792432521817333,768
13,20,0.009426618246483966,1.2930889221000769e-05,768,0.010019053732463533,0.0002443072474838333,768,0.04600778019910947,0.0010326725866106666,768
13,21,0.010524327873036733,1.4436663781022818e-05,768,0.015163460961774166,0.00037029884812243336,768,0.05131841331116973,0.0009817742262442331,768
13,22,0.008267462160649266,1.1340825996699154e-05,768,0.012962376689259232,0.00030400673768163334,768,0.021479606584719566,0.0004973829101515333,768
13,23,0.006106051322552333,8.375927733004946e-06,768,0.010226801045559333,0.00023582216961386666,768,0.027768183340583567,0.0006447525101394999,768
13,24,0.0104193075490712,1.4292602943944433e-05,768,0.009476372726368233,0.0002347714075336,768,0.024326206077281132,0.0005387821220805333,768
13,25,0.012718483303665033,1.74464791339544e-05,768,0.006604246290369933,0.00016245001027006666,768,0.050522838049441,0.0011431600258972332,768
13,26,0.007064318145793833,9.690422710169807e-06,768,0.0119046686152349,0.00029062667194993335,768,0.027892490033318933,0.0005102897613809667,768
13,27,0.012958349793862534,1.7775514138620534e-05,768,0.019351864146443565,0.0004523179606358667,768,0.04314958223951254,0.0009042258885756668,768
14,0,0.0056400205440469324,7.736653676512021e-06,768,0.025197219502143,0.0006128839723272666,768,0.03524417016855347,0.0008045487902055667,768
14,1,0.009852398922691867,1.3514950486334087e-05,768,0.0062465596522637,0.00015259866462686666,768,0.03273735314830137,0.0007556930073144333,768
14,2,0.009898395592803868,1.3578046072139631e-05,768,0.01957142277150337,0.0004830526257128,768,0.0398964495181483,0.0008121082005086667,768
14,3,0.013083085700634633,1.794661959267942e-05,768,0.03684771305464803,0.0009034834216016667,768,0.046077150393235365,0.0010270901550580667,768
14,4,0.00022568690451683338,3.0958423136090765e-07,768,0.0036655391691161,9.018393312345832e-05,768,0.0028706169084514004,6.00007003743995e-05,768
14,5,1.9256962759649682e-05,2.641558667580002e-08,768,0.00019436677195553334,4.6548735243669035e-06,768,3.992390846631102e-05,7.83635576685703e-07,768
14,6,0.005722053375250066,7.849181572825427e-06,768,0.0112206648807573,0.0002763629123993,768,0.0440417300007425,0.0010369982330607668,768
14,7,0.0007297772756158999,1.0010662218297092e-06,768,0.004331361472781667,0.00011069363603838428,768,0.0016877294181896335,3.8447740024175524e-05,768
14,8,0.013580258727136101,1.862861279620642e-05,768,0.04797649161522103,0.001182323675442,768,0.023524811760549796,0.0005071798611395666,768
14,9,0.01716674882429457,2.3548352290977032e-05,768,0.003417404885055267,8.121754324581672e-05,768,0.05671241931266493,0.0013766213087991,768
14,10,0.015530097127111666,2.1303288224983525e-05,768,0.05485404046294203,0.0013302208607460333,768,0.04514503655857987,0.0009630588926066667,768
14,11,0.0156996346826711,2.153585005404528e-05,768,0.03466439403697063,0.0008526384029888335,768,0.04258621920962463,0.0009825131696970333,768
14,12,0.016508720806986763,2.2645707550366632e-05,768,0.0377735366821525,0.0009056026989858666,768,0.03241315173762863,0.0007618426688942668,768
14,13,0.019982359674514734,2.741064428389099e-05,768,0.032026529200872234,0.0007997513209401334,768,0.10256489787972589,0.0019444721372563,768
14,14,0.007142433379207999,9.797576644788678e-06,768,0.021270393744461033,0.0005047684072946,768,0.04274323625137786,0.0009430666618583666,768
14,15,0.008195732378500334,1.1242431231790577e-05,768,0.007554430427278501,0.00018658921169566666,768,0.04644113110543907,0.0010841651371206,768
14,16,0.0045441065934473,6.2333423700994496e-06,768,0.017129295627401033,0.00039731605559723335,768,0.012566246222014799,0.0002669854911993667,768
14,17,0.006600434424768699,9.054093874217664e-06,768,0.0046079317299014995,0.00011407045970453335,768,0.04890427233584654,0.0010003615307827998,768
14,18,0.009039950053307834,1.2400480158384491e-05,768,0.012246159884881466,0.0003007200334727667,768,0.05095534776469884,0.0010483909329638,768
14,19,0.00489541385195,6.7152453471451086e-06,768,0.011039787571064566,0.0002707358455112,768,0.05983932739745151,0.0009868333118627332,768
14,20,0.0170414249341348,2.337644018989178e-05,768,0.009913358388880966,0.0002406952140346667,768,0.0703026086658932,0.0017383256378284,768
14,21,0.004266300776785967,5.8522644456555336e-06,768,0.034936847862278804,0.0009236564256286001,768,0.037326514952847334,0.0008725665442460666,768
14,22,0.008795480432479933,1.2065130898391858e-05,768,0.025005514313055668,0.0006015468006726666,768,0.027455250874642862,0.0005675632102778999,768
14,23,0.0067720515345138675,9.289508255274961e-06,768,0.0125917254003648,0.00030482121134553335,768,0.039279338512505,0.0009488520501538667,768
14,24,0.004998983341764033,6.857315989047587e-06,768,0.015345568088198,0.00037459930980393336,768,0.022630190009143236,0.0005217394033371667,768
14,25,0.013539215344664466,1.8572311862758106e-05,768,0.0008534275692358,2.015930652073059e-05,768,0.08821883915942404,0.0019979785314070664,768
14,26,0.005993109465180134,8.221000633810085e-06,768,0.008618592653886467,0.00021540228229336667,768,0.03765311553368627,0.0008865287818379,768
14,27,0.00787240136831,1.0798904480430888e-05,768,0.07648599543675037,0.0019998016677401664,768,0.04873997061892033,0.0009902767200387667,768
15,0,0.0087890135635338,1.2056260057488147e-05,768,0.005038636145504367,0.0001304015254363012,768,0.0586187495266206,0.0012893388436119332,768
15,1,0.012804461198188668,1.7564418654961108e-05,768,0.060946664312211796,0.0015325870522655,768,0.027617727575769597,0.0006006256248337,768
15,2,0.0060274460545469,8.268101577989804e-06,768,0.0035357654668234997,8.89986894059928e-05,768,0.023105115482138634,0.0005207209615721333,768
15,3,0.0108381232669619,1.486711011979422e-05,768,0.0065611799064715,0.00016987442128116664,768,0.0466677636274918,0.0011331792319177333,768
15,4,0.011130711291324666,1.5268465426143223e-05,768,0.049783950278291834,0.0012319645442999,768,0.03032583847394213,0.0006823804039313001,768
15,5,0.006200786205135666,8.505879581902914e-06,768,0.0011058606773197666,2.7652062280905086e-05,768,0.04272997920482641,0.0009905844524928334,768
15,6,0.008801441568301933,1.2073308072008763e-05,768,0.0027749132965351336,6.760840048689505e-05,768,0.030315802713644733,0.0006878403177036667,768
15,7,0.006920064905848667,9.492544457310233e-06,768,0.006956881443339066,0.0001758341021625,768,0.06622314511822457,0.0015784161302230335,768
15,8,0.005679963991141734,7.791445807886604e-06,768,0.0021341726310553336,5.455956004741155e-05,768,0.046253592587315005,0.0010468369947483668,768
15,9,0.004086344264508733,5.605410510111687e-06,768,0.0018049567682304334,4.404425515283581e-05,768,0.04832832949738489,0.0011423899153612334,768
15,10,0.005657513257024933,7.760649186834093e-06,768,0.004506094432253767,0.00011032101246578358,768,0.062861929681541,0.0015089282184602333,768
15,11,0.005748158436755767,7.884990997443787e-06,768,0.0028326690198539665,7.270966099550301e-05,768,0.10133515484831905,0.0023571690385001333,768
15,12,0.006484748057182167,8.895401986184007e-06,768,0.0016578646061437333,4.060120005740705e-05,768,0.050254395926827976,0.0011575809137146667,768
15,13,0.0069605732485366,9.548111466373016e-06,768,0.0025915527500896002,6.529653902635536e-05,768,0.05351531395613066,0.0012234722609205,768
15,14,0.009203854021295133,1.2625314144183082e-05,768,0.02738858453174463,0.0006800483485251667,768,0.052143394545889,0.0011951801519323334,768
15,15,0.004547128986474133,6.237488322130211e-06,768,0.0164052482324071,0.00040038912139346664,768,0.0380452835957214,0.0009043890124681,768
15,16,0.006725845998252766,9.226126218145654e-06,768,0.0052450139946837,0.0001299744539823308,768,0.0637637220404485,0.0015102310334506666,768
15,17,0.003834884665417933,5.260472786201957e-06,768,0.0055530608154157,0.0001374521704508333,768,0.0259651486320914,0.0006425607808076333,768
15,18,0.0017583931220105334,2.4120618984668513e-06,768,0.0103301391798448,0.0002529697953977333,768,0.009404895666146199,0.00021420524413976667,768
15,19,0.007639352269436566,1.047922122870718e-05,768,0.0054546437931044,0.00013897560026839226,768,0.03324725424972517,0.0007864442274793667,768
15,20,0.013211868180164232,1.8123275954790945e-05,768,0.0348196260443553,0.0008768363077880668,768,0.05096945777122144,0.0011406897118781,768
15,21,0.007624849263783867,1.0459326841755906e-05,768,0.0037361004591147003,9.607331039177035e-05,768,0.04369566103338223,0.0010327486897593332,768
15,22,0.0062382332136259,8.557247214613836e-06,768,0.0063036645250325665,0.0001485396138857,768,0.059542783357457496,0.0014419916027711332,768
15,23,0.022136973993516,3.036621948757495e-05,768,0.010865472587658067,0.000261592211371,768,0.07281981291881337,0.0017178522534823,768
15,24,0.009598275760135734,1.316635908482286e-05,768,0.02544069195924213,0.0006313936428239334,768,0.027291601793270504,0.0006421234366068666,768
15,25,0.013790813903677668,1.891744017399356e-05,768,0.025162834174210464,0.0006314172655385333,768,0.03185687619338747,0.0007109592979775333,768
15,26,0.0125707897408453,1.7243881671874517e-05,768,0.018776415134122166,0.0004523493898107667,768,0.08803820472091194,0.0019829801244335,768
15,27,0.012273346104289332,1.6835865713729636e-05,768,0.004219397923172567,0.00010250179789782908,768,0.06677822054825806,0.0015803785686599,768
16,0,0.007559161552586734,1.0369220243886297e-05,768,0.03799532036065987,0.0009437358674059333,768,0.0599108026874546,0.0012906888114839667,768
16,1,0.009975128543241334,1.3683303903251967e-05,768,0.03524878531764364,0.0008706497278106667,768,0.07548816440375576,0.0018066667543144334,768
16,2,0.014480620426818767,1.9863676864114988e-05,768,0.03123481089680043,0.0007764008449785333,768,0.08627521436915227,0.0019153789104630666,768
16,3,0.0083889357650903,1.1507456482315789e-05,768,0.02049428122314127,0.0005024116572720999,768,0.0566649662486611,0.0012923448097362665,768
16,4,0.005577908430632633,7.651451880631233e-06,768,0.021488753320087466,0.0005406179980928334,768,0.02648777961213013,0.0006370123435330667,768
16,5,0.009265093968546434,1.2709319587001031e-05,768,0.0393907876326314,0.0009441077899205666,768,0.06639407704424603,0.0015408415240223,768
16,6,0.0067163426264726005,9.213090023012007e-06,768,0.0142789592166631,0.00036196124879403333,768,0.04599479156255857,0.0010537691650073667,768
16,7,0.003354881803798667,4.602032653499659e-06,768,0.0073037350881956,0.00018346169218693334,768,0.051874800407252473,0.0012232395825746,768
16,8,0.006862659491093333,9.413799029801597e-06,768,0.004241987279781534,0.00010221969041663236,768,0.04692696624766766,0.0011021018715701,768
16,9,0.005350694583676566,7.339773070066888e-06,768,0.006821257516002967,0.0001682856762921949,768,0.08515546863767055,0.0019830007810954,768
16,10,0.0011288595148243,1.5485041374140718e-06,768,0.0075614476071923994,0.00018624238718993334,768,0.0207246814545432,0.0004937712449298667,768
16,11,0.0012898760171910666,1.7693772557720391e-06,768,0.009446834961992898,0.00023677520382456665,768,0.021587903067877265,0.000510023726945,768
16,12,0.0016222355567082668,2.2252888269166794e-06,768,0.005626200564300567,0.0001407038141196768,768,0.07512738625973724,0.0017424426112355336,768
16,13,0.0013618289049403334,1.8680780575392494e-06,768,0.0030885938087553,7.470116875312714e-05,768,0.030781648734072502,0.0006913948477553334,768
16,14,0.004640677431375167,6.3658126586094615e-06,768,0.010794991950911935,0.0002658658579868,768,0.08653160718470566,0.0017522779610071669,768
16,15,0.004773590742307333,6.5481354626078835e-06,768,0.0038945098568549,9.977439682144424e-05,768,0.06097049253429523,0.0012056891353763,768
16,16,0.0033312664315907,4.569638441675669e-06,768,0.007950316592664767,0.00020061886780366666,768,0.0403738150006726,0.0008576895241821999,768
16,17,0.004385667962540133,6.01600543484821e-06,768,0.010466668840317966,0.00025851703823353336,768,0.028008848795063032,0.0005434819315524,768
16,18,0.002873364283813566,3.941514792131738e-06,768,0.0150385636510594,0.0003656321864510333,768,0.027518525299311567,0.0006328586923315,768
16,19,0.011552478591456765,1.5847021396777473e-05,768,0.011848757315306033,0.0002887234965921667,768,0.077942676592689,0.0018325808188027666,768
16,20,0.0058651986715586,8.045540028168522e-06,768,0.014313115565653766,0.00035225942980673334,768,0.051765108029618,0.0011974779980798665,768
16,21,0.0031029290987796662,4.256418512528388e-06,768,0.0010382059933173333,2.585847618544501e-05,768,0.03777135891106313,0.0008983909373205334,768
16,22,0.0019073191311651334,2.616349973216801e-06,768,0.0015751658648021666,3.685006798498022e-05,768,0.03661778309846867,0.0008772760747781,768
16,23,0.0032856739084602335,4.507097262179162e-06,768,0.0010765424242803999,2.597927742885193e-05,768,0.05680518966270629,0.0012898095082746,768
16,24,0.003222076816725133,4.419858458026028e-06,768,0.005183296127653334,0.0001316799536259045,768,0.033266766457813866,0.0007299282461633334,768
16,25,0.0026533144718153667,3.6396632128547304e-06,768,0.0011273855557034666,2.7256576953911538e-05,768,0.047087484509674433,0.0010681861471139333,768
16,26,0.006377811025901734,8.748711963190344e-06,768,0.002988267490101367,7.412492057133624e-05,768,0.07478410184270003,0.0017861041762969332,768
16,27,0.0026092418830127666,3.5792069711422744e-06,768,0.005074383101097334,0.0001309879677311272,768,0.031608931848249165,0.0007296163096393665,768
17,0,0.004699475885362333,6.4464689773227725e-06,768,0.010401043407033633,0.00026086276122369996,768,0.04601934004164333,0.0010604100242592666,768
17,1,0.0034784882286633665,4.77158879090787e-06,768,0.0036770455282895335,9.006380867432791e-05,768,0.048636431906876,0.0010584064402238,768
17,2,0.0038059305963617997,5.220755279581e-06,768,0.0016396617116501,4.077964047788894e-05,768,0.07781540641497027,0.0017903237212652,768
17,3,0.002696567408265167,3.6989950787288026e-06,768,0.0028250397534812666,7.05890692783336e-05,768,0.04284402536335576,0.0008691943414614666,768
17,4,0.006491391002829933,8.904514409738737e-06,768,0.0020956940959972665,4.9479590965373126e-05,768,0.15061330099390102,0.0035178641499416,768
17,5,0.006773160592494133,9.29102963073171e-06,768,0.015876415854473632,0.00039795293660290003,768,0.06798657081465832,0.0014560828038494664,768
17,6,0.0030003528450966,4.115710360706737e-06,768,0.0016871375461317666,4.1868346297047054e-05,768,0.047406956573619596,0.0010524198914112666,768
17,7,0.0008047624151678334,1.103926496465288e-06,768,0.0027706853056731332,6.82391907102515e-05,768,0.032136591920722865,0.0007806870143490333,768
17,8,0.0013217312064133333,1.8130743546837915e-06,768,0.004819124043143167,0.00011618498193517745,768,0.05569989517573263,0.0012992955496009,768
17,9,0.0045310578717021,6.215442889443677e-06,768,0.005998342008704534,0.00015134181875669998,768,0.04525830746170333,0.0010124226742093333,768
17,10,0.0007115073305361333,9.760045686209523e-07,768,0.0057249185151976335,0.00014200503199304684,768,0.023231913547235167,0.0004903421292597666,768
17,11,0.0026759408533779338,3.6707007545986234e-06,768,0.0008898058641082001,2.170875355576284e-05,768,0.044396657688963566,0.0010359521474696666,768
17,12,0.0008975279140607334,1.231176837090808e-06,768,0.0027489397172685004,6.754471687480297e-05,768,0.021320806938831465,0.00047154924532986665,768
17,13,0.0017407846702199,2.3879076355711915e-06,768,0.0016438384613143668,4.0817279859935857e-05,768,0.11229056722980124,0.002766894866594167,768
17,14,0.0031423463738780998,4.3104888585300365e-06,768,0.014415646725048767,0.0003548652066021,768,0.048203465521742296,0.0010105331953751,768
17,15,0.0014719221673538333,2.019097625274803e-06,768,0.0037226124450268996,8.347802331422811e-05,768,0.043885447371323466,0.0010033107122683,768
17,16,0.003679881125302133,5.0478479092275616e-06,768,0.0019327126721041335,4.632964125826528e-05,768,0.04486576290984934,0.0009369615562683668,768
17,17,0.0047201102493776995,6.474774012849999e-06,768,0.006289780214695833,0.00015919866882873335,768,0.06881808964516263,0.0014833766952403332,768
17,18,0.002669241581016233,3.661511086208077e-06,768,0.009579878689116533,0.00023632224961733336,768,0.06652719050010107,0.0013989968905231333,768
17,19,0.0020665385987919996,2.8347580260147404e-06,768,0.0043209863300598,0.00010348603778076653,768,0.038390798326318504,0.0006219117085893,768
17,20,0.0017058580864536665,2.339997375247298e-06,768,0.004073616431515567,0.00010137288796585032,768,0.07513131952015797,0.0015020643173852,768
17,21,0.0048373976260667,6.635662042100744e-06,768,0.0068259500867332,0.0001724933364219,768,0.041166092303271236,0.0009472532063960999,768
17,22,0.0047239086336680666,6.479984418290147e-06,768,0.013541748524687569,0.00033413599560346664,768,0.05697555617266894,0.0013564076667381,768
17,23,0.004304476921809867,5.9046322656714665e-06,768,0.006548313500204,0.0001617939546898,768,0.036027315122907966,0.0008809754238281001,768
17,24,0.0038732046647474666,5.31303794895083e-06,768,0.019072141674342832,0.00047461634101529995,768,0.04118279814683957,0.0009722831947331,768
17,25,0.0026162950579013667,3.5888821124750495e-06,768,0.0068647915623293,0.0001704030515295,768,0.026856559330051735,0.0006450102129494667,768
17,26,0.005105118932473333,7.00290663182736e-06,768,0.015414338536582231,0.00038864130431809997,768,0.06232486482436644,0.001498899966369667,768
17,27,0.010347097931820233,1.4193549964620448e-05,768,0.008354172026412665,0.0002112495263446,768,0.06319145892886503,0.0014071373628121336,768
18,0,0.0036253643250342333,4.97306492227985e-06,768,0.003953240697863766,9.864852939107103e-05,768,0.1283376166294753,0.0030969215896850338,768
18,1,0.002419080522721233,3.318354628624627e-06,768,0.010742639577948333,0.00026775056883293337,768,0.06239377931782044,0.0014816365488347332,768
18,2,0.0009379817692687999,1.2866690944859174e-06,768,0.0013493416362155332,3.3224135232790344e-05,768,0.03516014225147513,0.0008160366477541333,768
18,3,0.0010814560028497668,1.483478740387499e-06,768,0.0011755357901741667,2.899099759114815e-05,768,0.0417417912297395,0.0010260958741908999,768
18,4,0.0021744326332501997,2.9827608105411287e-06,768,0.0018664626591423335,4.4473776144161405e-05,768,0.09644172607609859,0.0023929317879822667,768
18,5,0.0009985697650878667,1.3697801974987447e-06,768,0.007526930700522599,0.00018436185464853333,768,0.14220253416808262,0.0034288920648326334,768
18,6,0.0012855071736405667,1.7633843278363776e-06,768,0.0020924098712485333,5.056394596823314e-05,768,0.023589206053676034,0.0004917336619418667,768
18,7,0.010709922760701264,1.4691252098901488e-05,768,2.6265746883474297e-08,6.31248912594567e-10,768,0.2030446804291538,0.004626694077516033,768
18,8,0.004905047740888167,6.728460541933301e-06,768,0.0019781143000117333,4.8572910713889916e-05,768,0.053352224306574166,0.0011858770659122669,768
18,9,0.0026100584235022,3.58032705198025e-06,768,0.0009238289308242999,2.189508666086461e-05,768,0.14591387374415868,0.0032264852973661333,768
18,10,0.0032320717276282333,4.433568898295093e-06,768,0.011129718982814967,0.0002796166787337,768,0.053971739406260065,0.0012682251934061667,768
18,11,0.003954879006357667,5.425074075423332e-06,768,0.010236012509854632,0.00025912195592233333,768,0.023725390576534666,0.0005691541967548666,768
18,12,0.0020375413166225,2.7949812282891686e-06,768,0.0034610791272774327,8.524067817800712e-05,768,0.032758021370019166,0.0007606863741226,768
18,13,0.003154974993537433,4.327812078438282e-06,768,0.0046734450525652334,0.00012156465661090687,768,0.0464949779288872,0.0010652417499570665,768
18,14,0.0023234944202474,3.187235142935198e-06,768,0.0034806776021198333,8.672059324403027e-05,768,0.041705649670651164,0.0009367855861525334,768
18,15,0.0029542115980246,4.052416460798043e-06,768,0.0056574386992309005,0.00013323637430686665,768,0.03740691156454543,0.0008729374483067001,768
18,16,0.002651616243043667,3.637333673597796e-06,768,0.010606826171951368,0.00025906677886306667,768,0.041641913149362574,0.0008656843785301999,768
18,17,0.007241230683933467,9.933101072052223e-06,768,0.0005187752953489333,1.2833772261577892e-05,768,0.07105257097906774,0.0016200117226319666,768
18,18,0.0022102376321561,3.0318760358329783e-06,768,0.009743858588237167,0.0002422166277169,768,0.03636144516305247,0.0008172472476971,768
18,19,0.0026679988102517004,3.659806326710682e-06,768,0.008076979087592834,0.0002011703387178333,768,0.034669389242409865,0.0007846097734666,768
18,20,0.0011748654364516333,1.6116123946180478e-06,768,0.0011984418656907998,2.87603105751331e-05,768,0.052472993942795136,0.0011564660467334334,768
18,21,0.0022444125928929664,3.078755275752349e-06,768,0.0013822114748531335,3.155068349436583e-05,768,0.054135169363462375,0.0013226469757357331,768
18,22,0.0027215968713747,3.7333290455163607e-06,768,0.005853443858322034,0.0001464177903116041,768,0.04092271948366027,0.0009921446276864,768
18,23,0.0019090259421371998,2.6186912747690834e-06,768,0.015667320389164,0.0004056173562954333,768,0.05543832108062924,0.0013102824238656998,768
18,24,0.0045205497564092334,6.201028458410057e-06,768,0.005469609006870667,0.00013623853363873333,768,0.0358766600438779,0.0008665396932704666,768
18,25,0.011139150009075366,1.528004117870516e-05,768,0.0034723812436798997,8.088761603765315e-05,768,0.08836125883294697,0.002199680513598367,768
18,26,0.0020476958659641667,2.8089106602182906e-06,768,0.004004957184383533,9.830600963468753e-05,768,0.0260353060814016,0.0006085193963058667,768
18,27,0.0041504603000476,5.693361194889004e-06,768,0.0013230663211493,3.196912064602764e-05,768,0.06600629455927744,0.0016924621364105667,768
19,0,0.0071026639848537345,9.743023301544569e-06,768,1.134667121625306e-07,2.6661137018547064e-09,768,0.2426857966869799,0.005791600035872534,768
19,1,0.003139092451715867,4.306025309744246e-06,768,0.005612659953035767,0.0001389551462542656,768,0.071152037146381,0.0018027688199069,768
19,2,0.0025797141079045003,3.538702483124167e-06,768,0.005922123041131,0.000142764973507,768,0.05285533083516227,0.0012514704872298667,768
19,3,0.0003235227681652666,4.4378980459556724e-07,768,0.0041663689590430665,9.639057434353835e-05,768,0.0207861559526847,0.0005041812995943,768
19,4,0.0026028902563984663,3.5704941744575886e-06,768,0.007009871983517099,0.00018037977031133245,768,0.12519968686955943,0.0028604456826593337,768
19,5,0.0007477084704915334,1.0256631983434489e-06,768,0.0027940969552156664,6.878928560864056e-05,768,0.014882111850551367,0.00031660651540266666,768
19,6,0.0019200242837652999,2.6337781686396286e-06,768,0.011185602711643998,0.00027915000778109997,768,0.0273041201391374,0.0006041833056415666,768
19,7,0.0009162355332051666,1.2568388650011607e-06,768,0.0004620873170877667,1.1415590296701139e-05,768,0.02555270025036303,0.0005988890287733332,768
19,8,0.0010185774230227335,1.3972255465279834e-06,768,0.0002964712771881,7.0716390736172185e-06,768,0.0432203061884403,0.0010387228571059335,768
19,9,0.0004127729443158333,5.662180308475571e-07,768,0.00039770685189146666,9.843732759895994e-06,768,0.02975803554783357,0.0006885008917417,768
19,10,0.0010700419349624667,1.4678215855030493e-06,768,0.0008639879801176334,2.1760038500394e-05,768,0.09388414575452464,0.0021617492682415667,768
19,11,0.0017347404845194667,2.379616579778679e-06,768,0.002002736439122733,5.120566874088709e-05,768,0.04934676343584473,0.0011332621346096,768
19,12,0.0005972966858180667,8.193370175108248e-07,768,0.0006305766623821667,1.5079575341451582e-05,768,0.019931977977241364,0.0004583448694671667,768
19,13,0.0015348365442863666,2.1053999271205756e-06,768,0.00044915362887903336,1.0982631319393412e-05,768,0.0365021493179635,0.0007814100928915666,768
19,14,0.0027593568166915665,3.7851259546507177e-06,768,0.0034106083829274,8.735382839134107e-05,768,0.076879053603155,0.0019093084795406667,768
19,15,0.002977371686913633,4.084186116333546e-06,768,0.015705585926757668,0.0003933338645819333,768,0.09824652049693816,0.0023923556895789,768
19,16,0.004532723141000267,6.217727216088042e-06,768,0.006285795720669267,0.00015353370164803332,768,0.09529928312542772,0.0022809345809574333,768
19,17,0.0029257414298528663,4.013362723877314e-06,768,0.015557149388143865,0.0003858051093310333,768,0.07609917934413106,0.0019158573640623664,768
19,18,0.0029233000225475,4.010013733503775e-06,768,0.015669878532425633,0.0003910718632579,768,0.0675506078492086,0.0016692042473240001,768
19,19,0.002533718034382967,3.475607728779806e-06,768,0.009872045052957133,0.0002528017681485333,768,0.08625687278483457,0.002055628015776733,768
19,20,0.0028808513634844667,3.951785138284116e-06,768,0.011191954473491167,0.0002813330729148667,768,0.04374568039597187,0.0010626408817508333,768
19,21,0.0011474977375007334,1.5740709694231098e-06,768,0.003611107960760533,8.854828946961998e-05,768,0.03341607119767783,0.0008040838450031333,768
19,22,0.001859344621985,2.5505413196192823e-06,768,0.017928215596593033,0.0004483091229424666,768,0.0370091990306041,0.0007778813023513334,768
19,23,0.002912441089862733,3.9951180962559374e-06,768,0.011700411465753265,0.0003000061709111,768,0.04333529704501867,0.0010203896581775333,768
19,24,0.0010396328653103331,1.426108184518898e-06,768,0.006236293124075534,0.0001580974391312,768,0.010157633135772634,0.00020188583146236666,768
19,25,0.0015283702052351332,2.0965297697816154e-06,768,0.006238988267991599,0.00015176196656533335,768,0.028091218650644068,0.0006882073401905,768
19,26,0.004131616997080733,5.667513029190598e-06,768,0.008091738000478167,0.0002057820618556,768,0.04664207771141563,0.0010490348358083333,768
19,27,0.0016195094492015335,2.2215493129756244e-06,768,0.004247981191698533,0.00010880831476238274,768,0.027560067424843664,0.0006071861902854,768
20,0,0.0006269520861351334,8.60016579693914e-07,768,0.0011846107943528,3.079428536586354e-05,768,0.023323206399687935,0.0004918092014820667,768
20,1,0.0014751651571376333,2.0235461706631795e-06,768,0.0008093450815860667,2.046877120743679e-05,768,0.06863064654218452,0.0015735670015377002,768
20,2,0.0042843725750465,5.877054283455821e-06,768,0.0017138415499146334,4.231799675525246e-05,768,0.0923431456111908,0.0021977654200154,768
20,3,0.0012423249253936334,1.7041494189706818e-06,768,0.0008683776269299334,2.0864783037483302e-05,768,0.02918027458930313,0.0006930643059269,768
20,4,0.0011100979067401667,1.5227680446817128e-06,768,0.0021098357264470336,5.206921453332463e-05,768,0.026203489926965962,0.0005690954556536666,768
20,5,0.0012414843034223332,1.7029963003846952e-06,768,0.0015856244878667998,3.8835188302197704e-05,768,0.042841896825999926,0.0010728375394261332,768
20,6,0.0012303647686524998,1.6877431659355461e-06,768,0.0015887859506271333,3.926606281686243e-05,768,0.0453839966579039,0.0011228693082484,768
20,7,0.0014529175284536,1.993028160060485e-06,768,0.0013191472745009332,3.236479054707688e-05,768,0.0970108736085535,0.0023036931307225668,768
20,8,0.0018620406616559335,2.5542395983400544e-06,768,0.0032226744988842998,7.76884809516894e-05,768,0.0895857926491506,0.0022623010037478002,768
20,9,0.0013916491835712999,1.9089837921001667e-06,768,0.0017100334050275,4.4795055012596584e-05,768,0.0298748033858847,0.0006521903718114001,768
20,10,0.0009446722382868,1.2958466880208447e-06,768,0.0013260950721125,3.134344266040567e-05,768,0.011911272747748036,0.00028731500274753333,768
20,11,0.0009160973668721333,1.2566493364003484e-06,768,0.0028444159725495998,7.062635900786467e-05,768,0.028181203479389166,0.0006856766569529668,768
20,12,0.0009536747602002333,1.3081958315269877e-06,768,0.0023492299690431,6.116974972615072e-05,768,0.03505086586339223,0.0008364869017325334,768
20,13,0.0007843497673335666,1.0759256084215506e-06,768,0.0005530505852284333,1.3317535410740008e-05,768,0.018502434217320233,0.00045321001285913336,768
20,14,0.0024352962798843,3.3405984600429206e-06,768,0.0032117353410845667,8.16292109243703e-05,768,0.026193470770432197,0.0006357636736394667,768
20,15,0.0014018123018395333,1.9229249669463293e-06,768,0.0028633561974388336,6.79922003215683e-05,768,0.008225508553666766,0.00019012536323326668,768
20,16,0.0009656873773572666,1.3246740405065272e-06,768,0.002091089585448433,4.957914749530457e-05,768,0.011429331165667534,0.0002589084385762,768
20,17,0.0024419320475050333,3.3497010303047e-06,768,0.006150928475741766,0.00015120485886596668,768,0.0244530193444347,0.0005785638832708667,768
20,18,0.0011578932485915667,1.5883309307781997e-06,768,0.0011339659098733668,2.8187627552020884e-05,768,0.0219671885565067,0.0004953076179839666,768
20,19,0.0009509498116078333,1.3044579017104407e-06,768,0.003268975393361833,7.993320560830315e-05,768,0.013521335202369667,0.0003089569098707,768
20,20,0.0008521628925557667,1.1689477256803724e-06,768,0.0015324345326276666,3.7785838577979874e-05,768,0.011526539348244465,0.00026075642042043334,768
20,21,0.002393214238146533,3.282872745356665e-06,768,0.009482632074124767,0.00024113360484769998,768,0.03985379068459827,0.0009525148653593667,768
20,22,0.0015666796193463002,2.1490804105930156e-06,768,0.0016953097541175,4.237690513702921e-05,768,0.02557166360890047,0.0006085056392061333,768
20,23,0.0006587000604605667,9.035666110410512e-07,768,0.0031986463946035333,8.053875502441372e-05,768,0.017518860343197166,0.00040152685834966666,768
20,24,0.0014319455967845,1.9642600795464753e-06,768,0.0031232393121758003,7.805782216788991e-05,768,0.06186231057567204,0.0015655852822879666,768
20,25,0.001778558512201,2.4397236139623558e-06,768,0.0026167819626690997,6.495832861993604e-05,768,0.013949658564285932,0.00033371554181299996,768
20,26,0.0015058069819461667,2.0655788505109505e-06,768,0.006570126831308633,0.00016165468569143333,768,0.02160897488540073,0.0005095214960022667,768
20,27,0.0014513360544162665,1.9908587827646997e-06,768,0.0037076536948442997,9.264217125589046e-05,768,0.034892988327555906,0.0008377830716519667,768
21,0,0.0012517213237638,1.7170388510125522e-06,768,0.0031176649546757335,7.550875409639835e-05,768,0.013893803252258833,0.0003056254294052667,768
21,1,0.0012420927820813333,1.7038309817389299e-06,768,0.007985746170467866,0.00019462858697210002,768,0.009033896145929468,0.00019431199003246664,768
21,2,0.0009759714079514333,1.338781078923217e-06,768,0.003039272177053533,7.322618907919502e-05,768,0.004247156309914333,9.122375507976307e-05,768
21,3,0.0011376739014427,1.5605952030321752e-06,768,0.0038552543188589664,9.179155397327057e-05,768,0.0072425471025484335,0.00016084647365593332,768
21,4,0.0017931903716512999,2.459794749390514e-06,768,0.005362784485489133,0.0001259320485281456,768,0.006187722300760767,0.00013788159824220002,768
21,5,0.0017875714807813667,2.4520870815464466e-06,768,0.006345210440337867,0.00015699832513306667,768,0.007536623592206533,0.00016781172427933334,768
21,6,0.004794982092983901,6.577478873810484e-06,768,0.005550898154209433,0.00013535500598003332,768,0.015072803208591732,0.00037078726666246666,768
21,7,0.00037880232552136667,5.196191016293775e-07,768,0.0037408118453066998,9.358254908106917e-05,768,0.019550984951607068,0.0004461959433532,768
21,8,0.0007768763639518333,1.06567402320722e-06,768,0.0012652441598994333,3.0491767391951457e-05,768,0.020378981642361734,0.00047181017420943336,768
21,9,0.0005969554793104333,8.188689728505584e-07,768,0.00016301868296616668,3.892984189427425e-06,768,0.017941572949003566,0.0004368842358171,768
21,10,0.0002214671184505,3.0379577307552757e-07,768,0.0007438631798870667,1.8565554650319786e-05,768,0.008565963333992866,0.00020614804392803335,768
21,11,0.0012129159864952665,1.6638079420571346e-06,768,0.0008586516852499,2.1172024446965722e-05,768,0.04099641984819394,0.0009775852564347333,768
21,12,0.0007879392455485,1.080849445267689e-06,768,0.0004898103110503333,1.1468180815164356e-05,768,0.047735223167857464,0.0011475876744693333,768
21,13,0.0005184521094816333,7.111825912001444e-07,768,0.0041732393077301,9.955322314805503e-05,768,0.031762107388369466,0.0007247936163171333,768
21,14,0.0017037433191665664,2.3370964584761046e-06,768,0.007088100810198232,0.0001756007325039,768,0.06227365875146987,0.0015431480756384,768
21,15,0.004578445553364933,6.280446577617623e-06,768,0.0010907681922477333,2.2176927449116257e-05,768,0.144250243267398,0.003353211698330267,768
21,16,0.004059494057434133,5.568578960769728e-06,768,0.0004675369898960667,1.0488249056332897e-05,768,0.06695456664154634,0.0017487132673094667,768
21,17,0.002395943327991567,3.2866163565049194e-06,768,0.0075012668546705664,0.0001847373484019,768,0.08031614178108977,0.0018496968681855,768
21,18,0.0046470180311865665,6.374510327659145e-06,768,0.004434800885307466,0.0001050575550319114,768,0.05260807945963577,0.0013086311294086665,768
21,19,0.0010025205213659333,1.375199614297975e-06,768,0.0005756889565011,1.4251949887430134e-05,768,0.04268251524299177,0.0010657332074997,768
21,20,0.0020933574498568,2.871546570898271e-06,768,0.0002937568355427667,6.8921335783875964e-06,768,0.057163525854103135,0.0013212709911007,768
21,21,0.0004922530211014333,6.752441988647095e-07,768,0.0013885628239173001,3.373929509590742e-05,768,0.0117979701658607,0.00024777792524196667,768
21,22,0.0010733760589817,1.4723951428021705e-06,768,0.0071982652818635,0.00017554372945523334,768,0.0188872374668136,0.00040054775566616664,768
21,23,0.002794151900224233,3.832855824677818e-06,768,0.001955248578232,4.9404522137428776e-05,768,0.02933792829296063,0.0005828847802998334,768
21,24,0.0006906222225521334,9.473555881415989e-07,768,0.0031848540268105004,7.80683362831156e-05,768,0.004557356675540333,0.00010479179652964607,768
21,25,0.0011417602884741334,1.5662006716759727e-06,768,0.005918268337876933,0.00014928677402093336,768,0.011577117667843065,0.0002642074307371333,768
21,26,0.00046221180551203335,6.340353984327145e-07,768,0.0012498574784649999,3.181077423274262e-05,768,0.012991215205794,0.0002676347921752,768
21,27,0.00045890732150920006,6.29502497554256e-07,768,0.0033926785153915,8.171231736123681e-05,768,0.0158375951320669,0.00036282449767273335,768
22,0,0.0011685903442322666,1.6030045878202635e-06,768,0.0009087095610478,2.2003191998235205e-05,768,0.03530309677684796,0.0009050718641182668,768
22,1,0.0009766153982405667,1.3396644687692636e-06,768,0.0029453335167867003,7.134542988700939e-05,768,0.02002974395342483,0.0004725258974247667,768
22,2,0.0014712006657570003,2.0181079152674767e-06,768,0.00041146950798229997,1.0076010344622577e-05,768,0.0546109249327481,0.0012968341794221665,768
22,3,0.0010084211445806667,1.3832937518074213e-06,768,0.0027344277308426336,6.996383693738673e-05,768,0.0548394743029992,0.0012757862883706666,768
22,4,0.0003525716174633667,4.836373359621608e-07,768,0.002097534611565933,4.952004473524526e-05,768,0.028975204954466968,0.0006978199751820666,768
22,5,0.0011215278505131,1.5384469793848585e-06,768,0.0020726537611738334,5.0227556910814826e-05,768,0.1113392012642767,0.0026173234970862,768
22,6,0.0005902533958097,8.096754413473196e-07,768,0.002739910310214467,6.756466199503777e-05,768,0.0285437066561466,0.0006504391788133666,768
22,7,0.0009058750311915334,1.2426269255234705e-06,768,0.0024388799199108334,6.152033272692452e-05,768,0.008309781270156634,0.00017175474646523333,768
22,8,0.0013772212442884999,1.889192372343595e-06,768,0.0016851743015421333,4.104181809753681e-05,768,0.0200044867165919,0.00047626040612853336,768
22,9,0.0010084400889682334,1.3833197392961484e-06,768,0.0015079456163912001,3.8045519117124726e-05,768,0.009038248844741234,0.00020918153225130002,768
22,10,0.0003592484538600333,4.927962325448624e-07,768,0.0006076774931831665,1.489989381140792e-05,768,0.0069471949969971344,0.00013568296239546346,768
22,11,0.0002859228551174,3.9221242139303995e-07,768,0.0007494901350172333,1.826134742899446e-05,768,0.006293714858424,0.000145668732738,768
22,12,0.0006741953974084334,9.248222170741678e-07,768,0.0013730892253332333,3.365796641496601e-05,768,0.006498909610301667,0.00016150581136896216,768
22,13,0.0009939173926999333,1.3633983476918122e-06,768,0.0023198055325275,5.522863171708003e-05,768,0.023361202738233968,0.0005354104145799999,768
22,14,0.0008088374113670334,1.1095163403985575e-06,768,0.004390032517219267,0.0001080885600584,768,0.007447668962228667,0.0001508947633545896,768
22,15,0.0009948469337612332,1.3646734332238722e-06,768,0.0022464100347463667,6.082061322312815e-05,768,0.0027483139397484666,7.36246793266924e-05,768
22,16,0.0012794965453564334,1.755139291774137e-06,768,0.0015472990490177667,3.874607244551872e-05,768,0.010619093211066834,0.0002543225694324,768
22,17,0.0006942905554639667,9.523875937061994e-07,768,0.0021042106492941332,5.0046331835183255e-05,768,0.004195226358313267,9.466888092764634e-05,768
22,18,0.0008097301999055668,1.1107410146793627e-06,768,0.002698129483359067,6.545511015868758e-05,768,0.0066198042637092,0.0001565170341087,768
22,19,0.0005692835032696667,7.809101553203895e-07,768,0.0035054147979961332,8.232693824907721e-05,768,0.003549906640386867,7.829667124116314e-05,768
22,20,0.0013018720836728333,1.7858327628453238e-06,768,0.002961638860532133,7.465012537119971e-05,768,0.013853374696237064,0.00031033985745803337,768
22,21,0.0005550472344009668,7.613816645278375e-07,768,0.0012960000391903333,3.3507210146046434e-05,768,0.02229698493050113,0.0005287936059680333,768
22,22,0.00019294343079108247,2.646686297682341e-07,768,0.0016900479900959664,4.092874208543503e-05,768,0.0050109553999968,8.855527715877715e-05,768
22,23,0.0013041386922562333,1.7889419645547866e-06,768,0.002282640132174,5.743398656498274e-05,768,0.017151538761960166,0.0004181732801405333,768
22,24,0.0012049804648465664,1.6529224483477394e-06,768,0.0038658985540180007,9.002608125563823e-05,768,0.03086338973190546,0.0007798118822012334,768
22,25,0.0016731084783114334,2.2950733561932575e-06,768,0.003891847776406067,9.614520695114963e-05,768,0.0679600514583095,0.0017480188383461664,768
22,26,0.0005391721892965667,7.39605197199175e-07,768,0.001937175300737,4.630131774888945e-05,768,0.021805534139446036,0.0005400947240230333,768
22,27,0.0012020167519833,1.6488570018032174e-06,768,0.001856185277791367,4.471824895656747e-05,768,0.016801037344085466,0.00040592341454756667,768
23,0,0.0012664923881076668,1.7373009390017913e-06,768,0.0035924403410032666,9.328448772659899e-05,768,0.0050947001430294665,0.0001284915435685273,768
23,1,0.0012392457880896668,1.6999256414984623e-06,768,0.0034122918042011666,8.512331060169892e-05,768,0.004357025958994333,9.389092306955834e-05,768
23,2,0.0009640577596493999,1.3224386265887342e-06,768,0.0026174589606302,6.547536055850668e-05,768,0.0031522083394462997,7.673975268137946e-05,768
23,3,0.0007521156082247334,1.0317086531939305e-06,768,0.005651537189753667,0.00013517256006162406,768,0.0036437109431333332,7.516433887198707e-05,768
23,4,0.0007469094910530667,1.0245671985463277e-06,768,0.0021926717778187666,5.917526252033766e-05,768,0.004263356669054734,0.0001153616836201272,768
23,5,0.0003645864508972,5.0011858875737e-07,768,0.0012943758996618667,3.111331205195531e-05,768,0.0051581231772175,0.00011410166947292715,768
23,6,0.0016925027937469998,2.321677353715514e-06,768,0.004789759452259234,0.00013054366640573493,768,0.006040410354940966,0.00015457508880028465,768
23,7,0.0016344296097265335,2.242015922486448e-06,768,0.0005726832333636,1.392028538640839e-05,768,0.011790292224569933,0.00024301746427356666,768
23,8,0.0036149499670780666,4.958779106953796e-06,768,0.0038936355659159997,9.640752985491306e-05,768,0.024937122329793237,0.0005804595141212333,768
23,9,0.0018657576605957,2.5593383560423267e-06,768,0.0019406267068215,4.5777153234246214e-05,768,0.03922694021476986,0.0008869002325612002,768
23,10,0.0060201749179714,8.258127451280388e-06,768,0.0004938488757188,1.2612462812577422e-05,768,0.08310907729381253,0.0021621602722874003,768
23,11,0.0017026338023318332,2.3355744928440047e-06,768,0.0035190495954430666,8.461085142825238e-05,768,0.018284226243582165,0.00044357339683386666,768
23,12,0.0007017448283065,9.626129306941954e-07,768,0.0017640637438675999,4.136181823545584e-05,768,0.007100474813461433,0.00016537723752163333,768
23,13,0.0012113470144916334,1.6616557053363331e-06,768,0.0026002856521070996,6.057952584055195e-05,768,0.0129385855620031,0.0002991572004504667,768
23,14,0.0007663766843821999,1.0512711710334323e-06,768,0.0008404075136258,1.962883574221832e-05,768,0.0051810189695681,0.00011112930162009685,768
23,15,0.0011805232563168,1.619373465264369e-06,768,0.0016250060569632334,4.1322737746314155e-05,768,0.008975995523732834,0.00020968668253606667,768
23,16,0.002170944297853033,2.9779757185786327e-06,768,0.0012835620362354665,3.075020811150788e-05,768,0.008212726194912466,0.0001848846553761,768
23,17,0.004381761324261767,6.010646510090269e-06,768,0.002782914855781133,7.08798089579392e-05,768,0.019401998441116033,0.0004883752003205999,768
23,18,0.0009320949575916667,1.2785939075937783e-06,768,0.0017664739571529667,4.081248025581257e-05,768,0.0109615052467546,0.00025697610844783336,768
23,19,0.0013822090370818,1.8960343462955436e-06,768,0.0011227375232926667,2.6560872773487287e-05,768,0.007405588434144933,0.00017692383523566668,768
23,20,0.0036603113163208,5.021003189782658e-06,768,0.003201037339678333,7.887671388797506e-05,768,0.023381361037858466,0.0005608185463125,768
23,21,0.0012754685042165666,1.7496138616903926e-06,768,0.0031687564567748332,8.437456689947047e-05,768,0.023750227172892335,0.0005840321406587666,768
23,22,0.0022554631352725003,3.093913774297278e-06,768,0.0009189219710182666,2.424594227847544e-05,768,0.017896457879345403,0.0004154063239569334,768
23,23,0.0012496101667509002,1.7141428852752532e-06,768,0.0017037491153439333,4.433413189739322e-05,768,0.011589892523611834,0.0002731328342194333,768
23,24,0.0009989452061212334,1.3702952032986864e-06,768,0.0017265652426360666,4.487149710176282e-05,768,0.016539988361084067,0.0003974670869061,768
23,25,0.0022592671543494,3.0991318989476795e-06,768,0.006331279203630833,0.00016654659472272352,768,0.047292970878757466,0.0010235857357289333,768
23,26,0.0006363094390308666,8.728524553471931e-07,768,0.0016387781148595668,4.311187530409618e-05,768,0.015475936815900967,0.0003804487669538667,768
23,27,0.0016531509134205,2.2676967241728094e-06,768,0.0006571414596318667,1.6710066885024938e-05,768,0.041518145746361264,0.0010171134601134667,768
24,0,0.0066214600038942,9.082935517009302e-06,768,0.006157317514602367,0.0001600903970684842,768,0.011380416939743234,0.00027019519969776666,768
24,1,0.0021486174758707332,2.947349073616906e-06,768,0.0003339133313533667,8.2729152992558e-06,768,0.029142226556459105,0.0006835424082671333,768
24,2,0.0020239392617682,2.776322712355913e-06,768,0.0028696418580465336,7.685891953689144e-05,768,0.013197570823434,0.00026301088858849997,768
24,3,0.003908745611993167,5.361790956879009e-06,768,0.0008202383696389666,1.9982677571574643e-05,768,0.0365071164994219,0.0008796824450163334,768
24,4,0.00041582654638493334,5.704067851824458e-07,768,0.00023205061723959998,5.591723555927227e-06,768,0.006195457222863333,0.0001111149089806188,768
24,5,0.0014528657914999333,1.992957192041514e-06,768,0.0010354634372496333,2.625399756862416e-05,768,0.018953763744680833,0.0004374472536429333,768
24,6,0.0014266242053393,1.956960503009383e-06,768,0.00047904725525750006,1.1938740615595583e-05,768,0.004171747230875733,0.000101066593589066,768
24,7,0.0009394765073154333,1.2887194871743074e-06,768,0.0009932664344370333,2.477686591888482e-05,768,0.012566732571306902,0.0002971694811509399,768
24,8,0.0007623724712390667,1.0457784248565207e-06,768,0.0014489029584284668,3.7305831668387725e-05,768,0.0151634105002003,0.0002843716538020536,768
24,9,0.0008761590940835,1.2018643227960691e-06,768,0.0015866481542893666,4.082832623466456e-05,768,0.0025510085510419,6.025438830147648e-05,768
24,10,0.0005522509900015,7.575459402173248e-07,768,0.0017546028835762333,4.221846450413001e-05,768,0.008858885207054301,0.00020853574690888393,768
24,11,0.0011248570415681666,1.543013775174442e-06,768,0.004723207033375533,0.00012385753367554148,768,0.018874652037669134,0.00046670869742449996,768
24,12,0.0018576692139232666,2.548243083561674e-06,768,0.0025907565038180333,6.668177372223343e-05,768,0.005284518632787834,0.00011884660462973966,768
24,13,0.0004861902573201667,6.669276508249403e-07,768,0.005312488335813766,0.00014286924255846136,768,0.015380179599344934,0.0002538066512655,768
24,14,0.0008241760582109333,1.1305570115940505e-06,768,0.004373474303007367,0.00011655968756290592,768,0.016147165279331663,0.0004332571731032,768
24,15,0.0010905854490547001,1.4960019906193219e-06,768,0.0013748579379845333,3.445237732494291e-05,768,0.005825333849399366,0.00014218993128661646,768
24,16,0.0003912732357856667,5.367259752398243e-07,768,0.00047475111966280005,1.148641672562009e-05,768,0.006932022227995633,0.00013879972190003332,768
24,17,0.0005289464886319334,7.255781735986014e-07,768,0.0018653860908776,4.732981953024911e-05,768,0.006444497208526867,0.00016104627521316666,768
24,18,0.002635228293668667,3.6148536229334977e-06,768,0.00041717688805639996,1.0529038194276886e-05,768,0.0086125898011578,0.00019112947215586666,768
24,19,0.0005205350899509001,7.140399046870154e-07,768,0.0015354915784137,3.849748068808732e-05,768,0.003651395221314533,8.857866432526696e-05,768
24,20,0.0005517227843504333,7.568213785575945e-07,768,0.0009131099116022999,2.250160293281016e-05,768,0.012004815218122434,0.00029883979586073334,768
24,21,0.002141710095337667,2.937873935856429e-06,768,0.004384354726259233,0.00010956392095467033,768,0.055995808024817934,0.0014195431316353334,768
24,22,0.0008139646643699999,1.1165496062665384e-06,768,0.0007163386478729333,1.7123524979647392e-05,768,0.047514608276496,0.0012056507189202334,768
24,23,0.0012739287536357332,1.7475017199841752e-06,768,0.0022413296135876666,5.4584734953666093e-05,768,0.0139721794793293,0.00035410850919713336,768
24,24,0.003051230023337633,4.185500712726789e-06,768,0.002620806850391167,6.169848977075297e-05,768,0.06809023679731274,0.0017616865446823664,768
24,25,0.0010845066148379332,1.4876633967049323e-06,768,0.0019634659141348,4.9305090984920474e-05,768,0.016135764111846567,0.00039664032448336674,768
24,26,0.0008235315107515667,1.1296728572876006e-06,768,0.0027020208336508,6.651414508811221e-05,768,0.0934420719768051,0.0024127308094800334,768
24,27,0.0011453419511993667,1.5711137881657818e-06,768,0.0011873360041892665,2.93361359558129e-05,768,0.06879747616941734,0.0017902854499854334,768
25,0,0.00032385108980853333,4.4424017676286155e-07,768,0.0005673610493266667,1.3683091246089832e-05,768,0.006119033695028899,0.00012960089054652577,768
25,1,0.0004439201496093666,6.089439629422053e-07,768,0.0005620358143636,1.3756380751163422e-05,768,0.0129425788507641,0.0002318830847678333,768
25,2,0.0007828147845831333,1.0738200043524868e-06,768,0.0002320738995034,5.651292848450386e-06,768,0.032814688646984266,0.0005371215575009,768
25,3,0.0004308247867946667,5.909805034877479e-07,768,0.0007094549802204999,1.6452877402750993e-05,768,0.006397642288835166,0.00013176223180833333,768
25,4,0.0022499007007574334,3.0862835378596583e-06,768,0.00048628849556483334,1.190695698262007e-05,768,0.0248482214231617,0.0005032889069111,768
25,5,0.00038011287194993337,5.214168328043835e-07,768,0.0005212027158430334,1.294539950240977e-05,768,0.005482284348060967,0.00011327220158832353,768
25,6,0.00040404320137169995,5.54243073756557e-07,768,0.0003000782136348,7.091565961321947e-06,768,0.005226087348786333,0.00011781671776402512,768
25,7,0.00077574691866,1.0641247150199068e-06,768,0.0019070191594423667,4.5552336678642925e-05,768,0.0067033507328672,0.00015808127125196665,768
25,8,0.0009504364065219666,1.3037536437933023e-06,768,0.0024473433749532332,6.211259948059409e-05,768,0.011715220308219634,0.0002962754897845,768
25,9,0.0006364845501429,8.730926610054814e-07,768,0.0015884227945533334,3.80085670089308e-05,768,0.010814254262748,0.0002711579466651,768
25,10,0.0008645350021881334,1.185919068677618e-06,768,0.0021227177779631003,5.275813768578578e-05,768,0.020873395761443602,0.0004946974984238333,768
25,11,0.0007886978958894668,1.0818901150747632e-06,768,0.0028653274295156335,6.853671838629706e-05,768,0.007211513918889467,0.00016497263139856667,768
25,12,0.0009940629570637332,1.3635980206772697e-06,768,0.0026644686108706003,6.328045679701577e-05,768,0.0098812763301374,0.00024031040770466667,768
25,13,0.0012971031265634667,1.7792909815028564e-06,768,0.004938860039023466,0.00013262918417967752,768,0.0338785499588141,0.0008314521229474667,768
25,14,0.0013033043555917,1.7877974673628898e-06,768,0.00034079558157676664,8.891241961106282e-06,768,0.016481692554092268,0.00037631991600523327,768
25,15,0.0025517907306961004,3.500398807505569e-06,768,0.0018167621787045334,4.5706351387393825e-05,768,0.06315276863701526,0.0015410519345924667,768
25,16,0.002836055534180733,3.890336812651871e-06,768,0.0009298653103438,2.370831584537694e-05,768,0.009928912445189968,0.00024086793272083334,768
25,17,0.0013938124511234,1.9119512375296295e-06,768,0.0016221876901287332,3.906277832430729e-05,768,0.018417508431035335,0.00037607808396273337,768
25,18,0.0020289624355313667,2.783213216100283e-06,768,0.00036868871929953334,9.069058365227442e-06,768,0.042949502596385934,0.0009917221506975,768
25,19,0.0016050041660981666,2.2016518090054935e-06,768,0.0009377307436703666,2.4800071844033208e-05,768,0.014514455882192532,0.0003376988887466667,768
25,20,0.0043139691394197,5.917653132131671e-06,768,0.0031833078275944338,7.600727634301391e-05,768,0.05857508323373389,0.0012747886128680332,768
25,21,0.0006330923775181333,8.684394737477636e-07,768,0.000609787808663,1.53275955309858e-05,768,0.0028812978085680334,6.682459874018942e-05,768
25,22,0.0020758566798786,2.8475400291413182e-06,768,0.0006583384507794,1.5768500294701417e-05,768,0.005373920308096267,0.00011388785739533545,768
25,23,0.0006261457159924332,8.589104485898485e-07,768,0.0012614687127436668,2.9567086110624436e-05,768,0.005587307197734666,0.00013587355984847664,768
25,24,0.0050371775040325,6.909708501270928e-06,768,0.005060626824608467,0.0001257665140289383,768,0.039732670005453934,0.0009539850597494,768
25,25,0.0010999338647766667,1.5088256068568238e-06,768,0.0030248376623655663,7.34703561227352e-05,768,0.019532229055556564,0.0004578141709274,768
25,26,0.0025154991642797665,3.4506161460278644e-06,768,0.0013833182752141333,3.5712624091935784e-05,768,0.013063798535820065,0.0002943163714386,768
25,27,0.0006611064989702001,9.068676259168842e-07,768,0.0005984505973358,1.4567437960043861e-05,768,0.0049529199918894335,0.00010119865991950671,768
26,0,0.0013276618332407665,1.8212096506208784e-06,768,0.006615786466555266,0.000167425674379271,768,0.023951535383724534,0.0006052531564945,768
26,1,0.0006221986219668334,8.534960538600121e-07,768,0.0017344946576361667,4.134299257378451e-05,768,0.007530478964481067,0.0001891519319252019,768
26,2,0.0006116778558653333,8.390642742632854e-07,768,0.002858649729458733,6.555777330248073e-05,768,0.013322561470587066,0.0003303088988108439,768
26,3,0.0009040782932181667,1.2401622673276665e-06,768,0.0036819372526961333,9.571344949240456e-05,768,0.0181240359432465,0.0004965383398962667,768
26,4,0.0005280805097730999,7.243902738399895e-07,768,0.0021464951956290997,4.755314495443035e-05,768,0.007937916084989532,0.00017781415978496669,768
26,5,0.0003940407705887,5.405223194190264e-07,768,0.0017402117904303334,4.198017229708797e-05,768,0.0051424455521917,0.00010644602480491419,768
26,6,0.0004822793370025333,6.615628775289602e-07,768,0.0024987096464104334,6.240811991502342e-05,768,0.0090511355773609,0.00022120839026893333,768
26,7,0.003670371582725067,5.034803285038428e-06,768,0.009273007629429201,0.0002369885953281,768,0.03629371698489566,0.0007307000325913332,768
26,8,0.030701821463892966,4.211498144453957e-05,768,0.002276911871563833,5.3291128333362324e-05,768,0.04449790367083506,0.0009939892576438334,768
26,9,0.0034986539417747337,4.799250948201791e-06,768,0.008059453944826532,0.0002073862267266333,768,0.018595962899250133,0.00040408890371213327,768
26,10,0.0019532220943742668,2.6793170025135103e-06,768,0.007233301484146601,0.0001806187302878321,768,0.0044203692679331665,9.199604077031883e-05,768
26,11,0.012323169490822234,1.690421052417031e-05,768,0.0022355380168340667,5.374501470185866e-05,768,0.03511538362775463,0.0007947290880054334,768
26,12,0.004330886899589667,5.940859960127266e-06,768,0.017904351661371703,0.0004624385851521187,768,0.02990404373158617,0.0006712138798698333,768
26,13,0.0010895925499189,1.4946399862577422e-06,768,0.005150713323686734,0.00012927150629859956,768,0.008650491288462568,0.0001777327396236752,768
26,14,0.0009282560683722667,1.2733279445358073e-06,768,0.002541543738626133,6.357487093109372e-05,768,0.013996300952683734,0.00032431966987143333,768
26,15,0.0005235381690665334,7.18159352113782e-07,768,0.002968633552894033,7.549918980221384e-05,768,0.010616574446977667,0.00021512402635533333,768
26,16,0.0005115198530201999,7.016733241220586e-07,768,0.0023127324750056664,5.639205726067018e-05,768,0.020151026177626798,0.00045358260357113335,768
26,17,0.0009219991588410334,1.2647450770940502e-06,768,0.0042533851658425334,0.00010288981251985726,768,0.01807544985751613,0.0004412869874724,768
26,18,0.0006091966297848666,8.356606702909283e-07,768,0.0024572254096938335,5.9332187940703704e-05,768,0.012618062615008334,0.0003349313010021569,768
26,19,0.0006419298423025001,8.805621991983421e-07,768,0.002830808953520767,7.346671356849191e-05,768,0.013992939234120367,0.0003467859370405667,768
26,20,0.0009451716407811333,1.2965317439845153e-06,768,0.0010333808575191665,2.5261464190905424e-05,768,0.003931638587214733,8.359465435073497e-05,768
26,21,0.0020612636867829,2.8275222063937466e-06,768,0.0038077370234834667,0.0001016005712819865,768,0.029654605812131234,0.0005536691225371001,768
26,22,0.0020500702823531666,2.8121677461990244e-06,768,0.001263719926121,3.168181159907251e-05,768,0.08983465337819511,0.0019925091066204333,768
26,23,0.0013180024919282,1.8079595248073471e-06,768,0.0021503581460961666,5.130484655129867e-05,768,0.012776884535198799,0.0003086235352968666,768
26,24,0.0011971229892623,1.6421440171913067e-06,768,0.0032068283054610667,7.424269036261213e-05,768,0.022558526466463964,0.0004887534038578667,768
26,25,0.0030123162367310004,4.132121042491286e-06,768,0.0016699976749328,4.114172986565782e-05,768,0.0207563307021227,0.0004069684871749,768
26,26,0.0009991693943878666,1.3706027389820928e-06,768,0.0012865005954396,3.1049331476772544e-05,768,0.0285861956758329,0.0006431499496399,768
26,27,0.007519558587650468,1.0314895194692373e-05,768,0.0020088663370145332,5.235526893139266e-05,768,0.023111036293280734,0.0005008011477643334,768
27,0,0.0,0.0,768,0.0009378520808674,2.4172470449972925e-05,768,0.0086533933006407,0.00020171196395756666,768
27,1,0.0,0.0,768,0.0021587951872956003,5.1093807636644804e-05,768,0.0094924459289897,0.00024688749399776223,768
27,2,0.0,0.0,768,0.002999802242823533,7.146111194319993e-05,768,0.012532082318998002,0.00030290268622236666,768
27,3,0.0,0.0,768,0.004157219923477933,0.00011054536613337724,768,0.026438723077526732,0.0007271933090754666,768
27,4,0.0,0.0,768,0.0030235721861890997,7.443650236467825e-05,768,0.023113308058067102,0.0006180911650950666,768
27,5,0.0,0.0,768,0.002765401946352134,6.925552471367148e-05,768,0.0125461066496145,0.0003256095583668666,768
27,6,0.0,0.0,768,0.0019003789479899666,4.713943895032676e-05,768,0.02567557662614677,0.00055082962045,768
27,7,0.0,0.0,768,0.003509934219090733,8.387577034428389e-05,768,0.04005808415322076,0.0009864010444645666,768
27,8,0.0,0.0,768,0.0039396477132402335,0.00010242640238208651,768,0.040271120615779865,0.0009505752173743,768
27,9,0.0,0.0,768,0.021842419821235567,0.0005976962665076333,768,0.050073861956159704,0.0009848211056920333,768
27,10,0.0,0.0,768,0.0034507093067384664,9.326630586426376e-05,768,0.05952549065220103,0.0014727049660104,768
27,11,0.0,0.0,768,0.0013587048481377333,3.39733889467582e-05,768,0.04086403051288317,0.0009667767635582334,768
27,12,0.0,0.0,768,0.005694883448359233,0.00015294829682069297,768,0.10747267845468393,0.0024493659464652,768
27,13,0.0,0.0,768,0.0034661224361753336,9.057495290812672e-05,768,0.06249402720000791,0.0015502469110503334,768
27,14,0.0,0.0,768,0.0026238313946647996,6.205496743287343e-05,768,0.014912524581230666,0.0003626659948249334,768
27,15,0.0,0.0,768,0.0023630812506864663,5.8429851990386986e-05,768,0.0129761884897643,0.00033593169692306665,768
27,16,0.0,0.0,768,0.010129864276551668,0.0002555446364149892,768,0.04892451489999883,0.0010266173227773668,768
27,17,0.0,0.0,768,0.0029703035008321666,7.075784868609131e-05,768,0.023619361992960067,0.0006191814447866333,768
27,18,0.0,0.0,768,0.0016442632506067998,3.979343792372599e-05,768,0.0079206039726192,0.0002018161958869065,768
27,19,0.0,0.0,768,0.0023654169619796,5.8575046393640036e-05,768,0.021466688902250966,0.0005437308127767334,768
27,20,0.0,0.0,768,0.0012098684866817333,2.813260656534672e-05,768,0.0076333415877685995,0.0001811927717252,768
27,21,0.0,0.0,768,0.004639450191173533,0.00011466727317318411,768,0.027627829926757334,0.0006357112915159,768
27,22,0.0,0.0,768,0.0032676778280974,8.277920173745797e-05,768,0.026603957102385768,0.0006826157393343,768
27,23,0.0,0.0,768,0.0051321909625781335,0.00012746047256222766,768,0.027088543613200938,0.0006802151057206667,768
27,24,0.0,0.0,768,0.010713874299753434,0.00026493589055209533,768,0.032552296383215634,0.0008083349479118333,768
27,25,0.0,0.0,768,0.0036003243017633663,9.30217731597967e-05,768,0.0177847142448115,0.00043297241873480004,768
27,26,0.0,0.0,768,0.0038953521941818997,9.964124237317076e-05,768,0.019460963144534067,0.00039649811713986667,768
27,27,0.0,0.0,768,0.003463433433005,8.46950235236364e-05,768,0.01815725065612143,0.00043042511789756667,768
