layer,head,taylor_v2v_abs_mean,taylor_v2v_abs_mean_pq,taylor_v2v_count,taylor_t2v_abs_mean,taylor_t2v_abs_mean_pq,taylor_t2v_count,taylor_t2t_abs_mean,taylor_t2t_abs_mean_pq,taylor_t2t_count
0,0,0.0018103006559528209,2.483265647661603e-06,3584,0.012290916570197456,0.00039933547734111245,3584,0.01982782698604119,0.0006808216444908374,3584
0,1,0.0015351207017030126,2.1057897138618053e-06,3584,0.005114629396973563,0.00017124505342232038,3584,0.020591608097863753,0.0005978126878813167,3584
0,2,0.0016555551681421167,2.270994744202712e-06,3584,0.007131061825776629,0.00023640117669306278,3584,0.020639821831981302,0.0006394174159423249,3584
0,3,0.0035467665529488913,4.865249044747595e-06,3584,0.012936493396977423,0.00043229642070144995,3584,0.10349728883244412,0.003121711867548229,3584
0,4,0.0014268283494402708,1.957240535860595e-06,3584,0.01171016687914339,0.00038276107035862443,3584,0.011472296764542344,0.0003496107738650567,3584
0,5,0.0018506386528376623,2.5385989764538307e-06,3584,0.00517389980417788,0.00016594800387178467,3584,0.07389620124940986,0.001958396716098258,3584
0,6,0.0026884309959063876,3.6878340150446576e-06,3584,0.0034892718181521788,0.00011806342512703438,3584,0.06788487783843905,0.0021204486284003956,3584
0,7,0.0023208290128350754,3.1835788916507073e-06,3584,0.0030392431926129664,0.00010465291841305366,3584,0.07578902477873485,0.002482216432922142,3584
0,8,0.0015024568605452625,2.060983347857124e-06,3584,0.0032897608816469374,0.00010839738437709179,3584,0.01961278323260317,0.0005930556515348876,3584
0,9,0.0013157481517257416,1.8048671507922104e-06,3584,0.004090407531971663,0.00013262735785646212,3584,0.011655029791181729,0.00032878812451272104,3584
0,10,0.002977622675563425,4.084530412387931e-06,3584,0.0046895257393948075,0.00015058083749781785,3584,0.09151492766640212,0.002887535149961071,3584
0,11,0.0013375700375646664,1.834801149212988e-06,3584,0.0028285600407868664,9.662542780284564e-05,3584,0.020472945456073064,0.0006022653220002167,3584
0,12,0.0014432396966100665,1.979752666384389e-06,3584,0.003316927420649117,0.00011125883554657209,3584,0.01147929340577467,0.00036973798030332915,3584
0,13,0.0012735527774407208,1.7469859737573876e-06,3584,0.003878612978223842,0.0001312693751903448,3584,0.01926257472124668,0.0004972355960486958,3584
0,14,0.007578038254438868,1.0395114200027235e-05,3584,0.055089334419256536,0.0017615260602569457,3584,0.024294789941740655,0.0006610611072113125,3584
0,15,0.007875082235996507,1.0802581940497558e-05,3584,0.01460852214594044,0.0005027657696946374,3584,0.1223245647863269,0.003599890425163371,3584
0,16,0.008251657714683865,1.131914637494081e-05,3584,0.023201392409399908,0.0007942358389247,3584,0.07351749292536915,0.002198186412616008,3584
0,17,0.0071018320351696335,9.741882099987035e-06,3584,0.02618801324434739,0.0009174967577428874,3584,0.04843741780937666,0.0014202753482038168,3584
0,18,0.007751428884503184,1.0632961423063343e-05,3584,0.03556134787632217,0.0011690881576958334,3584,0.039788688552987346,0.0011478248498802792,3584
0,19,0.009787978316879095,1.3426582072903823e-05,3584,0.05364457056163088,0.001744833985096975,3584,0.030894716661331853,0.0008532691896686291,3584
0,20,0.0060327608091970955,8.275392056723393e-06,3584,0.02058781263925419,0.000699731532148825,3584,0.060528501259880636,0.0018289920481286165,3584
0,21,0.004875086234129062,6.687361090386798e-06,3584,0.0096065457932211,0.0003224281214915624,3584,0.05415947583281519,0.0015977389096168582,3584
0,22,0.005491445164169354,7.532846593927674e-06,3584,0.03927788296557476,0.0011515992385868292,3584,0.008580914418428747,0.0002390580196051787,3584
0,23,0.009131363262807182,1.25258755478657e-05,3584,0.014939535819140823,0.0005002018617574375,3584,0.030576056560884746,0.0009631230806001792,3584
0,24,0.00854422042334701,1.1720466978876464e-05,3584,0.015216754612646518,0.0005146110267645916,3584,0.029669251526731708,0.0009157310902526543,3584
0,25,0.004532387143817671,6.2172663155321074e-06,3584,0.01691428089767834,0.0005726071955373667,3584,0.018685089902123215,0.0005775808175708749,3584
0,26,0.010254425779911803,1.4066427677467187e-05,3584,0.01417055493467285,0.00047401178284364997,3584,0.043006252912745464,0.001312841005018971,3584
0,27,0.004603099090868838,6.314264875927593e-06,3584,0.017472893866554946,0.0005863772553417375,3584,0.019644399515061566,0.0006000116581981583,3584
1,0,0.0027379006529102416,3.755693629756585e-06,3584,0.004840274735853204,0.00016685845175807364,3584,0.025335005773252456,0.0007799587495049917,3584
1,1,0.004705661760338963,6.454954402782574e-06,3584,0.014428628596711903,0.0004391095038750457,3584,0.00674428378518747,0.00020846915559650213,3584
1,2,0.0029117471844365248,3.994166231290424e-06,3584,0.014106460362072632,0.0004964138725147834,3584,0.012888914627136564,0.0003945681602031459,3584
1,3,0.0024927005679047415,3.419342336191876e-06,3584,0.004657650632578942,0.0001619017450035248,3584,0.022691810818081023,0.0006628250292426041,3584
1,4,0.003014726910573333,4.135427865039381e-06,3584,0.008141427952895072,0.0002734915938750083,3584,0.02634998169514684,0.0007148317640850624,3584
1,5,0.0033392418336990752,4.58057864951149e-06,3584,0.006863152300433308,0.0002320779502717167,3584,0.02056405498522983,0.0006790382341583333,3584
1,6,0.0017029883622081082,2.3360608496457285e-06,3584,0.017295638563234,0.0005287727797608583,3584,0.005681000009694025,0.00017647491369316296,3584
1,7,0.001942822511902504,2.6650514553975014e-06,3584,0.005458551045785929,0.00016994422700858857,3584,0.012900171456748597,0.0004111705848571833,3584
1,8,0.006934137819024866,9.511848841492563e-06,3584,0.009364521672766838,0.0003089682534471459,3584,0.02719023162431328,0.0008224033009762793,3584
1,9,0.0026753980787236876,3.669956212135581e-06,3584,0.0039007542840808706,0.0001359321365321427,3584,0.006886608115557471,0.0002196035985609641,3584
1,10,0.002075955110857088,2.8476750462395064e-06,3584,0.0010083623097657875,3.283747560994528e-05,3584,0.041090862063967934,0.0012574238257916457,3584
1,11,0.0016375906295874748,2.2463520273809886e-06,3584,0.0017067616831684207,5.632764845126036e-05,3584,0.016843227613402834,0.0005497246827552375,3584
1,12,0.0020144379026838083,2.763289302805482e-06,3584,0.001098172900789429,3.61022275709016e-05,3584,0.01313422763729872,0.0004199628960064917,3584
1,13,0.0009506932891002041,1.3041060200758562e-06,3584,0.025749790243278836,0.0008316403832488208,3584,0.011799138798863315,0.00032988450910441234,3584
1,14,0.0013514479681758873,1.853838092696784e-06,3584,0.00244601576317605,7.754626629477655e-05,3584,0.011088804831980492,0.00035319049910384996,3584
1,15,0.001702363986503967,2.3352043715953345e-06,3584,0.0019300123617093333,6.33918050133348e-05,3584,0.03301661344766004,0.0009608264339484207,3584
1,16,0.0007977849098343251,1.0943551573946453e-06,3584,0.0022758999285930124,7.442816138563433e-05,3584,0.005962692541809621,0.00018224545336148858,3584
1,17,0.0012895203676838998,1.7688893947686354e-06,3584,0.0013705535867920041,4.5075228971189913e-05,3584,0.012707386521218644,0.000396194394488525,3584
1,18,0.0011747162921785374,1.6114078073937985e-06,3584,0.0031634823592463957,0.0001016357544317347,3584,0.007275852451115194,0.00022175525030757653,3584
1,19,0.0010961453928212584,1.5036287978907702e-06,3584,0.001936802288855296,6.531981414743973e-05,3584,0.02269979959512779,0.0006162517896676751,3584
1,20,0.0010137779535044666,1.3906419111343462e-06,3584,0.0016234686971455083,5.669121100122752e-05,3584,0.01360506606142318,0.00040461067136117094,3584
1,21,0.0008892850819156627,1.219869795910301e-06,3584,0.0022320506500596794,7.061209096872408e-05,3584,0.05938120370758807,0.0016590353017615208,3584
1,22,0.0013869554107598166,1.9025451465373148e-06,3584,0.005308269085874342,0.00017599886592214762,3584,0.009057856570085775,0.00029921359526182437,3584
1,23,0.001693643058526254,2.323241505250242e-06,3584,0.0018028675138560208,5.795008389614904e-05,3584,0.025063838396687205,0.0007371581504672375,3584
1,24,0.0015300948939498083,2.0988956032906816e-06,3584,0.002211174719836225,7.418805218973738e-05,3584,0.019060578742770777,0.000533697266803706,3584
1,25,0.0015741722097565624,2.1593583132414e-06,3584,0.0034260489530770206,0.00011542366496099764,3584,0.02157491034807887,0.0006197042691303459,3584
1,26,0.0021240851024078374,2.913696985994609e-06,3584,0.00688609294168853,0.00022085053209540008,3584,0.018953876357970006,0.0005495796903276967,3584
1,27,0.0010356951551363917,1.4207066598134842e-06,3584,0.0026675335744557878,8.821576657322697e-05,3584,0.014040681972573117,0.00040490791048127596,3584
2,0,0.004232424269039759,5.805794609786917e-06,3584,0.003356692468455725,0.00011480437178029506,3584,0.020992183860690853,0.0005911567168285895,3584
2,1,0.001893000273156217,2.5967081955850205e-06,3584,0.0030630080876955373,9.952400801639936e-05,3584,0.007809779971985682,0.0002492887840509404,3584
2,2,0.0025684955293470662,3.5233134788310462e-06,3584,0.002268954487398567,7.329793020478401e-05,3584,0.012459052323103422,0.00040447065208125,3584
2,3,0.0037801914468102494,5.185447800768596e-06,3584,0.0016892297108550957,5.513745517000015e-05,3584,0.013186165891436528,0.00041034427466549997,3584
2,4,0.003368728839178529,4.6210272104468934e-06,3584,0.0051016058022954535,0.00016571181622146262,3584,0.01030903687934555,0.00028910831824264306,3584
2,5,0.002182553817140371,2.993900988286123e-06,3584,0.0020269507727726376,6.899765740511767e-05,3584,0.010714593698683097,0.00034591983645352085,3584
2,6,0.004023494870637017,5.519197349862345e-06,3584,0.0022647217906538834,7.687264805503474e-05,3584,0.035014324361925385,0.0011008806389989586,3584
2,7,0.0016833347983650458,2.3091012314700507e-06,3584,0.0027010347436350122,9.499661942685216e-05,3584,0.013153000523981218,0.0004256827493450167,3584
2,8,0.0014741051537423128,2.0220921152151836e-06,3584,0.003244575363844905,0.0001120113379240712,3584,0.010671950308360718,0.00032634701870894997,3584
2,9,0.0022267545034299124,3.0545329280058773e-06,3584,0.004589615007285487,0.0001651461993323832,3584,0.02146378733732511,0.0006267276129286541,3584
2,10,0.0022976612595258876,3.1517987039748766e-06,3584,0.004091688659461926,0.00014325005984445232,3584,0.013710154443535063,0.0004479977325407085,3584
2,11,0.0012055312352255915,1.6536779630284628e-06,3584,0.003392789682820146,0.00011174413588436842,3584,0.011198959613826082,0.00035601695614087916,3584
2,12,0.0012626118943353457,1.731977905628272e-06,3584,0.0028157630281725374,9.485941989612218e-05,3584,0.013257430104516852,0.0004450763054866,3584
2,13,0.0016074764331664958,2.205043117098167e-06,3584,0.0031966598017161667,0.00010479799971117451,3584,0.011442193600948012,0.000379070465485425,3584
2,14,0.0023904854561791664,3.279129566054898e-06,3584,0.005582265302452087,0.00018973187338174939,3584,0.00853225640542486,0.0002485786381653151,3584
2,15,0.002152377607035283,2.9525070029360064e-06,3584,0.008478296586395895,0.00028776383796698336,3584,0.008757609854656203,0.0002678188746456321,3584
2,16,0.00223219023919865,3.061989354792076e-06,3584,0.004727702819837304,0.00015119322378199244,3584,0.019546406963120776,0.0005858314439312209,3584
2,17,0.002984859883979275,4.094458004943854e-06,3584,0.009620158721763162,0.000305521781784944,3584,0.007417596974063501,0.00024166589448478383,3584
2,18,0.002513864159266354,3.4483733315215675e-06,3584,0.007420799770715188,0.00024262023779712087,3584,0.00910021465891496,0.00026432648053879875,3584
2,19,0.0047351121269639165,6.495352709459364e-06,3584,0.005544322528423761,0.0001973548839437415,3584,0.00723929831943777,0.00022098354105046282,3584
2,20,0.004458684495251943,6.116165290544795e-06,3584,0.012703294753974552,0.0004127694521617166,3584,0.008196076152876782,0.00024503393321807364,3584
2,21,0.0017636610152594835,2.4192880867789057e-06,3584,0.0032355127301719167,0.00011044117948161686,3584,0.007482086143995394,0.00022771511671819842,3584
2,22,0.0016273175535669333,2.232260018741733e-06,3584,0.0041297653484961465,0.00013717607924106648,3584,0.016386364072081803,0.0004204720408875551,3584
2,23,0.0015959187850307002,2.1891890045575786e-06,3584,0.0029226733514555875,0.0001002048317697715,3584,0.015632056603335765,0.0004827558837713376,3584
2,24,0.001573312565312829,2.158179100952737e-06,3584,0.002876196659280767,9.883784421169941e-05,3584,0.009386364196247863,0.00027543575102212576,3584
2,25,0.001487776070910079,2.040845092048741e-06,3584,0.0035779462258186665,0.0001241940102087827,3584,0.018625966271607355,0.0005275859050294083,3584
2,26,0.0017560884524741415,2.408900484960719e-06,3584,0.008215901087528035,0.0002469145212479263,3584,0.016751725263477058,0.00044664286095487236,3584
2,27,0.001781720156955729,2.4440605731689658e-06,3584,0.0031429927776079505,0.00010916154906345417,3584,0.020200895836021544,0.0006364865683603167,3584
3,0,0.005478257575844033,7.514756616685208e-06,3584,0.003822522694705779,0.00012982819528884954,3584,0.007675260315362909,0.0002477238373001219,3584
3,1,0.0046155583988159036,6.331355828272952e-06,3584,0.0015654144514171086,5.298761329081592e-05,3584,0.029245469132022552,0.0009089725906963334,3584
3,2,0.0022793256494725122,3.1266469757088705e-06,3584,0.0013131494348400457,4.421087248965102e-05,3584,0.016185337427388844,0.0005511623986898542,3584
3,3,0.0018040588786883832,2.47470353946381e-06,3584,0.0015204153666218958,4.965167619943602e-05,3584,0.025551289711618606,0.0008136688622538916,3584
3,4,0.003404853254559525,4.670580584412219e-06,3584,0.0027139356115489835,9.091641293822263e-05,3584,0.014318900492429077,0.00047448258254045834,3584
3,5,0.004054633049386654,5.561910908038945e-06,3584,0.001730531265345308,5.893412359671959e-05,3584,0.01413167888860363,0.00044197549901160417,3584
3,6,0.0024501709170294287,3.361002636058386e-06,3584,0.0018363172011456998,6.131659365271414e-05,3584,0.014476925180296472,0.0004611270029114792,3584
3,7,0.005281604237955979,7.244998950853523e-06,3584,0.005126843408646658,0.00017641427463867718,3584,0.02383696048320098,0.0007508650391466,3584
3,8,0.0031401836435918664,4.307522139710971e-06,3584,0.011419968505926513,0.0004020316106149208,3584,0.006029514308884407,0.00017550426579858696,3584
3,9,0.003563121374419333,4.8876836352579e-06,3584,0.004605990499379668,0.00015766018220416065,3584,0.013346604042768356,0.0003941586342306458,3584
3,10,0.0049789339965626575,6.8298134424653485e-06,3584,0.0035450157942907537,0.0001169858884144111,3584,0.029107693805086963,0.0008175676034060708,3584
3,11,0.004912842349874138,6.73915274018878e-06,3584,0.006137746730494105,0.00020483910726775168,3584,0.013762526775796176,0.00039900652426499565,3584
3,12,0.004474062791204213,6.137260344873977e-06,3584,0.009376989137109847,0.0003255207830744208,3584,0.009229499746540712,0.0002877696234610618,3584
3,13,0.004513206859268446,6.1909559163843355e-06,3584,0.0072072254734777755,0.0002523785415587715,3584,0.020111946284802132,0.0005769584139166417,3584
3,14,0.003483065601380996,4.777867763483617e-06,3584,0.010293135522460828,0.0003549663177156042,3584,0.011860634549086485,0.00036498226081935377,3584
3,15,0.002894437215499438,3.970421419492654e-06,3584,0.0033678492483748042,0.00011358563015515523,3584,0.022967204310903735,0.0007046931772015332,3584
3,16,0.0016629380129565333,2.2811221057624496e-06,3584,0.003203176392508129,0.00010129544500427148,3584,0.015581758412673839,0.0004388882394682075,3584
3,17,0.0018819558585014627,2.581558103637624e-06,3584,0.0028496531772767915,9.406211888056377e-05,3584,0.01439775107269569,0.0004585840243355791,3584
3,18,0.002299144392356721,3.1538331824854224e-06,3584,0.006257076426251424,0.0002140386525849187,3584,0.010692383432246938,0.00033244005465257916,3584
3,19,0.004863261589487854,6.6711407325935426e-06,3584,0.011868420606862913,0.0004001118858502273,3584,0.01214580003982435,0.0003880202630394125,3584
3,20,0.004374081634777195,6.000111987520327e-06,3584,0.004482299439586429,0.00016124934106417574,3584,0.030586016932756196,0.0008111055525631749,3584
3,21,0.001537105776774429,2.108512726397529e-06,3584,0.0034529310487859417,0.00012052061899388057,3584,0.017836013767486187,0.0005950339281175042,3584
3,22,0.0020800802800784043,2.8533337162406033e-06,3584,0.002321102959571613,7.699446513396328e-05,3584,0.012845461377991323,0.0003929141044103624,3584
3,23,0.0014225066945368918,1.9513123384112967e-06,3584,0.0022187848142141003,7.353970811642941e-05,3584,0.012036434086659465,0.0004112500694610916,3584
3,24,0.0032583988404460418,4.469682902221602e-06,3584,0.0022471866781628336,7.440676924170071e-05,3584,0.01849602572518416,0.0005641350884257751,3584
3,25,0.002345332966645308,3.2171919994316744e-06,3584,0.002745652078465442,9.278351181080769e-05,3584,0.016062859275546206,0.0004820177046699792,3584
3,26,0.0022176722809648416,3.0420744613869556e-06,3584,0.0019895964220128077,6.891926964038964e-05,3584,0.01880786843612217,0.0006367220387810457,3584
3,27,0.0019130619135969706,2.6242275923629523e-06,3584,0.0035215554290174166,0.00012294199995514514,3584,0.015076580760431559,0.00047339782818225,3584
4,0,0.003613074896053337,4.9562069916535746e-06,3584,0.008706938355863112,0.00027545543364840004,3584,0.0030095562411674294,8.79589818132871e-05,3584
4,1,0.00402098550281068,5.515755148057436e-06,3584,0.009846390143590851,0.0003287433774846334,3584,0.0076128176337939,0.00022615276619004582,3584
4,2,0.0027340300019524336,3.7503840901457865e-06,3584,0.002505227016079008,8.453090130480785e-05,3584,0.015304379742321158,0.0005066797444866208,3584
4,3,0.0014720812631463414,2.0193158595671435e-06,3584,0.0016728029859848375,5.7950250040222515e-05,3584,0.005711524000470418,0.0001725383626861101,3584
4,4,0.004938998237360488,6.775031871090648e-06,3584,0.008888251978851505,0.0003048585468802875,3584,0.00845518647928251,0.00024137056351199206,3584
4,5,0.006207707432275975,8.515373710395592e-06,3584,0.007312923949840253,0.00023912836514151936,3584,0.007444140738479704,0.0002304629776411049,3584
4,6,0.0028939978727901203,3.969818754682033e-06,3584,0.022919454275283847,0.0007469927152522916,3584,0.006708351979314079,0.0002061717173272623,3584
4,7,0.0001526649192608775,2.0941689854574929e-07,3584,0.00021759678969622312,7.042515367993467e-06,3584,5.771872007163239e-05,1.846945261689732e-06,3584
4,8,0.004338733568362141,5.951623550021174e-06,3584,0.003394886460874703,0.0001096512145231874,3584,0.0007254540640565167,2.3670965846441032e-05,3584
4,9,0.011988224634298321,1.644475259849339e-05,3584,0.013834636517013605,0.00045949306416984175,3584,0.0024041614431181543,6.507743849052564e-05,3584
4,10,0.0006158968866753083,8.448516976942734e-07,3584,0.00023753640597744068,7.701095467293384e-06,3584,0.00034739499531153745,1.129622728548001e-05,3584
4,11,0.012863207282286524,1.764500314918776e-05,3584,0.007274149772969061,0.00024521270188700893,3584,0.0109750264054302,0.0002673469114312415,3584
4,12,0.006806799748936713,9.337173860497177e-06,3584,0.0002066595447921299,6.6467137852041305e-06,3584,0.005797666381034954,0.00017037949214598511,3584
4,13,0.00026178826017516797,3.59105981003046e-07,3584,0.0001698141394793175,5.2449536480982035e-06,3584,0.00016183520670955332,4.625785689858795e-06,3584
4,14,0.0020782904407258373,2.8508785242246693e-06,3584,0.002044719381607442,6.843269643699248e-05,3584,0.020631847477453936,0.0006434563037453499,3584
4,15,0.0017478555197757253,2.397607022295426e-06,3584,0.0020914656169547874,7.179586672639146e-05,3584,0.02206185173263028,0.0007044321903703334,3584
4,16,0.001361235222734367,1.8672636809158163e-06,3584,0.014798312379142068,0.0005161541148635292,3584,0.010336162392293938,0.0002818760769415403,3584
4,17,0.004197078083166009,5.757308754809875e-06,3584,0.008004154077332513,0.00025829839806391295,3584,0.012551475562415891,0.00040133657579325413,3584
4,18,0.0027177682740747414,3.7280771942407683e-06,3584,0.0028609004216200748,9.624068968732612e-05,3584,0.015650987167495786,0.0004650097659606666,3584
4,19,0.0007774090423571625,1.0664047209405001e-06,3584,0.007114656771142341,0.00023982777268798745,3584,0.027964159443921454,0.0008812117670091249,3584
4,20,0.0013431844419815374,1.84250266370174e-06,3584,0.006913053536889512,0.00023098085996654585,3584,0.01634271978574304,0.0005316702534795959,3584
4,21,0.0040340319654093215,5.5336515387848855e-06,3584,0.003362673191958621,0.00011435592404572163,3584,0.016692907061547663,0.0005164347675651499,3584
4,22,0.0012363094945079627,1.695897798095581e-06,3584,0.0008136338298211167,2.8871171715544753e-05,3584,0.01158176612677974,0.0003839419066069834,3584
4,23,0.0027263283383905878,3.7398193943744652e-06,3584,0.0018271819449862832,6.105738987859239e-05,3584,0.014501070230925865,0.00041820349220900833,3584
4,24,0.0013244515464757459,1.8168059631355168e-06,3584,0.0015365914568686793,5.2847398258847664e-05,3584,0.012609906024412554,0.0003187246886899941,3584
4,25,0.0010476791753532375,1.4371456446904678e-06,3584,0.0014440713090704167,4.9235130718870236e-05,3584,0.02802771134651715,0.0008609346455268666,3584
4,26,0.001286358092585296,1.7645515685330242e-06,3584,0.00531438256614352,0.00016308194141102458,3584,0.004313382710803491,0.0001323122771133515,3584
4,27,0.0004049815882416,5.555302997117137e-07,3584,0.0004078373196866084,1.3300774163019731e-05,3584,0.021061697534709226,0.0007292438054695709,3584
5,0,0.010808361933794676,1.4826285236869014e-05,3584,0.008370633629813367,0.00029286495666499163,3584,0.007966499073119604,0.00020118406691458374,3584
5,1,0.007996439754626107,1.0969053162299212e-05,3584,0.0014246160732460543,4.940735968069937e-05,3584,0.01335252177267978,0.0003933526502378542,3584
5,2,0.00298168603979315,4.090104302436942e-06,3584,0.0019223318434022291,6.606410411059129e-05,3584,0.0200365032661955,0.0006498025747773251,3584
5,3,0.005280184247554709,7.243051100135302e-06,3584,0.0015915559595309665,5.759949987244029e-05,3584,0.019344549504062836,0.0006830476994504707,3584
5,4,0.006242325670921609,8.562860999055373e-06,3584,0.00434833087880743,0.0001467917854546409,3584,0.015568666512012252,0.0004246415112890833,3584
5,5,0.0073374339011516715,1.0065067074335797e-05,3584,0.021948268870387467,0.0007480532073538041,3584,0.002285813204625021,6.614745466564292e-05,3584
5,6,0.007025349258083988,9.636967427623078e-06,3584,0.022317875586690582,0.0007521725803767749,3584,0.002313130254586662,5.9862863480542924e-05,3584
5,7,0.0015474899875083752,2.1227571846671345e-06,3584,0.0045651694366004416,0.0001531448610700021,3584,0.018030187925462238,0.0005751934627501124,3584
5,8,0.002486678296773588,3.4110813408786856e-06,3584,0.008850149227251488,0.00028880073111871665,3584,0.012904900236082104,0.000389585845044843,3584
5,9,0.003146255520577471,4.315851190648444e-06,3584,0.005961396036793544,0.00020554922014571724,3584,0.008615889477191144,0.0002868697384888875,3584
5,10,0.0007976691223320416,1.094196327252604e-06,3584,0.0044481083246035585,0.0001517923984405154,3584,0.012515521077637782,0.0003942389984942035,3584
5,11,0.0013010591910065665,1.7847176818604609e-06,3584,0.0075257284175179635,0.0002527529311115084,3584,0.008923453394754671,0.00024363380926729404,3584
5,12,0.0021594825224008373,2.9622531220851577e-06,3584,0.0038590568703796586,0.0001311455862720477,3584,0.006944617671719854,0.00020531088861102772,3584
5,13,0.006261348462341097,8.588955365995083e-06,3584,0.009590603195695704,0.0003171234663002875,3584,0.01219318443976926,0.0003678496615565209,3584
5,14,0.00045053452408255827,6.180171797096019e-07,3584,0.0022621630595480043,7.610817634420715e-05,3584,0.007649224867356297,0.00021523582757429328,3584
5,15,0.00036766536382158753,5.043420628073812e-07,3584,0.0026187175753272333,8.824927606119666e-05,3584,0.02627373515280744,0.000719519580412341,3584
5,16,0.0009212277193987543,1.2636868578825646e-06,3584,0.0013864863099263545,4.640026251518867e-05,3584,0.007870719036844885,0.00024387632258344915,3584
5,17,0.002254277766306288,3.092287745190487e-06,3584,0.0044518639868846915,0.00014836834281610364,3584,0.011281607237233275,0.00029491205677780597,3584
5,18,0.0010395631224277917,1.4260125147724064e-06,3584,0.003530442749744679,0.00012253856301820972,3584,0.012085364942393687,0.0002955918990325894,3584
5,19,0.0020583721171101624,2.8235557151188382e-06,3584,0.004412491683820421,0.00014209148397060896,3584,0.005614634125518487,0.00013887749545218005,3584
5,20,0.001267576014560021,1.7387874001161858e-06,3584,0.0036879922593293702,0.00012631043701582072,3584,0.004136403714706592,0.00010299749412514315,3584
5,21,0.005184476461981725,7.111764692679849e-06,3584,0.005640911933363566,0.00017792738862640268,3584,0.0035577065715983753,0.00010179719362624389,3584
5,22,0.004146862490327884,5.688425910502332e-06,3584,0.007328541284734512,0.00024997613439717504,3584,0.017199693108328636,0.0004896121907252125,3584
5,23,0.003935798129912959,5.3989000451129655e-06,3584,0.00147383801662515,4.922511322313306e-05,3584,0.03527569891148236,0.0011407008737634085,3584
5,24,0.0030978666003742498,4.249474076325272e-06,3584,0.00595549059482355,0.00020357398965848689,3584,0.026455333675474858,0.0006293163088805961,3584
5,25,0.006643688454525071,9.113427228907315e-06,3584,0.0026465470081887617,9.415922881274401e-05,3584,0.021562766738343786,0.0005744736225305198,3584
5,26,0.005561423659552951,7.628839040116314e-06,3584,0.0033811391284844163,0.0001229597512259225,3584,0.011067857318103858,0.0002803579477203737,3584
5,27,0.002279148256251804,3.1264036441389705e-06,3584,0.0012873794457918166,4.384338812191945e-05,3584,0.030683119093660834,0.0009862296559282541,3584
6,0,0.0029389192571396537,4.031439305830156e-06,3584,0.0028048248719093837,9.686735932700403e-05,3584,0.013156591462968327,0.00040558173116165,3584
6,1,0.005670122583278525,7.777945931311808e-06,3584,0.0015644808917575457,5.332806231930472e-05,3584,0.019856713682269485,0.0006211124551039833,3584
6,2,0.0042880260860641084,5.8820659688547776e-06,3584,0.0051673443875598635,0.00017501487431768013,3584,0.01886975395312095,0.0005945469631850126,3584
6,3,0.007437487447588763,1.020231474278039e-05,3584,0.0017046762829636458,5.759555742404675e-05,3584,0.017518273565622106,0.0005446264877061709,3584
6,4,0.0026755298987250456,3.6701370357916603e-06,3584,0.0005273413303143958,1.7353937633582448e-05,3584,0.014304678540990557,0.00044137387248215825,3584
6,5,0.00123517463445495,1.6943410586095735e-06,3584,0.00051314496607185,1.704018672588141e-05,3584,0.011226434725587963,0.00038899311447053333,3584
6,6,0.010354859704270596,1.4204197127353627e-05,3584,0.0060591975774636694,0.00020567955873776662,3584,0.022789655044231864,0.0007037143034651917,3584
6,7,0.005428529320907966,7.446542283286581e-06,3584,0.006275440412252908,0.00022489913048407917,3584,0.015442924575927816,0.0005025637872333876,3584
6,8,0.005560894088496597,7.628112599724062e-06,3584,0.0036150478380457627,0.00013387842255032536,3584,0.017399590640558803,0.0005587424855101624,3584
6,9,0.005755563515385967,7.895148857801578e-06,3584,0.018590311379578464,0.0006747502926388083,3584,0.009813712042045767,0.0002820755159524011,3584
6,10,0.0170482146699598,2.3385754023276526e-05,3584,0.009628449094872699,0.00032602858660872087,3584,0.01718215498032138,0.0005156142743633042,3584
6,11,0.004239020096062688,5.814842373124307e-06,3584,0.008999695846457283,0.00029998905989891245,3584,0.0049155667697333965,0.00014076484398459492,3584
6,12,0.0020866648882179126,2.862366104341971e-06,3584,0.004577591225524179,0.0001545242109212745,3584,0.004292668804656208,0.0001347823436082665,3584
6,13,0.005247641819588804,7.198411281340545e-06,3584,0.012803687443990179,0.00043367474088137084,3584,0.004611799005496979,0.00014535943496200857,3584
6,14,0.0050890183648829666,6.980820808246873e-06,3584,0.003010738111606112,0.00010871386688076636,3584,0.01156589212458146,0.0003722974146843792,3584
6,15,0.005511698000014825,7.560628260215781e-06,3584,0.0027148435034719375,9.018242656918438e-05,3584,0.03624660185135111,0.0011091430794520167,3584
6,16,0.002319190214663258,3.1813308849429757e-06,3584,0.0012328547667492208,3.9830526264047345e-05,3584,0.01949593087745401,0.0006526960989888083,3584
6,17,0.003757797202224362,5.154728670688095e-06,3584,0.005423750019139938,0.0001853222845013072,3584,0.007449219666181737,0.00021471517852622083,3584
6,18,0.004021620749323546,5.516626538023973e-06,3584,0.00785896071904323,0.0002639715375004776,3584,0.005250573331014895,0.00015733271951654066,3584
6,19,0.0029676374359039292,4.070833242818812e-06,3584,0.003665910626735092,0.00012438653057118091,3584,0.008538493286189153,0.0002474057399027881,3584
6,20,0.004473123176447421,6.135971435384374e-06,3584,0.003215514799301895,0.00010303110802990818,3584,0.013208262309315771,0.0004230492801703001,3584
6,21,0.0017774613356712583,2.438218564804517e-06,3584,0.00032683434045346904,1.1248201138858144e-05,3584,0.02296377575555936,0.0007481554745628042,3584
6,22,0.0013409158079819583,1.8393906826990897e-06,3584,0.001575213367203075,5.2645543509015085e-05,3584,0.01624199060245823,0.0005517832780276041,3584
6,23,0.004243744101011809,5.821322496215422e-06,3584,0.002537003447315779,8.632661433469946e-05,3584,0.017855685039731214,0.0005277354646397709,3584
6,24,0.0032729001347056963,4.489574935535551e-06,3584,0.0024225247857572333,8.587506913122013e-05,3584,0.03157641400460653,0.0008829822707998999,3584
6,25,0.002336119206079146,3.2045530949037694e-06,3584,0.0006879494936283625,2.3730641678573776e-05,3584,0.013836103703522638,0.0004454507515341667,3584
6,26,0.0017929068887492707,2.459405885234722e-06,3584,0.0010523256538710623,3.3457209630077594e-05,3584,0.020413898988372012,0.0006149955304649209,3584
6,27,0.0019132625218054042,2.6245027745149763e-06,3584,0.0003029858432423969,1.0836039410733482e-05,3584,0.0156200114452242,0.0004921712437412541,3584
7,0,0.0034899083675760507,4.787254276041538e-06,3584,0.003755494348990217,0.00012109247091947067,3584,0.02532169426383667,0.0008356659312505543,3584
7,1,0.005231189529852808,7.175842968569878e-06,3584,0.0035063162474843917,0.00011462265407974558,3584,0.029607120326054764,0.0008997504547267626,3584
7,2,0.010856545184514803,1.4892380222070455e-05,3584,0.004467655804364421,0.00015215587627041393,3584,0.030415274046734816,0.0010048045514361333,3584
7,3,0.012104802631873551,1.6604667529390808e-05,3584,0.0028606827531272583,9.346708701122738e-05,3584,0.026836348330092283,0.0007944904073663001,3584
7,4,0.005780614477439425,7.92951231110373e-06,3584,0.0011389897219200413,3.789239703116908e-05,3584,0.019655359928660875,0.0006280842316200542,3584
7,5,0.0038617550564741623,5.297332036005204e-06,3584,0.004255316938170004,0.00013695838425301318,3584,0.021035779455144288,0.0006915044293059249,3584
7,6,0.0036870319356204794,5.057656971951538e-06,3584,0.0032024746920536495,0.00010453907697962153,3584,0.011273383268240032,0.0003221613373841383,3584
7,7,0.012320092035079028,1.6899989073479492e-05,3584,0.002847983649417313,8.974475839978655e-05,3584,0.026160883287418817,0.0007887949363587251,3584
7,8,0.004650518599976062,6.3793122032104694e-06,3584,0.004026648119629962,0.00013913904751792965,3584,0.0126587418034717,0.00043872076139553335,3584
7,9,0.005578434251328955,7.652173188203552e-06,3584,0.002748161550351546,9.460264480961147e-05,3584,0.028333421836755954,0.0009304645665875875,3584
7,10,0.006288848015554225,8.62667766556914e-06,3584,0.0279845889643608,0.0010218867080725458,3584,0.005931076399626979,0.00017395868875645247,3584
7,11,0.0031597019167121207,4.3342961788505274e-06,3584,0.0017366151171020249,5.787796353669648e-05,3584,0.020082525262733717,0.0006350493758879292,3584
7,12,0.0038544219052913,5.287272841595396e-06,3584,0.0013757188656892043,4.750139994532718e-05,3584,0.023676386444011006,0.0008388829639428584,3584
7,13,0.00560300597931971,7.685879267702206e-06,3584,0.0019031337072528871,6.241994976480824e-05,3584,0.026697724047182056,0.0008709966025391376,3584
7,14,0.003286462607661521,4.5081791624950415e-06,3584,0.009765750262320906,0.0003386837012120624,3584,0.016157740100910565,0.00048237346541018334,3584
7,15,0.004518274041234717,6.1979067723727055e-06,3584,0.01357157986750839,0.00045793181657089165,3584,0.005028879612658804,0.00014860267342201383,3584
7,16,0.0017996590330988417,2.468668079744914e-06,3584,0.00431844500569752,0.00014650043885621256,3584,0.02326112740098768,0.0007982116351020666,3584
7,17,0.0011081104729445458,1.5200418010551194e-06,3584,0.0065573864208820715,0.00022351516999861477,3584,0.016848554923943836,0.000541136785798525,3584
7,18,0.003081629620160679,4.227201123337932e-06,3584,0.003240141045451454,0.00011018986207933606,3584,0.024565659703837537,0.0008121428089817292,3584
7,19,0.009982881194507996,1.369393853900762e-05,3584,0.011941135250404937,0.00038509664641224163,3584,0.007895784266584755,0.00024934512604429647,3584
7,20,0.009381670627865086,1.2869232670516603e-05,3584,0.0026658438278822087,8.373332596165188e-05,3584,0.03213898156258798,0.001037266153252421,3584
7,21,0.0029709483616759996,4.0753749840941815e-06,3584,0.0024997591727503794,8.555792475272904e-05,3584,0.008624144443965509,0.0002984995159805917,3584
7,22,0.011014432206669813,1.5108960486856802e-05,3584,0.029633939087715788,0.0010094963046550958,3584,0.007023820518060809,0.00020094915037102928,3584
7,23,0.004390466882599392,6.022588315107518e-06,3584,0.027035439570468858,0.0008976880199089834,3584,0.0052943663459810615,0.00015349052403869316,3584
7,24,0.00931382590734611,1.2776167225783726e-05,3584,0.0037117817315576664,0.00011932828959978891,3584,0.007074828353378679,0.00022443120505824293,3584
7,25,0.0019627190773180204,2.69234441618227e-06,3584,0.004951475001703241,0.0001675844685293809,3584,0.004735389280891376,0.00014838821094367085,3584
7,26,0.0054314704085353166,7.450576691198367e-06,3584,0.01102571195764978,0.0003671709763701208,3584,0.003960313047127287,0.00011419614313377495,3584
7,27,0.010622189064369424,1.4570904070787444e-05,3584,0.011239071338567634,0.00034140598100609166,3584,0.011637518924016483,0.0003815489188981084,3584
8,0,0.006745730248009492,9.253402261308953e-06,3584,0.014641163368575847,0.0004811194927307708,3584,0.012322342558648483,0.0003962865333640398,3584
8,1,0.005897424038338071,8.08974491184635e-06,3584,0.0009705308298843082,3.267633572920959e-05,3584,0.025907661838665802,0.0008272492303935458,3584
8,2,0.00955195899266077,1.3102824403505845e-05,3584,0.01631313990387195,0.0005534156262131001,3584,0.013509392657808941,0.00039937292843592086,3584
8,3,0.007930917655195659,1.0879173728523616e-05,3584,0.028702840739404278,0.0009965307426254668,3584,0.02132013940833212,0.0006245227737254208,3584
8,4,0.005135071833026034,7.043994276458726e-06,3584,0.016141833272138424,0.0005440539939480417,3584,0.012845002211050149,0.00037471232883378754,3584
8,5,0.006808648401216896,9.339709741888402e-06,3584,0.009350171867779937,0.00030372769161073337,3584,0.017649732024314257,0.000560556064477,3584
8,6,0.013399864267069813,1.8381158124574722e-05,3584,0.001830780468789029,5.98057004609498e-05,3584,0.027202964505142327,0.000859532573106375,3584
8,7,0.007799393074367754,1.0698755934378888e-05,3584,0.013648691753863499,0.0004724630027292209,3584,0.02554354302876624,0.0008103404002747375,3584
8,8,0.0050565325605080045,6.936258659845894e-06,3584,0.0025804474965043208,9.025591271267666e-05,3584,0.010591015832381303,0.0003574455448544333,3584
8,9,0.009251810746291788,1.2691098411603605e-05,3584,0.01677147336210999,0.0005866449177779875,3584,0.018868723067901244,0.0005219260645212585,3584
8,10,0.00380385423434625,5.2179070439013835e-06,3584,0.004197174691219687,0.0001397670298929728,3584,0.011560450478489583,0.00036878316216907084,3584
8,11,0.018251558560593437,2.5036431488962174e-05,3584,0.008225903208692837,0.00028309901336280466,3584,0.03776088774806866,0.001178285765886871,3584
8,12,0.005937349519576692,8.144512384120122e-06,3584,0.00552943146952132,0.00018978499710180002,3584,0.03655809405667471,0.0011420901133651457,3584
8,13,0.009707747912812937,1.331652663341011e-05,3584,0.0145170792741735,0.0005098821304364458,3584,0.03534385568708053,0.0010024257063883043,3584
8,14,0.0012937429615499374,1.774681705866487e-06,3584,0.0002211199068740277,7.273267365208067e-06,3584,0.011283166592587919,0.0003465633166821458,3584
8,15,0.0014358399735705624,1.9696021580405184e-06,3584,0.0007143791809903752,2.4028132752117165e-05,3584,0.013479913818088067,0.00045564698382245415,3584
8,16,0.0004982038243162139,6.834071657454968e-07,3584,0.00023787274859576836,7.851768761692437e-06,3584,0.006578441698872255,0.0002172932449292167,3584
8,17,0.0037501169010872083,5.144193279890848e-06,3584,0.011845331468225804,0.00038665174945390416,3584,0.019250661841482594,0.00046956539169835834,3584
8,18,0.003245606399021375,4.452134980312478e-06,3584,0.001738343453213529,6.081071397374331e-05,3584,0.014106567511999674,0.00043111847129872924,3584
8,19,0.0007230808409454293,9.918804391717025e-07,3584,0.0003583257842858208,1.2169671125355293e-05,3584,0.0060623658818165825,0.00019730277868662015,3584
8,20,0.002706008825472025,3.711946262840499e-06,3584,0.0022397770350218037,7.496064529669928e-05,3584,0.01780869068275898,0.0004964765910589543,3584
8,21,0.016630374875958514,2.281258555933527e-05,3584,0.005921042899147533,0.00020659030051705415,3584,0.022313991506234924,0.0006117190455055041,3584
8,22,0.009062040702399384,1.2430782845966704e-05,3584,0.013271299830015836,0.00042569308333994583,3584,0.014915338227679452,0.0004146448562765749,3584
8,23,0.0005794976083157333,7.949212736839381e-07,3584,0.001331676644098575,4.595602979900465e-05,3584,0.00047679960503471257,1.6156423784910907e-05,3584
8,24,0.01635079907899383,2.2429079661185947e-05,3584,0.024938791583063915,0.000853990361990029,3584,0.008262840076401805,0.00020612962556198155,3584
8,25,0.007787192671029973,1.0682020107795017e-05,3584,0.01107539322620528,0.000371266468349225,3584,0.017122512391474574,0.0004577074811063168,3584
8,26,0.012820473679205925,1.7586383657116832e-05,3584,0.03053052114108434,0.0010007802711683416,3584,0.016861599984126424,0.0004660348445751749,3584
8,27,0.005249430697609871,7.2008651537082035e-06,3584,0.019927746812347606,0.0006842560128339958,3584,0.0034006602615139626,0.00011471643838233132,3584
9,0,0.0032105977887402336,4.40411219084524e-06,3584,0.0017379192988726002,5.521495463376298e-05,3584,0.025472766504271202,0.0008052443786572167,3584
9,1,0.00558224561680878,7.657401413049318e-06,3584,0.006283590487508456,0.0002059535161733815,3584,0.027296812482080032,0.0008062540143042874,3584
9,2,0.004437574392122666,6.0872076704618075e-06,3584,0.014355582375156313,0.0004979876734764417,3584,0.011804623281106243,0.0003525664210280034,3584
9,3,0.005388961940206875,7.392266036936825e-06,3584,0.013207002874632008,0.00041955403529004995,3584,0.012002073400749389,0.00037228012179855893,3584
9,4,0.005690146703551675,7.805413860301224e-06,3584,0.03775409749608294,0.0015030589634883915,3584,0.01993079504595622,0.0005576497519620427,3584
9,5,0.013101823229343166,1.797232265682554e-05,3584,0.0025432688889443287,8.55710649125236e-05,3584,0.04201611702216077,0.0013779801667554417,3584
9,6,0.004038173495723367,5.53933263050085e-06,3584,0.002554810445344537,8.89120195657599e-05,3584,0.01671309665894106,0.0004988354657313167,3584
9,7,0.004095699033266004,5.6182428422148194e-06,3584,0.0065215280089830725,0.00022314974224701774,3584,0.030864868759591848,0.0009785637110509583,3584
9,8,0.003183398280275158,4.366801486076e-06,3584,0.005458333167442771,0.0001692607157574321,3584,0.0192809951099516,0.0005542486125363999,3584
9,9,0.002897812948996025,3.975052058425976e-06,3584,0.0051042948081658915,0.00017135179922134214,3584,0.01120096900701576,0.0003378528850274151,3584
9,10,0.0020177191169087915,2.7677902860144e-06,3584,0.002872215111234175,9.484270451480107e-05,3584,0.007629621015379725,0.00021524242882675818,3584
9,11,0.003857163170793616,5.291033161450009e-06,3584,0.0024290817464801876,7.764627430485156e-05,3584,0.03419331139934997,0.0010989377333930001,3584
9,12,0.001575678274512871,2.161424244758368e-06,3584,0.0005415472766439626,1.8189796730933545e-05,3584,0.01921197501818667,0.0005709881974004209,3584
9,13,0.007261169276020681,9.9604516933493e-06,3584,0.0024633139713244752,8.325440786918026e-05,3584,0.03565427510569855,0.0011137483602349709,3584
9,14,0.00454224127747023,6.230783649036882e-06,3584,0.0018078622504787954,6.0901706636293694e-05,3584,0.018983943054866254,0.0006112293399121833,3584
9,15,0.0048387335434542334,6.637494582086284e-06,3584,0.01817013933031006,0.0006052117685548749,3584,0.013453743454162467,0.00043585488566595735,3584
9,16,0.00903939824010796,1.2399723249958148e-05,3584,0.0014416428934326498,4.563901791150842e-05,3584,0.05411292219984051,0.001738152526285317,3584
9,17,0.0031309762952262377,4.29489204284004e-06,3584,0.007011358936555562,0.00023333950123429197,3584,0.02703871342563655,0.000869834980438871,3584
9,18,0.0015182764720067666,2.0826837739487738e-06,3584,0.010205258359265992,0.00032898990045663093,3584,0.019991960036728346,0.0006224458076754458,3584
9,19,0.007473556002247348,1.0251791492554117e-05,3584,0.013434971646920743,0.00043877408805761243,3584,0.014985055415336344,0.00045764994551755826,3584
9,20,0.0027218955744738086,3.7337387941327634e-06,3584,0.0022428658511530583,7.452360214041177e-05,3584,0.03467019611959938,0.0011311682568829458,3584
9,21,0.006052122153158046,8.301950819685636e-06,3584,0.00663881225982535,0.00022439713513313337,3584,0.010342993386101588,0.00035903417816178333,3584
9,22,0.006410430954828138,8.793458098710978e-06,3584,0.0262356582301257,0.0008052604841676875,3584,0.007564844632806367,0.0002153086429550409,3584
9,23,0.004762202616690788,6.532513872614159e-06,3584,0.0048307748929142715,0.0001583256216956975,3584,0.014901147475766104,0.0004921699384434792,3584
9,24,0.007569886078672609,1.038393151098579e-05,3584,0.010599725099260835,0.0003456611677964917,3584,0.008368347933505878,0.00025399771699228244,3584
9,25,0.013517348923678724,1.8542316778451028e-05,3584,0.021484159505558768,0.0007469426433068501,3584,0.013062264451945242,0.00042073564693263744,3584
9,26,0.0057269482860833575,7.85589613950826e-06,3584,0.00841182316595185,0.00028518195748206663,3584,0.006499268171213272,0.0002025452939471605,3584
9,27,0.016334227206061838,2.240634735950013e-05,3584,0.004402498414220466,0.00013973205027297512,3584,0.02993633105736937,0.0009977023575386125,3584
10,0,0.003680960590698401,5.049328651556932e-06,3584,0.004322414702577754,0.00014849715871537107,3584,0.019125062385615288,0.0006149226360260375,3584
10,1,0.008469778293697773,1.1618351562779988e-05,3584,0.004398405619488317,0.00012719519134209522,3584,0.02848577774759623,0.000735238096811825,3584
10,2,0.004703344422074017,6.451775613263752e-06,3584,0.005694146146866225,0.0001849463948800042,3584,0.011747790509524186,0.0003118307360148401,3584
10,3,0.004402191127347475,6.038670957955156e-06,3584,0.0014054796229503459,4.307841452605443e-05,3584,0.00499558363849062,0.0001332598414733581,3584
10,4,0.0030258988555072618,4.15075287990219e-06,3584,0.000243288321191141,8.014000217894892e-06,3584,0.016244075150362917,0.0004873512061618958,3584
10,5,0.0024695827159697333,3.3876306099605467e-06,3584,0.0021217714785780584,7.353123430796874e-05,3584,0.016640681367112,0.0004923565488749583,3584
10,6,0.00887609754743976,1.2175716810360176e-05,3584,0.013277384060887258,0.00044652795558064586,3584,0.007044611186992271,0.0002060993684636454,3584
10,7,0.0024699863566253416,3.3881842999622916e-06,3584,0.002319582899236542,8.015797386656404e-05,3584,0.012917471891620777,0.0003766859055493025,3584
10,8,0.0020596861277500625,2.825358196783807e-06,3584,0.0008725860719116626,3.0973508107641556e-05,3584,0.011919272884301113,0.0003694836205201286,3584
10,9,0.003152702762068004,4.324695152743762e-06,3584,0.0021668609101948414,7.536114644979108e-05,3584,0.013177107716774548,0.0004183126120426959,3584
10,10,0.002201722523953354,3.0201955037918295e-06,3584,0.001466190315903667,4.920322541841334e-05,3584,0.03175525700238182,0.00100822329562495,3584
10,11,0.009389481937913604,1.287994777679383e-05,3584,0.0034784147400082244,0.00011433643781080353,3584,0.03982367489656395,0.0012795281844916624,3584
10,12,0.0021069665438116585,2.890214734323669e-06,3584,0.0007020499884824043,2.342094491069911e-05,3584,0.010329869952923416,0.00030114940922074845,3584
10,13,0.0026336739223066334,3.6127214272937185e-06,3584,0.001036957394479796,3.4790904546028267e-05,3584,0.01923464716082234,0.0006415817966706916,3584
10,14,0.020530774670872737,2.8162928207523046e-05,3584,0.005496428089964295,0.00018997163507754048,3584,0.04693542924091795,0.0014302697877122252,3584
10,15,0.006092939113179595,8.357941174363855e-06,3584,0.001958327244132737,6.816042296029091e-05,3584,0.022919823936539876,0.0007314162977735167,3584
10,16,0.0077723355145555865,1.0661639945496305e-05,3584,0.0027823195299825003,9.419758446229614e-05,3584,0.01685753750787804,0.0005557052446964916,3584
10,17,0.002773966134516087,3.8051661666865205e-06,3584,0.0014330512494853374,5.252743541804406e-05,3584,0.011753635178206328,0.00038792106841384994,3584
10,18,0.007546268269698631,1.0351533964826278e-05,3584,0.004864387139847875,0.00017996739982142877,3584,0.011655268251681415,0.00037189693655213335,3584
10,19,0.00661709630160923,9.076949656549674e-06,3584,0.013167104203373138,0.00044673751691262506,3584,0.015537679403817726,0.0004263682113278874,3584
10,20,0.010361403862652774,1.421317400460943e-05,3584,0.0074341229383870595,0.0002521132082057,3584,0.012719287714198108,0.0003804537179806613,3584
10,21,0.002425923975202054,3.3277420771548694e-06,3584,0.000693071188625,2.1995432681382875e-05,3584,0.016052030791311542,0.0005135211140075834,3584
10,22,0.0032390002461333005,4.44307303965511e-06,3584,0.0007180629771543374,2.362690283190274e-05,3584,0.02128650800523434,0.0006091898370544,3584
10,23,0.0033038500821655123,4.532030286848052e-06,3584,0.0005941762164148292,2.0095635938692182e-05,3584,0.012255496510729056,0.00040735984886949584,3584
10,24,0.01652840729621358,2.267271231345402e-05,3584,0.008397893928795887,0.0002622506724052485,3584,0.0710083550506349,0.0020571209790878208,3584
10,25,0.0035384960517533073,4.853904047213585e-06,3584,0.0010469842496111958,3.3651457506271434e-05,3584,0.019057308732943416,0.0006232497826045458,3584
10,26,0.0021984098432059,3.015651360872969e-06,3584,0.00032179460318596854,1.0207653921983725e-05,3584,0.015349340484752255,0.0004925926205492625,3584
10,27,0.0027389795362067755,3.757173575806531e-06,3584,0.00031336831868912084,1.0356059423636903e-05,3584,0.011482966897230962,0.00037386589178324585,3584
11,0,0.013189555162954864,1.8092668263554633e-05,3584,0.02063578240005946,0.0006996765665198418,3584,0.012547022295808114,0.0003301513290577095,3584
11,1,0.009222126152047145,1.2650378806171073e-05,3584,0.0009834693119225334,3.372515781286024e-05,3584,0.018616623384620275,0.0006035846707082167,3584
11,2,0.007005334474492637,9.609512316899872e-06,3584,0.024780963855163887,0.0008286332746651957,3584,0.005334504683863951,0.00013983076142986867,3584
11,3,0.006498319066544539,8.914017927977131e-06,3584,0.0011961811870650418,4.131807516479872e-05,3584,0.022159512784253058,0.0006742617425652668,3584
11,4,0.007178688051670934,9.84730870001881e-06,3584,0.0033366538474293907,0.00011990187652368343,3584,0.020333423577985607,0.0005808442130366833,3584
11,5,0.011230915103355258,1.54059192115885e-05,3584,0.0024788669494334955,8.202112627239553e-05,3584,0.030001334812016195,0.0008617412078807374,3584
11,6,0.011272644544405524,1.546316123745061e-05,3584,0.0021261682227156752,6.67309463464921e-05,3584,0.026788713023253977,0.0008016392204444416,3584
11,7,0.005026876313291778,6.895577931694998e-06,3584,0.0017175608623958378,5.7621530707515195e-05,3584,0.02154949205107005,0.0007226150589447791,3584
11,8,0.0053217338418017545,7.300046420199685e-06,3584,0.008147535023792639,0.0002562089294986875,3584,0.012781843920179364,0.00033676262550522097,3584
11,9,0.011756399677682399,1.6126748531318567e-05,3584,0.0069287325862014805,0.00023933173039475004,3584,0.023205011453676996,0.0006769280518035126,3584
11,10,0.0059772100691735455,8.199190760158414e-06,3584,0.0033231890675140294,0.00011028981062344245,3584,0.016178938478334553,0.0004777611058047286,3584
11,11,0.01069388898296645,1.4669257849972552e-05,3584,0.0021135691066651047,7.084263277523456e-05,3584,0.01470923994888222,0.0003936653860121798,3584
11,12,0.004329768108795917,5.939325256964741e-06,3584,0.013148643051152766,0.00043357412493992494,3584,0.009027078179721258,0.00022797408551888072,3584
11,13,0.006053365203558508,8.303655971897071e-06,3584,0.00837896856480586,0.000303539485078075,3584,0.027218736530128195,0.0008471173165093418,3584
11,14,0.0032982321001476457,4.524323869250324e-06,3584,0.0005641275509755292,1.9249192468779024e-05,3584,0.01769462790410554,0.0005311865249782792,3584
11,15,0.004505998712425737,6.1810681927046076e-06,3584,0.0006974516503129,2.285158545259603e-05,3584,0.0169256097557867,0.0005451670694461708,3584
11,16,0.011546492101051013,1.583880948494071e-05,3584,0.002973554463630179,9.795725524969867e-05,3584,0.04203067372321986,0.0011671374280745543,3584
11,17,0.0030473016606948084,4.180112019713005e-06,3584,0.0006148116362390709,1.9820838883440625e-05,3584,0.021932921416244658,0.0006893796920388041,3584
11,18,0.0028087612352168997,3.852896067801546e-06,3584,0.00034821151942691675,1.1527457137764925e-05,3584,0.028613468064089365,0.0008198324075979916,3584
11,19,0.004188082641918501,5.744969333095336e-06,3584,0.0009398500000289916,3.338967844454207e-05,3584,0.023357835423022263,0.0006013188979966417,3584
11,20,0.003121513299137671,4.2819112508848305e-06,3584,0.0006428928426683167,2.15983162354904e-05,3584,0.019486941648792718,0.0004935044765110917,3584
11,21,0.008929149479232321,1.2248490364518009e-05,3584,0.0051117615384708255,0.00017892186790956774,3584,0.048425526764714566,0.0015226290656161498,3584
11,22,0.014768681704528962,2.0258822642051408e-05,3584,0.003756585547889725,0.00012516385770176656,3584,0.046393767332640896,0.001432308398719546,3584
11,23,0.014878924688654946,2.0410047605309905e-05,3584,0.02228541795059966,0.0007649639062419748,3584,0.016408622395786877,0.0004609741735154948,3584
11,24,0.006960043069493187,9.54738417810374e-06,3584,0.01064019975337385,0.00035697502061672083,3584,0.03563461942609889,0.0010457656165130751,3584
11,25,0.005920756386642499,8.121750868204667e-06,3584,0.0073958773641861,0.00025270522008520417,3584,0.013852003979653362,0.0004267114962609416,3584
11,26,0.009688254115482594,1.3289786163688476e-05,3584,0.009872794077289446,0.00033526197581439164,3584,0.01907714385023146,0.0005834297098583249,3584
11,27,0.009233836097699441,1.2666441834867213e-05,3584,0.020996842719143243,0.0007279563111184207,3584,0.007447146007997045,0.00021407002306411202,3584
12,0,0.020323547650778914,2.7878666177866512e-05,3584,0.0014102737443927292,4.448313195648925e-05,3584,0.09680815919912962,0.0030885328389859755,3584
12,1,0.004539223840299229,6.226644500779089e-06,3584,0.0032799421093101747,0.00011332447903780003,3584,0.0312196031975764,0.0010043002162529457,3584
12,2,0.01470346758651723,2.0169365699988927e-05,3584,0.010386432911283067,0.00034421237825757917,3584,0.033822706854622284,0.001070984641387996,3584
12,3,0.005755612283121817,7.89521574265713e-06,3584,0.0009522967715912333,3.239083245677361e-05,3584,0.0365059963336739,0.0011578641509170956,3584
12,4,0.005539870517028346,7.5992736779995035e-06,3584,0.004826425195805912,0.0001816426342130459,3584,0.029666384021912042,0.0009268046180149083,3584
12,5,0.0041446282087031,5.685361048811387e-06,3584,0.002181959089663933,7.117903394612359e-05,3584,0.03459804126159948,0.0010417452349525292,3584
12,6,0.005670092442346308,7.77790457926668e-06,3584,0.06164513401573959,0.002277629929336896,3584,0.014097255407002554,0.0004172409094620501,3584
12,7,0.004641715435460912,6.367236527525157e-06,3584,0.017216322600002765,0.0006089822153848833,3584,0.00592552622719053,0.00015552402991820093,3584
12,8,0.010554084121969952,1.4477481650649332e-05,3584,0.0192001090389116,0.000661178434154525,3584,0.020057787541377315,0.0005725226446671416,3584
12,9,0.017849466188162254,2.448486444260546e-05,3584,0.004232244599899113,0.00014508400180151927,3584,0.024636611091804997,0.0008172009367455293,3584
12,10,0.009138106958968438,1.2535126160016422e-05,3584,0.010845819149471228,0.0003955593042681875,3584,0.017421513599730504,0.0005410798932750666,3584
12,11,0.008313148930365359,1.1403496478041701e-05,3584,0.012358987228871654,0.0004293070587156541,3584,0.026680152414847145,0.0008225361979702,3584
12,12,0.010316650356101516,1.4151783754977031e-05,3584,0.02957666825516957,0.0009982054220410582,3584,0.019588028809619094,0.0005581640168835083,3584
12,13,0.009007742666098328,1.235629994701705e-05,3584,0.010685883557748454,0.0003919295139420125,3584,0.01791209497630984,0.0005369915408619293,3584
12,14,0.005391137094182467,7.395249785981605e-06,3584,0.005899994462219911,0.00020700077323358333,3584,0.01635070495206473,0.0005180105904372124,3584
12,15,0.00484863876466835,6.651081979936282e-06,3584,0.016753145257735608,0.0005712916354916709,3584,0.013235654753414587,0.00043071723401844167,3584
12,16,0.003920395557206546,5.3777716809133355e-06,3584,0.014189935232297694,0.0005168830369531417,3584,0.012339931932819919,0.00038922510499610837,3584
12,17,0.01451371186383249,1.990906976851084e-05,3584,0.00872257515536118,0.00029135549793135417,3584,0.025339400089353366,0.0008751404970789084,3584
12,18,0.0032433044489971626,4.448977298262108e-06,3584,0.0013684709405290087,4.721666172928196e-05,3584,0.01579415579170892,0.000533718238186875,3584
12,19,0.003337777125907325,4.578569445402964e-06,3584,0.01215373077890794,0.000386076122452488,3584,0.009253263224610305,0.0002852358686122144,3584
12,20,0.005427612691854755,7.445284904881925e-06,3584,0.005096094808382309,0.00017367406581007055,3584,0.017136948336271808,0.0005395470310687833,3584
12,21,0.00561873801974615,7.707459563459066e-06,3584,0.0007692186030321542,2.5650631629668815e-05,3584,0.027233289452889442,0.0008833608231644667,3584
12,22,0.010476430909012404,1.4370961479081076e-05,3584,0.006719917509035444,0.0002485752667046167,3584,0.02306174479299286,0.0006976104771869626,3584
12,23,0.008054061372130163,1.1048095164248238e-05,3584,0.00438045052873588,0.0001609776386739,3584,0.013421089833804333,0.0004004380087864333,3584
12,24,0.007366410018266322,1.0104814841291692e-05,3584,0.01261555047636545,0.00043339752819799584,3584,0.0357209782928921,0.0010580178304944166,3584
12,25,0.006092065796833225,8.356743204108967e-06,3584,0.0019269732482722999,6.692761872631522e-05,3584,0.02941916806634001,0.0009298803601050584,3584
12,26,0.010867916908872155,1.4907979301960979e-05,3584,0.0033879060012038543,0.00011293049728030323,3584,0.036765947002193135,0.00116801210325575,3584
12,27,0.007801688158441862,1.0701904193691555e-05,3584,0.005143667423290003,0.0001744545987775964,3584,0.029642909639625858,0.0008117031920801748,3584
13,0,0.002913987966562283,3.997240007538788e-06,3584,0.0020152291044343287,7.150314894496511e-05,3584,0.03990450267423014,0.0010396190101099126,3584
13,1,0.0035291691877242,4.841109996773961e-06,3584,0.0018889386529029374,7.01582623188938e-05,3584,0.03392614313045807,0.0009486727770858959,3584
13,2,0.010168317440696932,1.394830924840104e-05,3584,0.0025319158081791126,8.238418965474154e-05,3584,0.03362956563551681,0.0010749410682422708,3584
13,3,0.0027642914583842003,3.7918950026822663e-06,3584,0.007232295134921559,0.00024323690619378817,3584,0.01856037726579328,0.0005123399576505684,3584
13,4,0.003301509711209542,4.528819906116357e-06,3584,0.007214086168792395,0.00026158133372687083,3584,0.0251972832347265,0.0005566890777863584,3584
13,5,0.003807738091382767,5.2232346898357515e-06,3584,0.005421629031599662,0.0001811143749443935,3584,0.01646722158579998,0.0004747378726250419,3584
13,6,0.0033607507348349837,4.61008331218854e-06,3584,0.016133951436816917,0.0005860034606397624,3584,0.030094539544130283,0.0009350869814481209,3584
13,7,0.014391134730081747,1.9740925539124115e-05,3584,0.003986186951263054,0.00012556538126502035,3584,0.024529054864023587,0.0007350444875275167,3584
13,8,0.0040676290898968,5.579738116248164e-06,3584,0.0006669669454811376,2.1879374404904942e-05,3584,0.023420392864446613,0.0006827768589293166,3584
13,9,0.004765544740511862,6.5370984074051675e-06,3584,0.0005729087531469709,2.0584994001826448e-05,3584,0.02552482807760936,0.000726544933419225,3584
13,10,0.00753835500645247,1.0340679028717055e-05,3584,0.0017012274972424875,5.582872190140854e-05,3584,0.02093139758556203,0.0006608420924390625,3584
13,11,0.017216083166996247,2.361602628380423e-05,3584,0.01195724949121315,0.00038801538318647085,3584,0.01623290296845359,0.00048596634821542915,3584
13,12,0.012903951981334526,1.770089435335123e-05,3584,0.002978564226235583,0.000100013318893566,3584,0.029974260361478714,0.0009808064192454084,3584
13,13,0.018816517548537113,2.581140952203588e-05,3584,0.0015922943226762834,4.9638991924908674e-05,3584,0.0394777385133012,0.0011394461454441542,3584
13,14,0.005045502806034712,6.921128676400582e-06,3584,0.0051740669475713085,0.0001846928304622584,3584,0.013537920372806884,0.00043280560458086673,3584
13,15,0.0036421843193899547,4.996137604657518e-06,3584,0.003260861379184412,0.00011508224011487809,3584,0.014605961348897606,0.0004510653305773125,3584
13,16,0.008712732836010992,1.1951622544041626e-05,3584,0.016552480795460057,0.0006060529055263751,3584,0.019902358636138012,0.00060638244893645,3584
13,17,0.005668207287892763,7.775318643112155e-06,3584,0.024991903298709258,0.0008664828567481584,3584,0.01298664439525566,0.0003812505420290461,3584
13,18,0.018334540429938307,2.5150261208614205e-05,3584,0.010892579823823237,0.0003815692344203583,3584,0.03213046176234045,0.0010678054425020168,3584
13,19,0.007684834736638279,1.0541611427766e-05,3584,0.018213786570595164,0.0007249677207294834,3584,0.020027641226992438,0.0006910721684977751,3584
13,20,0.006582426471965771,9.029391592747872e-06,3584,0.006790520337887012,0.00023939845213529162,3584,0.021844940792223672,0.0006380517981998333,3584
13,21,0.006900817506789172,9.466141996998499e-06,3584,0.008689313870723537,0.0002980512593877416,3584,0.02716425208279019,0.0007612376013361833,3584
13,22,0.006300762717003421,8.643021563075513e-06,3584,0.007751845237688588,0.0002676741218175889,3584,0.016620760458249003,0.0005358526517340458,3584
13,23,0.004391604753787662,6.0241491787889756e-06,3584,0.004886511346474238,0.00015460060672132551,3584,0.014491732222760774,0.00047803164772486665,3584
13,24,0.008279948667153512,1.1357954274530146e-05,3584,0.006005816255412824,0.00021529324327032917,3584,0.014169567415473596,0.0004432341567050125,3584
13,25,0.008933462645784608,1.2254406918410019e-05,3584,0.005123565712616446,0.000182246635755275,3584,0.03443271221862782,0.0011382977949992,3584
13,26,0.0058030764389597035,7.960324331766759e-06,3584,0.008011713899908608,0.0002796290587717097,3584,0.012543054958667922,0.0003712673613784125,3584
13,27,0.00932759872153817,1.2795059974655539e-05,3584,0.010192301114442645,0.000341841252263975,3584,0.019674700044113064,0.0005719373844430418,3584
14,0,0.004588029526082176,6.293593309579221e-06,3584,0.014461011745255036,0.0004811774408952242,3584,0.009113379635318506,0.00021284973764419308,3584
14,1,0.005994899782388429,8.223456491050627e-06,3584,0.003481530158637458,0.00011476907534592726,3584,0.009781428201220662,0.0002506163494012005,3584
14,2,0.007094271858917654,9.731511472450453e-06,3584,0.01132755297294108,0.0003811862242923901,3584,0.012560912783358927,0.00029624369872337616,3584
14,3,0.009422483960747062,1.2925218026752138e-05,3584,0.020585783277274616,0.0006769720885115958,3584,0.013642736726819866,0.00033558110352628054,3584
14,4,0.00013453655880615924,1.8454946311560028e-07,3584,0.0015862461313270154,4.9900331069258596e-05,3584,0.0007377248289640303,1.5732895997775755e-05,3584
14,5,1.1316393546993228e-05,1.552317357952818e-08,3584,6.432341362771669e-05,1.83169406818035e-06,3584,1.5545321995227896e-05,3.8755043429643584e-07,3584
14,6,0.004066433101267179,5.578097536359868e-06,3584,0.006376594281709425,0.00021452503548311156,3584,0.012780599729006208,0.00032063715647984837,3584
14,7,0.0004477259722622834,6.141645713624084e-07,3584,0.0032508609109235206,0.00011369452934910113,3584,0.0008232726783988127,2.5062446535748764e-05,3584
14,8,0.009240402535234489,1.267544930253328e-05,3584,0.03233951902737952,0.0011359104502713833,3584,0.008159505000837054,0.00021080078349969823,3584
14,9,0.012300332712506386,1.6872884387756015e-05,3584,0.0019375135457568666,6.517403112461417e-05,3584,0.03163988635495786,0.0010478723956791126,3584
14,10,0.01051728643845328,1.4427004712172409e-05,3584,0.03156912180532625,0.0010782195754697208,3584,0.01608340778829116,0.00041299186187064633,3584
14,11,0.0114951065981424,1.5768321804650987e-05,3584,0.02368344499090168,0.0008411553228016293,3584,0.016241183586475177,0.00047612259068531234,3584
14,12,0.011775595973572988,1.6153080898705384e-05,3584,0.024342478133724574,0.0008144437315104543,3584,0.011117631815462043,0.00030953876214399916,3584
14,13,0.01439656383554446,1.9748372897122538e-05,3584,0.024355060607494598,0.0008639215163149416,3584,0.03711521972491241,0.0008871833116212625,3584
14,14,0.005315902127161103,7.292046806436798e-06,3584,0.013328914878894668,0.0004384962907795209,3584,0.017958179438695696,0.0005112989533649799,3584
14,15,0.004724505824099238,6.48080359707637e-06,3584,0.006293643688146472,0.00022086095971920411,3584,0.018844217533746297,0.0005636483259788958,3584
14,16,0.003337743955802283,4.578523940748846e-06,3584,0.00930468948978423,0.0003155947498760501,3584,0.007029794993643364,0.00020424058401921974,3584
14,17,0.004467382361746516,6.128096519291398e-06,3584,0.0024385209802553,8.269222345040214e-05,3584,0.023575179267767213,0.0006854808842516625,3584
14,18,0.00539830312221852,7.405079726414061e-06,3584,0.006729825692735146,0.000229829484926312,3584,0.01740988802803721,0.00044652160138122923,3584
14,19,0.0035072328339724127,4.8110189826884495e-06,3584,0.007950077985196388,0.0002766992037711625,3584,0.019000779143552155,0.0003947906543288011,3584
14,20,0.011251339120418946,1.5433935670050462e-05,3584,0.005324512586088184,0.00017725959948859609,3584,0.02889531576954649,0.0008932083929120751,3584
14,21,0.0038977058895308093,5.3466473087647935e-06,3584,0.016089898637386555,0.0005218194756051,3584,0.0388354971089109,0.0013205473702331417,3584
14,22,0.006849199612742467,9.39533554781048e-06,3584,0.022716397037239957,0.0007622948711686249,3584,0.016393580042252564,0.0005009010265102917,3584
14,23,0.004863190835646534,6.671043662620168e-06,3584,0.010174676407718545,0.0003612997787576667,3584,0.01813349021567322,0.0005682587497582416,3584
14,24,0.0035849043274938336,4.917564241878411e-06,3584,0.010155235864830107,0.00036062640763401244,3584,0.009289492353145813,0.0002704950277547376,3584
14,25,0.009639862773024694,1.322340572149835e-05,3584,0.0006835460805342334,2.3557791035548078e-05,3584,0.06228819386471444,0.001977804444230833,3584
14,26,0.004743916774710287,6.507430412666632e-06,3584,0.004613225822553474,0.0001564603608868525,3584,0.020677785082880935,0.0006600986376864333,3584
14,27,0.005508058327245846,7.5556355686879114e-06,3584,0.0396767577103797,0.0013637611417984042,3584,0.02934330257926772,0.0008761063313927582,3584
15,0,0.006618804897702158,9.07929342642207e-06,3584,0.0030510098327362453,0.00010631846184175804,3584,0.023465660007402443,0.0006684582709835792,3584
15,1,0.009448844124620786,1.2961377401554696e-05,3584,0.03563834824849509,0.0012422046646642915,3584,0.009700872945694482,0.0002534908933625334,3584
15,2,0.005311396504291387,7.285866260352295e-06,3584,0.0023723017714028876,8.33643994969945e-05,3584,0.011939584254632922,0.0003591591070484542,3584
15,3,0.008262807840829028,1.1334441479875974e-05,3584,0.004448447060519796,0.0001548528272580481,3584,0.023868034436238635,0.0007415213054421041,3584
15,4,0.008637600083012445,1.184855979102873e-05,3584,0.030995068607793358,0.0010896300246354958,3584,0.012747463345934762,0.000344911866354617,3584
15,5,0.00457960373180995,6.282035302463798e-06,3584,0.0007988528862539751,2.6727076207421423e-05,3584,0.02262726854679331,0.000694435118405254,3584
15,6,0.005679746635301946,7.791147648359217e-06,3584,0.001603566182172775,5.206308914327396e-05,3584,0.01575870402593529,0.0004982737679660041,3584
15,7,0.005398586131695817,7.405467950909227e-06,3584,0.00542311285060055,0.0001925052885389125,3584,0.02163754786567423,0.0005933764436825043,3584
15,8,0.004576828156113654,6.278227925185874e-06,3584,0.0010328109687436835,3.3189233863584914e-05,3584,0.0273828854352958,0.0008613820925453707,3584
15,9,0.0036363495536775466,4.988133821551132e-06,3584,0.0009609935826486001,3.071601065453332e-05,3584,0.025502160979328104,0.0008481873119172667,3584
15,10,0.0043115941320765,5.914395241348522e-06,3584,0.0035315056208366836,0.0001184000901269962,3584,0.026760077152015654,0.00080554319207955,3584
15,11,0.0047930112699110326,6.5747754092483655e-06,3584,0.0014648952792442377,4.678020979072701e-05,3584,0.03886528709035506,0.0011091688167504373,3584
15,12,0.00474864290365035,6.513913441777676e-06,3584,0.0013125776014202377,4.2750894671425095e-05,3584,0.024409165810805978,0.0007509799809378293,3584
15,13,0.005756476505275626,7.89640124527612e-06,3584,0.001636368954061217,5.506238051210409e-05,3584,0.02788024044697338,0.0009211843420695791,3584
15,14,0.00841667501884995,1.1545507571113856e-05,3584,0.024947940536996973,0.0009041409641792667,3584,0.01927750427228331,0.0005130578746293242,3584
15,15,0.004526604439220175,6.209333936412009e-06,3584,0.014760661538667794,0.0005464115971975957,3584,0.013931306094695057,0.0003856758870507065,3584
15,16,0.004481333865983071,6.147234388703396e-06,3584,0.0035547956423364747,0.00012142469345229169,3584,0.027954059520781113,0.0008050615422524958,3584
15,17,0.003007540721003008,4.125570259761049e-06,3584,0.004286253789547488,0.000155592892882461,3584,0.01361818042434546,0.00041707032864667077,3584
15,18,0.0012726651251872459,1.7457683490319625e-06,3584,0.0062878167684901716,0.0002085542022313594,3584,0.002747798849594208,6.910352135231755e-05,3584
15,19,0.006537439228089601,8.967680703300303e-06,3584,0.004141664645235954,0.00014784346370115786,3584,0.012282032143829703,0.0003347534822117693,3584
15,20,0.011239303087814907,1.5417425358428013e-05,3584,0.024905001714731687,0.0008752289122918624,3584,0.015846082934028196,0.00039673735715145124,3584
15,21,0.005434819229900346,7.455170421002697e-06,3584,0.0022264539934129836,7.283995650264603e-05,3584,0.03185828444820614,0.001032399236984325,3584
15,22,0.0048256048101953004,6.619485339347306e-06,3584,0.004081204943977854,0.0001378780323532955,3584,0.026168150306064435,0.0008179712715109833,3584
15,23,0.014775025414855841,2.0267524574554033e-05,3584,0.006405663371570588,0.00020880239940562916,3584,0.042247883721428715,0.0013673912593979833,3584
15,24,0.006839725697853325,9.382339781951354e-06,3584,0.021227960153829387,0.0007673222270218125,3584,0.014511164572461205,0.0004486680629388167,3584
15,25,0.009305217147481452,1.2764358219623774e-05,3584,0.01394306799188285,0.00046504112842486663,3584,0.01291267268372897,0.0003595685931539708,3584
15,26,0.008780389822047782,1.2044430482517453e-05,3584,0.010734277241720727,0.00035387893393037923,3584,0.05213351425541405,0.0015931751979867915,3584
15,27,0.007914772191111343,1.0857026319306089e-05,3584,0.002926615975037971,9.682617548221188e-05,3584,0.03516955857449838,0.001131007436690979,3584
16,0,0.006226581263435309,8.541263736966694e-06,3584,0.02608092861404968,0.0009302248350704956,3584,0.02799565109815576,0.000755290256683798,3584
16,1,0.007742533505717775,1.0620759264692408e-05,3584,0.022530019790272495,0.0007811572996762832,3584,0.02443302128108633,0.0006538045929802725,3584
16,2,0.012065181197641104,1.6550317149495508e-05,3584,0.021349313656285035,0.0007836941035422625,3584,0.03043553437205103,0.0008141337964291418,3584
16,3,0.00724391445212045,9.936782508013874e-06,3584,0.01430285923571996,0.00048796448112412087,3584,0.019316435532693313,0.0005154149928976741,3584
16,4,0.005617635501032663,7.705947183430904e-06,3584,0.01527386061321835,0.0005354957597052041,3584,0.013182074393958442,0.0003885304593576626,3584
16,5,0.008372627740774892,1.1485086065362501e-05,3584,0.030466421846807628,0.0010266738405027417,3584,0.023610648703015342,0.0006540026676505668,3584
16,6,0.005877557592934509,8.06249327382391e-06,3584,0.01095790623910405,0.0003901801449383833,3584,0.02298351291064084,0.0007052219768104002,3584
16,7,0.003210108676453704,4.403441257895763e-06,3584,0.005331434407821592,0.00019069535778958223,3584,0.02063191328214162,0.0005970310093835083,3584
16,8,0.0056186111156170835,7.707285483774573e-06,3584,0.0022998823902721463,7.468272748074912e-05,3584,0.020244262673416228,0.0006010526839280876,3584
16,9,0.0034178114456975086,4.688355890908715e-06,3584,0.005650031517931954,0.00019015874031463713,3584,0.025771820695785052,0.000657179318652924,3584
16,10,0.0012270302051055708,1.6831690065187584e-06,3584,0.0031225723376025294,9.508849892560863e-05,3584,0.0090877558643895,0.00028552331598506665,3584
16,11,0.0009449987359221166,1.2962945631053847e-06,3584,0.0038764641053492498,0.00012047374558889672,3584,0.00972047498790364,0.0002867257538284323,3584
16,12,0.0012896247016611084,1.7690325141172305e-06,3584,0.003325829651372425,0.00010825484275823495,3584,0.028646581091451545,0.0008520885248724457,3584
16,13,0.001209154750342854,1.6586484917550718e-06,3584,0.002834333882295362,0.00010467769079497977,3584,0.009066530466171596,0.00022642699733929313,3584
16,14,0.0038368457550635366,5.263162901120732e-06,3584,0.009902225902778205,0.000346652319585075,3584,0.053357023127862786,0.0015797798411587582,3584
16,15,0.0038631930905355005,5.299304656973396e-06,3584,0.0029341889676396792,0.00010837858111108837,3584,0.08088782109606532,0.002547314377420983,3584
16,16,0.0033042700412102,4.532606363240424e-06,3584,0.006857767482114262,0.0002462426954970333,3584,0.01773088758982864,0.0005124820135347125,3584
16,17,0.0038958581021992004,5.3441126243361716e-06,3584,0.008760405666057137,0.0003054217205191708,3584,0.022229537226314367,0.0006601142239892834,3584
16,18,0.002558751531365096,3.5099472303861336e-06,3584,0.009656258096090931,0.00034514215548085003,3584,0.015088532880507434,0.00044999488636158136,3584
16,19,0.01094418416115496,1.5012598292897441e-05,3584,0.010229969274478149,0.0003575773697379,3584,0.04871249332736064,0.00155844243383835,3584
16,20,0.004605419506537791,6.317447887516812e-06,3584,0.011887966188319067,0.00041825380150956244,3584,0.025786503764791108,0.0008067548653152333,3584
16,21,0.0024820975873976418,3.4047977862675885e-06,3584,0.0007103018101957582,2.2924115053054933e-05,3584,0.025718392337033106,0.0008391024992625376,3584
16,22,0.00195382992957525,2.680150801708109e-06,3584,0.0008161882029764626,2.602979642740739e-05,3584,0.01736486683873171,0.0005709046386925875,3584
16,23,0.0029110100627645873,3.993155087128047e-06,3584,0.0006893659169346749,2.275933534673015e-05,3584,0.03474792162524453,0.0010723792599715125,3584
16,24,0.0027076578331611,3.7142082740444443e-06,3584,0.0033964068622851502,0.00011553041198887224,3584,0.01859990061002374,0.0005564343455428876,3584
16,25,0.0023428371310225083,3.21376835918919e-06,3584,0.0007398031935635626,2.4416979102623933e-05,3584,0.02051097203678919,0.0006248099284716624,3584
16,26,0.005599993339375453,7.681746690772777e-06,3584,0.0017281529581764461,5.7268934171329994e-05,3584,0.03482175132720395,0.00109110011875435,3584
16,27,0.002453893623470042,3.3661092189690163e-06,3584,0.0036790257711206502,0.0001347111187290425,3584,0.01280334090364002,0.00037155088615201804,3584
17,0,0.0031782814129904372,4.359782455709468e-06,3584,0.00864544368043912,0.00029863767291762503,3584,0.028556226706653226,0.0009087163714068415,3584
17,1,0.002660911810811279,3.650084790616535e-06,3584,0.003027892678601017,0.00010540098902159317,3584,0.02671933467412994,0.0008306075140670251,3584
17,2,0.003344413814292154,4.587673274531549e-06,3584,0.0009498097874602126,3.096116862371808e-05,3584,0.056270254060755975,0.0017687354509408459,3584
17,3,0.0026349737968576667,3.614504522496273e-06,3584,0.0023987763010904707,8.099995067121601e-05,3584,0.02130812453890125,0.0006369161784044084,3584
17,4,0.005151189301528075,7.066103294154649e-06,3584,0.0015760186408854623,5.150889231225328e-05,3584,0.09351478116874552,0.002908249058158925,3584
17,5,0.004451656094710687,6.106524142604372e-06,3584,0.0069020655481304245,0.00021683505998535985,3584,0.036321524130336465,0.0010717594094829502,3584
17,6,0.0028154580065408463,3.862082314683164e-06,3584,0.0010300633109825417,3.801980222425085e-05,3584,0.07292575039656157,0.0023955818898439914,3584
17,7,0.0008248963588947498,1.1315450731637817e-06,3584,0.0032026464391930413,0.0001248293505270581,3584,0.009518167488029092,0.0002521823907642738,3584
17,8,0.0015924130666106042,2.184380063573275e-06,3584,0.005332756115705596,0.00020090455351990776,3584,0.01561004162711901,0.0003856878675418568,3584
17,9,0.003365643357804354,4.616794726712201e-06,3584,0.0032900074903168455,0.00010632997274909509,3584,0.023148068629256672,0.0007206482891948001,3584
17,10,0.0004954963144334572,6.796931614186513e-07,3584,0.002080496213715008,6.282538488648481e-05,3584,0.008659921228064388,0.0002605990825230464,3584
17,11,0.0019447028222729168,2.66763075710557e-06,3584,0.0006401330979644708,2.2109474667387255e-05,3584,0.028858340819074815,0.0009050830127664291,3584
17,12,0.0009888917387709042,1.3565044439215117e-06,3584,0.0013733665856222332,4.499703977319808e-05,3584,0.016036089564108166,0.0004954760886424168,3584
17,13,0.00121309636100665,1.6640553617824308e-06,3584,0.0013522907241036582,4.708792256854169e-05,3584,0.03114703155331283,0.0008261757546126247,3584
17,14,0.0028890094076398,3.9629758740980995e-06,3584,0.010874948883920951,0.0003768340491720125,3584,0.018659244385934498,0.00048016201874287543,3584
17,15,0.0009415948450987583,1.291625302629829e-06,3584,0.0021257514933514248,6.804445246433554e-05,3584,0.016541188158722114,0.0004613635774284458,3584
17,16,0.0029994477989699338,4.114468856514538e-06,3584,0.0011346336120153248,3.710758835269373e-05,3584,0.015441935940622438,0.00038461159513563113,3584
17,17,0.003456810216746304,4.741852149956411e-06,3584,0.005440864344406191,0.00019191467284061247,3584,0.02680231265816797,0.0007237309394090333,3584
17,18,0.002782494706094121,3.816865169770137e-06,3584,0.00927150938731966,0.0003285541808471834,3584,0.021437842479544885,0.000518765624331953,3584
17,19,0.0015904849214005833,2.181735146493343e-06,3584,0.003518978998575525,0.00012191747256268932,3584,0.014712755706972601,0.0003337174301913202,3584
17,20,0.0014188089377175916,1.9462399682249226e-06,3584,0.0029056211598327583,9.565230597332487e-05,3584,0.023737804711171744,0.0005769892690252451,3584
17,21,0.004175545772606274,5.7277719666811295e-06,3584,0.003545960685444813,0.00012217295805173772,3584,0.02361859217919429,0.0007190948290024752,3584
17,22,0.004093059072525758,5.61462150179464e-06,3584,0.007585447915358783,0.00026299103398376666,3584,0.025139987225277365,0.0007431766357891416,3584
17,23,0.004153125088150234,5.6970165774033056e-06,3584,0.0045413393866426165,0.00015591337223862614,3584,0.018797088483198967,0.0006146293830106834,3584
17,24,0.0032469818450515373,4.454021732244645e-06,3584,0.01393138713615228,0.0004756219495238,3584,0.015370872069243422,0.0004320251136182809,3584
17,25,0.0023043937411477834,3.161033938131391e-06,3584,0.003985462043601221,0.0001371639665213166,3584,0.016664797105180942,0.0005608192932321709,3584
17,26,0.004461697329006988,6.120298117765791e-06,3584,0.009259535058758378,0.0003124885660285875,3584,0.02068490378497763,0.0005599477926567343,3584
17,27,0.008263360023078571,1.133519892855745e-05,3584,0.007722991811470718,0.0002780508911248375,3584,0.027871973413737025,0.000850930373664675,3584
18,0,0.003335270780398258,4.5751313930766e-06,3584,0.0022936630147041164,7.519463689538012e-05,3584,0.055896455874938376,0.0016834499359211872,3584
18,1,0.0015861268546033915,2.175757002689127e-06,3584,0.005647056777646446,0.00019016084931265578,3584,0.0254896857569364,0.0007537368003466124,3584
18,2,0.0008831962513328041,1.2115174924664982e-06,3584,0.0007612113583129834,2.5732647681141457e-05,3584,0.018003974467717645,0.0005542375394986125,3584
18,3,0.0009221159265630123,1.2649052481899536e-06,3584,0.00070517316303135,2.2919073988846668e-05,3584,0.016469580604140156,0.0004764396582976,3584
18,4,0.0019617895406323334,2.6910693284523593e-06,3584,0.00147679728689455,5.147450504744119e-05,3584,0.03406890206127553,0.0010511536309792749,3584
18,5,0.0007807816329098959,1.0710310450866858e-06,3584,0.004099798306644653,0.00013104440299952844,3584,0.04280300219163808,0.0011386511654879335,3584
18,6,0.001174871572831075,1.6116208136996062e-06,3584,0.0012080547814253874,4.1241057125407744e-05,3584,0.0199690432373882,0.000621140365740375,3584
18,7,0.009941211594931726,1.3636778598362029e-05,3584,1.3560995958233907e-08,3.916512194762647e-10,3584,0.09123124425346651,0.0027248364707590667,3584
18,8,0.0034012284487981285,4.665608292158334e-06,3584,0.0011314203011711457,3.877270090983263e-05,3584,0.029824710419063316,0.0009135859226807501,3584
18,9,0.0022686166796555625,3.111957034082559e-06,3584,0.0006449663493967665,2.189027822329998e-05,3584,0.057943153149708874,0.0015930494191160082,3584
18,10,0.003455919538481537,4.740630370050644e-06,3584,0.010852938547788132,0.0003927481631447209,3584,0.017413596928992154,0.00046893199460836394,3584
18,11,0.002755385712627854,3.7796786161486546e-06,3584,0.004896290290934846,0.00016305362939825064,3584,0.011759161299421254,0.00037160692029577494,3584
18,12,0.0015659670413326959,2.1481029393767e-06,3584,0.0025205118239335837,8.629024511564923e-05,3584,0.014162990570871585,0.00041027050191577084,3584
18,13,0.0032195751766630584,4.416426855909481e-06,3584,0.0031840716331045502,0.00010976934339676165,3584,0.020358964635447358,0.0006081329910256,3584
18,14,0.001974050856160942,2.7078886904760687e-06,3584,0.0033712003219850332,0.00012202157204069811,3584,0.01833550147165628,0.0005664642855078751,3584
18,15,0.0028366437296087252,3.891143658962076e-06,3584,0.0054168935537976205,0.00019275039626513444,3584,0.01554447255236039,0.0004927906990453602,3584
18,16,0.0021884587981981,3.0020010975868103e-06,3584,0.010877784563419398,0.000394018423130925,3584,0.015847180413282518,0.000413441086327656,3584
18,17,0.006817076057230546,9.351270310141023e-06,3584,0.0004305452984308791,1.5444912601543264e-05,3584,0.03893103053825082,0.0012594461752991376,3584
18,18,0.0020998889345025004,2.880506082156609e-06,3584,0.011812420941824142,0.00043200131234405833,3584,0.017434715725700472,0.0005351878835944418,3584
18,19,0.0023879880576043165,3.275703783862056e-06,3584,0.007382188683748942,0.0002684682631635584,3584,0.01677235820439559,0.0004957430876485166,3584
18,20,0.000988922247438871,1.3565462933887466e-06,3584,0.0010786074973024166,3.9126202461872196e-05,3584,0.027610624026408865,0.0008880565600348874,3584
18,21,0.0019109674456891793,2.6213545214980377e-06,3584,0.0011465978107544292,3.867459959830609e-05,3584,0.03530536359142994,0.0012007464549374544,3584
18,22,0.00260795689536225,3.577444304003382e-06,3584,0.0037445742019284883,0.00013038305582394332,3584,0.017981846542499257,0.0005560972044255666,3584
18,23,0.0014168556460025586,1.9435605570548148e-06,3584,0.0060657658455861956,0.00019043972090096158,3584,0.022752859411629186,0.0006708042276285874,3584
18,24,0.004604076008026463,6.315604946787949e-06,3584,0.00470348219844422,0.0001705299812433125,3584,0.017104874745748316,0.0005269094578916124,3584
18,25,0.00854570668114798,1.1722505735018278e-05,3584,0.0016646369128072499,5.2478829347747787e-05,3584,0.047489013622569666,0.0015505614600108666,3584
18,26,0.0017679467532970708,2.4251670148584485e-06,3584,0.003838133391318325,0.0001375222609139454,3584,0.01310313537389086,0.00041777998310057085,3584
18,27,0.0033719827764657957,4.625490780393083e-06,3584,0.0008718006055068167,2.939894513009159e-05,3584,0.028406459294728795,0.0008967109332222958,3584
19,0,0.00766186899582605,1.0510108352977023e-05,3584,7.204443475365272e-08,2.20061530730729e-09,3584,0.13160986761574375,0.004164120953982474,3584
19,1,0.0023111500145512167,3.170301800549692e-06,3584,0.0031707158323451873,0.00010238348390130374,3584,0.03075679675128506,0.0009976043717608834,3584
19,2,0.0018713835175786671,2.5670555805688133e-06,3584,0.0041561274055998835,0.0001392768104880888,3584,0.042923484971863546,0.0015679160327542834,3584
19,3,0.00037045482535664575,5.08168484361242e-07,3584,0.003574861652978158,0.00013280561547618347,3584,0.009982264280891136,0.00029848525688683946,3584
19,4,0.002100075464884246,2.8807619523783006e-06,3584,0.0035153824644857585,0.00012181872298710365,3584,0.06031068637119807,0.0018454964103149709,3584
19,5,0.0009169265325340874,1.2577867394143585e-06,3584,0.005665438821478758,0.000209011478752506,3584,0.009511357006916387,0.00032579927591990004,3584
19,6,0.0022279803576791203,3.0562144850645824e-06,3584,0.01278167138703755,0.00047563618951575003,3584,0.010925565248175916,0.00031647112766446507,3584
19,7,0.0007596504345265292,1.0420444941095902e-06,3584,0.00033252004490099584,1.1516057559174789e-05,3584,0.01600128943003395,0.00051901937877295,3584
19,8,0.0013706674698812501,1.880202290898115e-06,3584,0.00022455835906117419,7.683267249862513e-06,3584,0.022814238386512222,0.0007158860867107251,3584
19,9,0.0005045840689153834,6.921592166331441e-07,3584,0.0003143093057767928,1.0733189117335546e-05,3584,0.012678802321336285,0.0003784164846613208,3584
19,10,0.0007706027724299499,1.0570682756172835e-06,3584,0.0004958874570473918,1.674710271755134e-05,3584,0.03949486204809114,0.0011525855720985456,3584
19,11,0.0017566588643526835,2.4096829429314077e-06,3584,0.0017169865257976333,6.146549299057352e-05,3584,0.023833527156634813,0.0007325038342379709,3584
19,12,0.0006832938512989999,9.373029496353673e-07,3584,0.000480697182067853,1.5442632783037553e-05,3584,0.013490034818398491,0.0004970405691697042,3584
19,13,0.0015281117286727417,2.0961752098186536e-06,3584,0.0003471573828752375,1.2172912396054452e-05,3584,0.01694233010484068,0.0004920482380160125,3584
19,14,0.002324844763429221,3.1890874645685653e-06,3584,0.004264758540155142,0.00015100880374357883,3584,0.02884301299787091,0.0009172895146621667,3584
19,15,0.0030123016343471965,4.132101003064869e-06,3584,0.022251517566086287,0.0008681573589605084,3584,0.02716625492310351,0.0007009050116769263,3584
19,16,0.003832662753710421,5.257424901606332e-06,3584,0.009268868781214403,0.0003274009374241084,3584,0.03636019366220225,0.0010793170336837292,3584
19,17,0.0030026213923914414,4.1188222132732124e-06,3584,0.020703457044680896,0.0008242349043599042,3584,0.021761692587981954,0.0005997131286256191,3584
19,18,0.0030273111322863286,4.152690166137953e-06,3584,0.02376679504054419,0.0008762880221720834,3584,0.018924379695129185,0.0004961510688062978,3584
19,19,0.002603881519340479,3.5718539354594454e-06,3584,0.012587915074172921,0.0004920174201177543,3584,0.03002120462484281,0.0008573652575773501,3584
19,20,0.002312815720709625,3.1725867247135728e-06,3584,0.013118738171350793,0.00045952977632654593,3584,0.015876715848635873,0.00046316533301202917,3584
19,21,0.0010061249563496084,1.3801439738416889e-06,3584,0.0034336670443667165,0.0001171435541660266,3584,0.022132324689023226,0.0007485804106084126,3584
19,22,0.001954177917468825,2.6806281460706007e-06,3584,0.016398561243499383,0.0005989251988650583,3584,0.013047272342573517,0.0003441859995515801,3584
19,23,0.0027994657560469587,3.84014506980398e-06,3584,0.014503238692064185,0.0005097712843863667,3584,0.021108171383874514,0.0006881908256215208,3584
19,24,0.0013192105090547416,1.8096166098513844e-06,3584,0.0070016012374922295,0.000266128077000225,3584,0.007530263157766232,0.00026666427430277186,3584
19,25,0.0016990656089545207,2.330679846086897e-06,3584,0.005849170268509454,0.00020921192670435418,3584,0.012197430622998997,0.0003715829170472333,3584
19,26,0.004826628934493838,6.620890173524328e-06,3584,0.007626869161717629,0.0002732205455365625,3584,0.023655612856126888,0.0007454267054552,3584
19,27,0.0017053422250852084,2.3392897455296397e-06,3584,0.004689821058147158,0.000185708492370617,3584,0.03767640634848663,0.0012399298670993043,3584
20,0,0.0008821581438498415,1.210093476207766e-06,3584,0.0007709107328885208,2.9026012894029228e-05,3584,0.06352560352265194,0.002040903987524371,3584
20,1,0.0013395639100906168,1.8375362293454035e-06,3584,0.00046088650000172425,1.530033653140907e-05,3584,0.041283510924364664,0.001358795390265446,3584
20,2,0.0033549788778470496,4.602165814856665e-06,3584,0.0020181015760237747,7.432852571216957e-05,3584,0.05536958581463594,0.0018205790730296833,3584
20,3,0.0011452393054740709,1.57097298556111e-06,3584,0.0008683832770144791,3.0032746157787327e-05,3584,0.017538002270209796,0.000563791947036854,3584
20,4,0.0007960833585569918,1.0920210675633976e-06,3584,0.002365910656167754,8.220317152379449e-05,3584,0.01352225325461545,0.0004221805702574458,3584
20,5,0.0010736793896047917,1.472811232468638e-06,3584,0.0026530321463510502,9.778173856480174e-05,3584,0.02472235668432779,0.0008449991684860834,3584
20,6,0.0012524491407268834,1.718037231912392e-06,3584,0.0017427492502048291,6.11726609026571e-05,3584,0.019633670513318366,0.0006119112464353918,3584
20,7,0.001189981607174875,1.6323478838295425e-06,3584,0.0012853560235779665,4.941348429027357e-05,3584,0.03072682556487794,0.0008522527195759625,3584
20,8,0.0013209342909365042,1.811981193136602e-06,3584,0.006121799103169476,0.00026269825367785743,3584,0.02500670807977537,0.0006664420882557669,3584
20,9,0.0010427822930399709,1.430428387465901e-06,3584,0.0020614013713852416,7.888850580127918e-05,3584,0.009406938889495309,0.00024168740298191008,3584
20,10,0.0008601449551723833,1.1798970560912873e-06,3584,0.0016400438683759207,6.736454236516595e-05,3584,0.0065182622368366245,0.00022289274290532033,3584
20,11,0.0008194743348343667,1.1241074543909005e-06,3584,0.0022779381534633165,7.997412828048287e-05,3584,0.009095502427464408,0.00025049998270892037,3584
20,12,0.0010239250358423625,1.4045610925016876e-06,3584,0.002283982314102246,8.408603243628938e-05,3584,0.01389743441989373,0.0004178618696654083,3584
20,13,0.0005436446615956207,7.457402766710856e-07,3584,0.0004237717090564542,1.53770314883862e-05,3584,0.007334033374702062,0.0002103757395431463,3584
20,14,0.0025461718701779413,3.4926911823999245e-06,3584,0.003527966109042142,0.00013155267315219369,3584,0.013485119466270283,0.00043787897223375,3584
20,15,0.0013885900596420167,1.9047874608411245e-06,3584,0.00428622885153385,0.00015321777339409882,3584,0.006174735274198995,0.0002141040546720653,3584
20,16,0.0011313315762402501,1.5518951653334606e-06,3584,0.002140749144965688,7.360206756645322e-05,3584,0.009270518007159235,0.00033068307460671254,3584
20,17,0.002359479392743583,3.236597251034049e-06,3584,0.010444443408478154,0.00037037904758055,3584,0.014687448547869936,0.0005366577677502222,3584
20,18,0.0009541676440568831,1.3088719404778726e-06,3584,0.0019025540500513917,6.314835316678772e-05,3584,0.021017286620186117,0.0008206096629043419,3584
20,19,0.0011933832285968419,1.6370140303335766e-06,3584,0.00622527534971188,0.00021707033643577107,3584,0.007274785094252362,0.00023811509007459717,3584
20,20,0.00126846431005245,1.7400059125203219e-06,3584,0.00188300543249665,6.412611129917707e-05,3584,0.010017533702849886,0.00033445097041142507,3584
20,21,0.002397522419247754,3.2887824678179863e-06,3584,0.01452960408173771,0.0005393309194718542,3584,0.015289738441252731,0.0004685259105081637,3584
20,22,0.0017897476693988416,2.455072249278344e-06,3584,0.0033600513537646835,0.00012264142849099748,3584,0.015190396577600893,0.0005216946151363667,3584
20,23,0.0007629516308518377,1.0465728805757784e-06,3584,0.004090265259617217,0.00014818841944461885,3584,0.008754425691890872,0.00028534311453238745,3584
20,24,0.0012743132977418668,1.7480292146538943e-06,3584,0.0036700582905126494,0.00014201987998242128,3584,0.0209240202746397,0.000605406075215225,3584
20,25,0.0016607041441115003,2.278057812030325e-06,3584,0.002606721574881296,9.206209341349938e-05,3584,0.013449652775595455,0.0004901870628861542,3584
20,26,0.0013714354171565166,1.881255715718509e-06,3584,0.009409523443411312,0.0003514510820701875,3584,0.00979507698151971,0.0002825743685887683,3584
20,27,0.0014493565274753502,1.9881433832065515e-06,3584,0.006872881179386517,0.00024447829073962136,3584,0.013721540685957821,0.0004240406458820226,3584
21,0,0.0015847903968871958,2.1739237266369416e-06,3584,0.005458113285794492,0.00019466526100719167,3584,0.013445296327243637,0.0005264010672793416,3584
21,1,0.0017492161237824125,2.399473422237951e-06,3584,0.009024443453933237,0.0003355193859951333,3584,0.0058724772103792245,0.00019452530115480666,3584
21,2,0.0014248421747920295,1.9545160176728568e-06,3584,0.006123277021844445,0.0002331478323922112,3584,0.003824727128507991,0.00014204991686964934,3584
21,3,0.001218739489650775,1.6717962821665355e-06,3584,0.0035045679129353333,0.00012774884535583835,3584,0.00472299172015058,0.0001547417436474812,3584
21,4,0.00272904036261375,3.743539593410936e-06,3584,0.008327638892172529,0.0003166968877219072,3584,0.006760904915205213,0.00026183526025607394,3584
21,5,0.0022285880566709584,3.057048089037657e-06,3584,0.010654939973013937,0.00041211774324239584,3584,0.00448576790285965,0.00015163274706837753,3584
21,6,0.008071345543830741,1.107180458082776e-05,3584,0.004228828081822896,0.0001497205233129182,3584,0.01282617110710614,0.00046211265072313335,3584
21,7,0.000403216298224125,5.53108776717524e-07,3584,0.0026198098076133415,8.658126130898072e-05,3584,0.006404366702830196,0.00017664345531002643,3584
21,8,0.0006331952121724501,8.685805381258482e-07,3584,0.0009578308560052834,3.332691894235917e-05,3584,0.009745682433758054,0.00028845080710012213,3584
21,9,0.0005176812356182042,7.101251514747294e-07,3584,0.00014495563465780474,5.169399691646226e-06,3584,0.009631979220391038,0.000297407825139475,3584
21,10,0.00017768309377318462,2.437353824203559e-07,3584,0.0005240174243029875,1.729267455684418e-05,3584,0.005218952003424283,0.000202837751934522,3584
21,11,0.0007284971273409832,9.993101897972025e-07,3584,0.0004700600420204874,1.5202225022783e-05,3584,0.020127206679753967,0.0005937009251864417,3584
21,12,0.0007153702232177376,9.813034614272402e-07,3584,0.0004577978748446375,1.7016712883995773e-05,3584,0.02493820792082388,0.000762463435980704,3584
21,13,0.0005258194636979958,7.212887017540708e-07,3584,0.005094263984756033,0.0001685296944747035,3584,0.011454501694459551,0.0003501166380696458,3584
21,14,0.001596802796294583,2.1904016430268204e-06,3584,0.012272414822301016,0.0004757143128431459,3584,0.018672173376952466,0.0005189519276487924,3584
21,15,0.003720624131902592,5.103736806817566e-06,3584,0.0004938164533207001,1.4797262683950213e-05,3584,0.04903052359373749,0.0013403538771541337,3584
21,16,0.005411304879198109,7.422914786883934e-06,3584,0.0002667428104726273,8.528328911910419e-06,3584,0.02065853666457296,0.0005842007088531132,3584
21,17,0.002907356674910509,3.988143590053299e-06,3584,0.004413717917449737,0.00014877150074769465,3584,0.027500598303101406,0.0007847702019739207,3584
21,18,0.004507735167442092,6.183450163174731e-06,3584,0.003186646100006508,0.00010798962898997287,3584,0.022063280971313156,0.0006980185757235084,3584
21,19,0.0008392711753984041,1.151263614604446e-06,3584,0.0006520733691676668,2.2471647487466657e-05,3584,0.02134302699970665,0.0007330258820397332,3584
21,20,0.0018938830513107916,2.5979191354149693e-06,3584,0.0002391352284093375,8.993746199626612e-06,3584,0.028302659204757333,0.0008604640638507375,3584
21,21,0.0005692138770001042,7.808146460923051e-07,3584,0.0026120181421066244,9.059185291204426e-05,3584,0.009321601180161109,0.00033763619858575,3584
21,22,0.0008798337031051541,1.2069049435204806e-06,3584,0.007559648617363375,0.0002658059009420125,3584,0.00959446050410683,0.00028002552400412784,3584
21,23,0.0029216088724975,4.007693927068124e-06,3584,0.0014447956696183708,4.9874267389686954e-05,3584,0.016103697027301363,0.0005122014843362543,3584
21,24,0.0009870418193669293,1.3539668298847845e-06,3584,0.005594336119652487,0.00020317931737696642,3584,0.0028881894535049,0.00010218296087937931,3584
21,25,0.0010741123331774332,1.4734051205014131e-06,3584,0.009139229102813787,0.0003176657175954584,3584,0.005645496806115663,0.00018799931365897707,3584
21,26,0.00044905043966501245,6.159813986081605e-07,3584,0.002937248040966546,0.0001044314233050993,3584,0.010032839123271017,0.00034886555204939997,3584
21,27,0.0005448179438566959,7.473497181212271e-07,3584,0.00492786304850193,0.00017988167745252171,3584,0.007359955103577963,0.00021523943132610893,3584
22,0,0.0009929158463368,1.3620244802359475e-06,3584,0.0014820977704509625,5.7180538341985375e-05,3584,0.010685486862253332,0.0003019588800057697,3584
22,1,0.0010007301275343123,1.372743658733741e-06,3584,0.007378828804916862,0.00031621281483753557,3584,0.005932459482004587,0.00015813344922278123,3584
22,2,0.0012303563909505542,1.6877316791006887e-06,3584,0.00042304459990831245,1.4997886421084728e-05,3584,0.016687825834741665,0.00044928818344936193,3584
22,3,0.0008026563555242209,1.101037525922487e-06,3584,0.0027388039176337044,0.00010081602843571357,3584,0.014396768016533883,0.00034590741842945705,3584
22,4,0.00041620643912173774,5.709278993968074e-07,3584,0.0037623157166487542,0.00014975943681920054,3584,0.007365579168662266,0.00017879632279523027,3584
22,5,0.0009125842425328082,1.2518302341995e-06,3584,0.002721775937188296,0.00010775693457057379,3584,0.028218234867818295,0.0006692754994990908,3584
22,6,0.00044726930626149585,6.135381427669958e-07,3584,0.0015588979147201792,5.315163054886218e-05,3584,0.007757788114443422,0.00018934995684176227,3584
22,7,0.0009427458462549918,1.2932041775525138e-06,3584,0.00787503924302833,0.000299471414040327,3584,0.0035163918290048502,0.00010548916076893922,3584
22,8,0.0009169454944682249,1.2578127478391323e-06,3584,0.0035635459233586708,0.00013672841081211094,3584,0.008678820603787772,0.0002819221510262901,3584
22,9,0.0008958257636834333,1.2288419254359428e-06,3584,0.002654049201378154,9.832374424050809e-05,3584,0.00473068447267548,0.00014961593087536613,3584
22,10,0.0004103993121568664,5.629620186953396e-07,3584,0.003362056623008192,0.00012006665201153958,3584,0.00492222101616402,0.00017065381170215001,3584
22,11,0.0003118627603717517,4.277952820279476e-07,3584,0.0014614316221302501,5.131136341869926e-05,3584,0.0051881918146467745,0.00019476360452462917,3584
22,12,0.000645482825310725,8.854359740141136e-07,3584,0.0031716024290710625,0.00012850189522512653,3584,0.004006374846756071,0.00013983013126447872,3584
22,13,0.0010191038977432417,1.397947734437962e-06,3584,0.010475562809231051,0.00039136621574309085,3584,0.007868590649038675,0.00022166921570398576,3584
22,14,0.0005195195149689959,7.126467975793207e-07,3584,0.0030604582151407913,0.00011317317682524077,3584,0.0041631007077686626,0.00012629285708401405,3584
22,15,0.0010973905912784,1.5053368869307687e-06,3584,0.007535344365436596,0.00028947854561965294,3584,0.0024941142050128495,9.75556524970447e-05,3584
22,16,0.0012640145954606458,1.7339020502694393e-06,3584,0.0018931650687723251,6.867529308527267e-05,3584,0.006199864604837788,0.00020269832708556668,3584
22,17,0.0008862455404632458,1.215700328870515e-06,3584,0.006356144221370222,0.00025484208643106247,3584,0.0030356492952239873,0.0001081439011665943,3584
22,18,0.0007603311035613457,1.0429781937772033e-06,3584,0.00559299309751865,0.00020378233099839689,3584,0.006407428902413779,0.0002487711091546646,3584
22,19,0.000656099577518071,8.999994202200065e-07,3584,0.003690769211372775,0.0001430574176227697,3584,0.0030802467756125204,0.00010810694988860854,3584
22,20,0.0008830047163984708,1.2112547547164905e-06,3584,0.002685269403039496,9.940949323706788e-05,3584,0.006759609447715454,0.0001944716522950221,3584
22,21,0.0005456991636310083,7.48558523865978e-07,3584,0.003028263409726463,0.00011490832819209555,3584,0.00978574098705135,0.00029032705038633746,3584
22,22,0.00019976484766438175,2.740258545379685e-07,3584,0.0032286733209041588,0.00013120991554592097,3584,0.0014375670781621062,2.934450693881029e-05,3584
22,23,0.00115063984731015,1.5783811355161561e-06,3584,0.0024157227166515046,8.887853227933e-05,3584,0.008797250619052597,0.0003030793209878625,3584
22,24,0.0011564430745429415,1.5863416647234442e-06,3584,0.008757206337410403,0.0003651906657296054,3584,0.009018215979589963,0.000249104368131604,3584
22,25,0.0014762364397580665,2.0250156910403255e-06,3584,0.01421021359469589,0.0005633458739870457,3584,0.019927589066223366,0.0005603599652527679,3584
22,26,0.00043550421098254174,5.973994665333813e-07,3584,0.005483021805017603,0.00019677466068370985,3584,0.007151538739218474,0.00020972925397837227,3584
22,27,0.0011435370057782,1.568637866695912e-06,3584,0.006786807404218917,0.000253174312089646,3584,0.008061580034310187,0.0002874171765299621,3584
23,0,0.0016353219282087626,2.2432399545120164e-06,3584,0.011016427284034895,0.00042433461305587886,3584,0.0038970604274832636,0.00014774889507838498,3584
23,1,0.0013563282407365,1.8605325662156497e-06,3584,0.007010901450932788,0.0002593955517888831,3584,0.0037148479082234833,0.00013630147920831953,3584
23,2,0.001049071824859804,1.4390560013902157e-06,3584,0.006207074742191659,0.00023000029174297253,3584,0.0032715622935668835,0.0001180881969530881,3584
23,3,0.0007725871757195125,1.059790363339128e-06,3584,0.00465186065595732,0.00017129970007608104,3584,0.002701014268440388,9.414834613256359e-05,3584
23,4,0.0007229027036803126,9.91636080701169e-07,3584,0.003724010967176958,0.00015407365787525288,3584,0.0022167590995795,7.4764413612129e-05,3584
23,5,0.0006995377071789042,9.5958533105032e-07,3584,0.005889905746321967,0.00023012378649977215,3584,0.0029017589110722965,9.910001300365253e-05,3584
23,6,0.0018460669956653416,2.5323278384468635e-06,3584,0.009495063961690345,0.00037130819722392127,3584,0.0033271810584575416,0.00011666923324414929,3584
23,7,0.0018490202232681753,2.5363789032310183e-06,3584,0.0008121036728419209,3.220035059279704e-05,3584,0.005801622848399163,0.00017804080471749224,3584
23,8,0.0031073443198004792,4.2624750610976226e-06,3584,0.004548161236440367,0.0001790911206497819,3584,0.009410399534732035,0.00027601759510581194,3584
23,9,0.0017452940906412665,2.3940934032370807e-06,3584,0.0025238402360674623,9.598458400044546e-05,3584,0.011778301146143052,0.0003101508930975079,3584
23,10,0.0035062749162230247,4.8097049617657715e-06,3584,0.00022905681172436418,7.802055879361138e-06,3584,0.026533638443836424,0.0007616711457410543,3584
23,11,0.0020519087774229796,2.814689684628903e-06,3584,0.009786127291146167,0.0004142663290307922,3584,0.006607390037722967,0.00019223661038257403,3584
23,12,0.0008319176107035583,1.141176419483623e-06,3584,0.005391083182536117,0.00023752896979028235,3584,0.0032810508486578412,0.00010606950762501291,3584
23,13,0.0012702827756125043,1.7425003754840762e-06,3584,0.005473690842471149,0.00023434142033702216,3584,0.004470131215127567,0.00012333833567061212,3584
23,14,0.0011778065028839582,1.615646779390506e-06,3584,0.0016323742005350458,6.435654437663275e-05,3584,0.00432703120161772,0.00015356135210221035,3584
23,15,0.0013476253496455999,1.8485944446272342e-06,3584,0.003919540730709862,0.0001465774484791423,3584,0.00442613601290568,0.00013504498329252956,3584
23,16,0.0017727696322583876,2.4317827607553335e-06,3584,0.0011796046004512958,4.3593551892491676e-05,3584,0.005521562233341204,0.00017901098785610002,3584
23,17,0.004369378359261846,5.993660296643809e-06,3584,0.0026054032695101204,0.00010421353853209617,3584,0.009585654020150172,0.0003194426510850917,3584
23,18,0.000854189946441025,1.1717283220776022e-06,3584,0.005697281095449762,0.00021669951821393367,3584,0.004604798799801287,0.00014097533647029897,3584
23,19,0.001170205807667921,1.6052205885208702e-06,3584,0.004173839622647558,0.00016900103569577292,3584,0.002576884208767154,7.412187251095426e-05,3584
23,20,0.004581127513597284,6.284125536681876e-06,3584,0.004082137245654109,0.00016153967929440131,3584,0.007480455241366264,0.00020814196844687552,3584
23,21,0.001174733654814325,1.6114316254623497e-06,3584,0.0011521117876958416,3.6116029105356727e-05,3584,0.011415282846186014,0.0003616484914030959,3584
23,22,0.0017917849716689793,2.4578669049278145e-06,3584,0.0006656249278857583,2.5141247014902248e-05,3584,0.01909263183108682,0.00063080279891335,3584
23,23,0.0008184653823122876,1.1227234314859293e-06,3584,0.0011174527487758958,3.6564242065361886e-05,3584,0.0071977601353345995,0.00022287428931426308,3584
23,24,0.0008042932979743958,1.1032829871401699e-06,3584,0.0009552421473483791,3.149192377206549e-05,3584,0.009579151302989737,0.00031250924056196253,3584
23,25,0.0021211935449762377,2.9097305139656344e-06,3584,0.0037202650208263545,0.00012670314256810726,3584,0.019236352347002883,0.0005615377619244125,3584
23,26,0.0006166629416088042,8.459025266743477e-07,3584,0.001426376843585358,4.880551342310881e-05,3584,0.008854285972257429,0.0002839905567737167,3584
23,27,0.001382084727949971,1.8958638232167291e-06,3584,0.0003960342989068625,1.3031082256969258e-05,3584,0.01972016924115508,0.0006178154092943208,3584
24,0,0.0036089215359704336,4.950509648416119e-06,3584,0.0033699046685642616,0.00011768599464869373,3584,0.007538689140345633,0.0002522139261522625,3584
24,1,0.0013637784234268582,1.8707522950777305e-06,3584,0.00016669894288193665,5.37278269163873e-06,3584,0.014177753295873315,0.00043248849163072915,3584
24,2,0.0014312742867009873,1.9633392111627522e-06,3584,0.0012429949748309001,3.993367592026274e-05,3584,0.010025916990662884,0.00034115067574809585,3584
24,3,0.002240786374916212,3.0737810318756424e-06,3584,0.00037884006148960423,1.177299788195098e-05,3584,0.015281593790032225,0.00045295775464205,3584
24,4,0.00034432009197535486,4.723183702003392e-07,3584,0.0001706993880299621,5.719677817448368e-06,3584,0.004308189552576134,0.00012917952786625818,3584
24,5,0.000967371886132525,1.326984755793983e-06,3584,0.0004654791284537795,1.4529956437018664e-05,3584,0.011288560579995525,0.0003785200051861667,3584
24,6,0.0007266606818945584,9.967910595493246e-07,3584,0.0004011038822887333,1.3331124983378068e-05,3584,0.005086602404068079,0.00017664414094507264,3584
24,7,0.0005897895607210083,8.090391780864726e-07,3584,0.0007207980930489,2.3462424882155988e-05,3584,0.018636958861041716,0.0006230285813498216,3584
24,8,0.0005085077269590167,6.975414644162833e-07,3584,0.0008381182598917416,2.9830254226447857e-05,3584,0.0054764020356520135,0.00013643127446801086,3584
24,9,0.0006464375932502625,8.86745668346857e-07,3584,0.0007369316891601083,2.453214249091486e-05,3584,0.002209817745565904,7.493276291017323e-05,3584
24,10,0.0004310504958600292,5.91290117840254e-07,3584,0.0007530932525530916,2.3345651134865672e-05,3584,0.002897254719380038,7.789242661707579e-05,3584
24,11,0.0007632229599326793,1.0469450758642692e-06,3584,0.0019808260796840955,6.80856607659971e-05,3584,0.00707524545354617,0.00021395583817396485,3584
24,12,0.0013339982943518707,1.8299016372959787e-06,3584,0.0009637187124080165,2.9407389765172894e-05,3584,0.0036834945993950625,0.00011599345843175619,3584
24,13,0.0004052550150606262,5.559053714860066e-07,3584,0.002289404576184521,8.049227307697962e-05,3584,0.0075216707482487835,0.00019625135328168604,3584
24,14,0.0005866113816511833,8.046795361868237e-07,3584,0.005425867195600125,0.0001965182627468598,3584,0.009013300773426438,0.0003352020487546797,3584
24,15,0.00087744159034255,1.2036235816421307e-06,3584,0.0036492873993877253,0.00013331548409171854,3584,0.005521845575205345,0.00019605300146182913,3584
24,16,0.00041603811174195415,5.70696997962273e-07,3584,0.0020060759489163543,6.977639060320137e-05,3584,0.005440580403313484,0.00017135293464675433,3584
24,17,0.0004930385140681667,6.763216932033316e-07,3584,0.0044938975850850795,0.00015454937470022923,3584,0.004738717804931,0.0001734606234588033,3584
24,18,0.002263058346662275,3.1043324359959893e-06,3584,0.0012591311659838624,4.8915930625977154e-05,3584,0.00889393598029314,0.0003232207141448833,3584
24,19,0.0004422085358136459,6.065960714388653e-07,3584,0.004729895625791162,0.00017346568849628977,3584,0.0021910870820921087,7.385255184738637e-05,3584
24,20,0.00035666014386305034,4.892457395350744e-07,3584,0.0008888058492283625,3.100207934299548e-05,3584,0.009085128560621073,0.00031138203819209583,3584
24,21,0.0019283150107719125,2.6451509097406268e-06,3584,0.00981449060083168,0.00042400612286501763,3584,0.014577320232972512,0.0003790776737654478,3584
24,22,0.000689033675383225,9.451765086229908e-07,3584,0.0007942634209503124,3.101248296108356e-05,3584,0.013791254305569439,0.00037832517191826786,3584
24,23,0.000880997991144804,1.208502045197928e-06,3584,0.004475243078576775,0.0001803385696877832,3584,0.0048169614570607215,0.00014471367935016614,3584
24,24,0.0021800146398478206,2.9904178840429313e-06,3584,0.00403347408479555,0.00016818959632106624,3584,0.02184427357190225,0.0006479330628083625,3584
24,25,0.0011172189393451831,1.5325362686260615e-06,3584,0.003372659372463696,0.00014062179949946444,3584,0.005684790978601771,0.0001699443378210319,3584
24,26,0.0007241262143818667,9.933144236163715e-07,3584,0.008141018448321718,0.0003362919063545364,3584,0.024679093807623117,0.0006548458172445671,3584
24,27,0.0012525012423008585,1.7181087009289429e-06,3584,0.004974889897365996,0.00021712219440567403,3584,0.01981229300565963,0.0005507012845862681,3584
25,0,0.0002894037574245833,3.969873212709328e-07,3584,0.0006215816689191375,2.194712639660411e-05,3584,0.0036732507014543207,0.00012144743416782392,3584
25,1,0.00036110752500842085,4.953463990473055e-07,3584,0.00042873975737772084,1.429611612792319e-05,3584,0.007390292869196897,0.0002302754971365083,3584
25,2,0.0005697923460117209,7.816081556535518e-07,3584,0.000136865594006565,4.469210006047552e-06,3584,0.010435010756692393,0.00022176178202957286,3584
25,3,0.0004375694074809458,6.002323842403539e-07,3584,0.0005715862308408958,1.9163124393599363e-05,3584,0.006840795926213654,0.00023040920506316667,3584
25,4,0.001668941397655575,2.28935719654362e-06,3584,0.0003845544862224422,1.2812472466288129e-05,3584,0.014881065751983594,0.00047599627274224173,3584
25,5,0.00027800315341038967,3.8134863260426994e-07,3584,0.000560429882037675,2.065229109182944e-05,3584,0.0038001379566491543,0.00012459414907098565,3584
25,6,0.00030493362596110827,4.182902964378028e-07,3584,0.00023187982619671428,8.210664033884468e-06,3584,0.004894104353473358,0.00015654632861357662,3584
25,7,0.0007325567777764167,1.0048789819189753e-06,3584,0.004593521288570845,0.00017216287106398573,3584,0.0035255004440231247,0.00010515174774785377,3584
25,8,0.0008553174635147041,1.1732749837964207e-06,3584,0.007655724371510266,0.0002782324907857777,3584,0.003939565002062983,0.00011863173532924369,3584
25,9,0.0006996707141782083,9.597677849880346e-07,3584,0.004879431113938784,0.00019121749127052134,3584,0.0033442525423094047,9.477207809445219e-05,3584
25,10,0.0008777743172164082,1.2040799959911406e-06,3584,0.005680610123262667,0.00022707940309373812,3584,0.006828149226509404,0.0001820281881064459,3584
25,11,0.0007292501581411375,1.0003431522620915e-06,3584,0.0045188427600125,0.00017547059090000343,3584,0.004007192259511613,0.00012091192083465406,3584
25,12,0.0008630478611327625,1.1838790954004906e-06,3584,0.0059710788059537155,0.0002310550384145623,3584,0.003437834942828471,9.949045692968197e-05,3584
25,13,0.0010592900995664582,1.453072837715859e-06,3584,0.003909682458871849,0.00014843028558431752,3584,0.010155715401797466,0.00027232945539219506,3584
25,14,0.0007685320718804957,1.0542278075539314e-06,3584,0.00022406483138019486,7.77909856348847e-06,3584,0.008184297399811058,0.00026268829035975,3584
25,15,0.0015485736451499794,2.124243681546049e-06,3584,0.0010087723375524626,3.300945625341013e-05,3584,0.02530227047477034,0.0007796454958608833,3584
25,16,0.0015731938788949749,2.1580162964119263e-06,3584,0.0006103026400096541,2.0452642786845828e-05,3584,0.006344087520078238,0.00020056218764064114,3584
25,17,0.0007538101824982293,1.0340331732364735e-06,3584,0.0015118369785013335,4.762994184484156e-05,3584,0.011488185513982946,0.0003904146790186333,3584
25,18,0.0012054188177140293,1.6535237529871647e-06,3584,0.00020079824277268878,6.643935761517058e-06,3584,0.017365687011763054,0.0005330120244599583,3584
25,19,0.0009936708195697082,1.3630601095413275e-06,3584,0.00040618473664662697,1.3197124132461072e-05,3584,0.008560982951505232,0.00026927665832948916,3584
25,20,0.0023505952243435,3.224410456730385e-06,3584,0.0022010538732588248,7.67038453431954e-05,3584,0.020305027461392688,0.0005567905158238876,3584
25,21,0.0006521956893283084,8.946442923360341e-07,3584,0.0004921027205784001,1.8480622522435737e-05,3584,0.002391208475396062,8.322796100416765e-05,3584
25,22,0.0012332165031423957,1.6916550109705817e-06,3584,0.0005549283895434874,1.9761496872269667e-05,3584,0.004275287501654383,0.00014709278467254637,3584
25,23,0.00060238329181285,8.263145297367374e-07,3584,0.005718864090753104,0.0002073499842669479,3584,0.0025896999597570538,8.398322094465279e-05,3584
25,24,0.004358869123789458,5.979244341594411e-06,3584,0.0061110254619312744,0.00022729283582168457,3584,0.015471300409882123,0.00045395092299177074,3584
25,25,0.0012384896430761834,1.6988883979064312e-06,3584,0.012483200972606204,0.0005160716026340379,3584,0.0077086281968388745,0.0002299315634066844,3584
25,26,0.002037952426888646,2.7955451711646393e-06,3584,0.0016082654444806086,6.52025821162217e-05,3584,0.007401729491094446,0.00024495026410785415,3584
25,27,0.0005052210729233707,6.930330225937701e-07,3584,0.0003914416203728208,1.4442195338346806e-05,3584,0.003202081527960333,0.00010469034613382428,3584
26,0,0.0011483980800616042,1.5753060094532652e-06,3584,0.009608935344384928,0.0003651151076344803,3584,0.0071323921741867245,0.00019753154798366892,3584
26,1,0.0006206922238634959,8.514296626054238e-07,3584,0.006473664683801045,0.00026048820980644616,3584,0.002812897725451083,8.47954659387967e-05,3584
26,2,0.0006343614262116292,8.70180283260188e-07,3584,0.007674102157769466,0.000299582230929691,3584,0.004251747157772295,0.0001237734136625252,3584
26,3,0.0006876643576107082,9.43298158644946e-07,3584,0.00646084707121668,0.0002539939670023178,3584,0.005502634631987324,0.0001665751745084544,3584
26,4,0.0004778941525776291,6.555475344201744e-07,3584,0.0049775858291379,0.00019380486626806176,3584,0.004362116711861968,0.00012746999943852495,3584
26,5,0.0003291614500263036,4.5152462250619747e-07,3584,0.0027027751417630376,0.00010730932389312507,3584,0.0021051137262331873,6.169857548682018e-05,3584
26,6,0.0004211560405275625,5.77717477325044e-07,3584,0.004051435934475663,0.00016157885346176004,3584,0.002989491327349504,8.624724136390787e-05,3584
26,7,0.0029052411776943747,3.985241675151028e-06,3584,0.007839588427530842,0.00028358085532859166,3584,0.012090390574682084,0.00029761638240314464,3584
26,8,0.013272518946274384,1.8206473184418743e-05,3584,0.000998752113765858,3.0209382973494478e-05,3584,0.019504884849633336,0.0005739771420508458,3584
26,9,0.002689906550444758,3.689858096461339e-06,3584,0.006068199567306021,0.00023356762833597617,3584,0.0061542003733925585,0.00016399749679069315,3584
26,10,0.0012862147845359377,1.764354986296878e-06,3584,0.0026038200082601957,7.82351647242665e-05,3584,0.0038124379015021877,0.00012174277513500233,3584
26,11,0.005315558700961117,7.291575716405428e-06,3584,0.0009677833740025667,2.8405837520204962e-05,3584,0.01357942491855986,0.0003752193584832463,3584
26,12,0.002402825839898933,3.2960573989765395e-06,3584,0.0063015049315832015,0.00019387267745873613,3584,0.05966254028300564,0.001967229132338317,3584
26,13,0.0008582767050983418,1.1773343005172375e-06,3584,0.0032683710901549707,0.00012026137578079161,3584,0.0087455785532109,0.00027619821453568556,3584
26,14,0.0007681115683518125,1.0536509875111267e-06,3584,0.005651801100769603,0.00024341279743034846,3584,0.005573902819758451,0.00016217931508421345,3584
26,15,0.0005336649490977416,7.320506844285262e-07,3584,0.00717770500894585,0.0003337355433795204,3584,0.004191142805329642,0.0001141070161533207,3584
26,16,0.00039009946589344994,5.351158661033794e-07,3584,0.0037321903025405415,0.00016217380163136474,3584,0.007197589899513566,0.0001933281515056498,3584
26,17,0.0008680757580517582,1.1907760752693607e-06,3584,0.008244010068456183,0.00030705507637187685,3584,0.0054528733997996,0.00014844897146532623,3584
26,18,0.0005396764595702292,7.40296927075748e-07,3584,0.0056824110323104166,0.0002278998899614051,3584,0.00403858520882838,0.00012034681016264548,3584
26,19,0.0006050809654312375,8.300150417598756e-07,3584,0.006035669753074484,0.00023503013751997715,3584,0.004044627921231488,0.00010893793671124056,3584
26,20,0.000730979235583825,1.0027150014834469e-06,3584,0.0009836102286520751,3.620572320707613e-05,3584,0.0030296820381046207,9.668489777826834e-05,3584
26,21,0.0014094376881350335,1.9333850334476317e-06,3584,0.0031832055922107077,0.0001219286623961698,3584,0.011795709149559836,0.00031575433119025,3584
26,22,0.001536460737572692,2.1076279005570973e-06,3584,0.0009156376349978083,3.381591445356106e-05,3584,0.03499335362992661,0.0010254824167363625,3584
26,23,0.0010861189597699125,1.4898751176279428e-06,3584,0.0037184210995373623,0.00012915016879870477,3584,0.007907961221248547,0.0002750207416055749,3584
26,24,0.0009117814971929499,1.2507290779790973e-06,3584,0.004987338159004133,0.00019415353970147803,3584,0.009216270347414613,0.000273526057740977,3584
26,25,0.0017786356314234914,2.4398293995305585e-06,3584,0.006357021850047492,0.0002595242021802895,3584,0.009496033437519922,0.0002906749383010604,3584
26,26,0.0006650588359477042,9.122892132957904e-07,3584,0.001346325038595446,5.2020737049063634e-05,3584,0.014662835907102843,0.0005095471528539916,3584
26,27,0.003395981333122001,4.658410609766073e-06,3584,0.0010418328244493293,3.64487969422871e-05,3584,0.00996064598412304,0.0002934854382858287,3584
27,0,0.0,0.0,3584,0.0029121551694249203,0.00011991890567927567,3584,0.004721201589670721,0.00015512218460677162,3584
27,1,0.0,0.0,3584,0.004770195860137558,0.0001911045782483945,3584,0.004071752159596675,0.0001215839613751161,3584
27,2,0.0,0.0,3584,0.0064511447133074875,0.0002593416980114,3584,0.005509817767813933,0.00016361460222419594,3584
27,3,0.0,0.0,3584,0.007470067293228684,0.0002944160752521776,3584,0.007457196280694589,0.00021641713298207392,3584
27,4,0.0,0.0,3584,0.006129422547448117,0.00024642749152037715,3584,0.006382940823730075,0.00017996830813688541,3584
27,5,0.0,0.0,3584,0.005887974108916353,0.00023183553620832208,3584,0.003965608336876258,0.00011650374710445964,3584
27,6,0.0,0.0,3584,0.003652647655620579,0.0001472690147367758,3584,0.008048362424983526,0.00020339636007623985,3584
27,7,0.0,0.0,3584,0.003207045167448392,0.00010584287895677769,3584,0.019966358629460737,0.0006619828012159458,3584
27,8,0.0,0.0,3584,0.0017550054574895543,5.661174934302093e-05,3584,0.016756767289775886,0.0005049132753269625,3584
27,9,0.0,0.0,3584,0.009140724640186688,0.0003106266274762519,3584,0.022709956138595968,0.0006365829373478834,3584
27,10,0.0,0.0,3584,0.0032145616577914956,0.00011032908224413713,3584,0.050698519504828427,0.0017888865369493,3584
27,11,0.0,0.0,3584,0.0015014027330515374,4.914952025901265e-05,3584,0.02559092024794292,0.0008589619576254208,3584
27,12,0.0,0.0,3584,0.0043402627321592665,0.00015200450074667827,3584,0.04057043738402013,0.0011725234832049294,3584
27,13,0.0,0.0,3584,0.004177009788601149,0.00014966031324817092,3584,0.05354889534254864,0.00187210717776295,3584
27,14,0.0,0.0,3584,0.006173904768622555,0.00024632853295870584,3584,0.0052545920403341126,0.00015484599707051255,3584
27,15,0.0,0.0,3584,0.004468453884759488,0.0001863769179785217,3584,0.005263154698449204,0.00016782947044739218,3584
27,16,0.0,0.0,3584,0.009904089243191052,0.00040208477028129316,3584,0.013727083533265199,0.00031661519803067445,3584
27,17,0.0,0.0,3584,0.005289058181093847,0.0002009555933141792,3584,0.006997894943448479,0.00019882886525218974,3584
27,18,0.0,0.0,3584,0.004469503891938395,0.000175921603674819,3584,0.00332506931243203,0.00010385721548465127,3584
27,19,0.0,0.0,3584,0.010291514822966195,0.00046993805482985576,3584,0.006975663583711436,0.00019967513103669762,3584
27,20,0.0,0.0,3584,0.0040447008331412375,0.00016184786027667957,3584,0.0049878981991592335,0.00015999353751569234,3584
27,21,0.0,0.0,3584,0.008306836307400584,0.0003269111303602502,3584,0.009167314510783071,0.0002530636079106439,3584
27,22,0.0,0.0,3584,0.009020997860791084,0.0003589884739824479,3584,0.009066988180617156,0.00027200116664995264,3584
27,23,0.0,0.0,3584,0.011674305202758318,0.00045695512214839854,3584,0.008613347314976821,0.00024539682911081504,3584
27,24,0.0,0.0,3584,0.01438187969184042,0.0005354697794738905,3584,0.009888838262827037,0.00027291172159462545,3584
27,25,0.0,0.0,3584,0.004114517906063337,0.0001524553884512717,3584,0.00840140589720257,0.00026928545078067084,3584
27,26,0.0,0.0,3584,0.005526137455349633,0.0002105162489557135,3584,0.010347865186919278,0.0003176479349593833,3584
27,27,0.0,0.0,3584,0.006456715007434704,0.00025442627014373825,3584,0.006592195417954955,0.00019298449611842577,3584
