layer,head,taylor_v2v_abs_mean,taylor_v2v_abs_mean_pq,taylor_v2v_count,taylor_t2v_abs_mean,taylor_t2v_abs_mean_pq,taylor_t2v_count,taylor_t2t_abs_mean,taylor_t2t_abs_mean_pq,taylor_t2t_count
0,0,0.32567049808429116,0.32567049808429116,3584,0.8505747126436781,0.8505747126436781,3584,0.9016602809706258,0.9016602809706258,3584
0,1,0.3333333333333333,0.3333333333333333,3584,0.6206896551724138,0.6206896551724138,3584,0.6168582375478927,0.6168582375478927,3584
0,2,0.3933588761174968,0.3933588761174968,3584,0.7407407407407407,0.7407407407407407,3584,0.7330779054916986,0.7330779054916986,3584
0,3,0.6794380587484036,0.6794380587484036,3584,0.9042145593869731,0.9042145593869731,3584,0.9974457215836526,0.9974457215836526,3584
0,4,0.2720306513409962,0.2720306513409962,3584,0.8339719029374202,0.8339719029374202,3584,0.4495530012771392,0.4495530012771392,3584
0,5,0.31928480204342274,0.31928480204342274,3584,0.6219667943805874,0.6219667943805874,3584,0.8378033205619413,0.8378033205619413,3584
0,6,0.5376756066411239,0.5376756066411239,3584,0.508301404853129,0.508301404853129,3584,0.9936143039591315,0.9936143039591315,3584
0,7,0.44316730523627074,0.44316730523627074,3584,0.4508301404853129,0.4508301404853129,3584,0.9987228607918263,0.9987228607918263,3584
0,8,0.30779054916985954,0.30779054916985954,3584,0.4163473818646232,0.4163473818646232,3584,0.8773946360153256,0.8773946360153256,3584
0,9,0.25925925925925924,0.25925925925925924,3584,0.48020434227330777,0.48020434227330777,3584,0.2988505747126437,0.2988505747126437,3584
0,10,0.5287356321839081,0.5287356321839081,3584,0.4623243933588761,0.4623243933588761,3584,0.9923371647509579,0.9923371647509579,3584
0,11,0.24265644955300128,0.24265644955300128,3584,0.40357598978288634,0.40357598978288634,3584,0.6832694763729247,0.6832694763729247,3584
0,12,0.2822477650063857,0.2822477650063857,3584,0.4112388250319285,0.4112388250319285,3584,0.5759897828863346,0.5759897828863346,3584
0,13,0.26181353767560667,0.26181353767560667,3584,0.5146871008939975,0.5146871008939975,3584,0.7369093231162197,0.7369093231162197,3584
0,14,0.8339719029374202,0.8339719029374202,3584,1.0,1.0,3584,0.5874840357598978,0.5874840357598978,3584
0,15,0.8659003831417624,0.8659003831417624,3584,0.9169859514687101,0.9169859514687101,3584,0.9961685823754789,0.9961685823754789,3584
0,16,0.8876117496807152,0.8876117496807152,3584,0.966794380587484,0.966794380587484,3584,0.9885057471264368,0.9885057471264368,3584
0,17,0.8263090676883781,0.8263090676883781,3584,0.9821200510855683,0.9821200510855683,3584,0.9629629629629629,0.9629629629629629,3584
0,18,0.8607918263090677,0.8607918263090677,3584,0.9897828863346104,0.9897828863346104,3584,0.9553001277139208,0.9553001277139208,3584
0,19,0.9208173690932312,0.9208173690932312,3584,0.9987228607918263,0.9987228607918263,3584,0.7215836526181354,0.7215836526181354,3584
0,20,0.8045977011494253,0.8045977011494253,3584,0.9399744572158365,0.9399744572158365,3584,0.9833971902937421,0.9833971902937421,3584
0,21,0.722860791826309,0.722860791826309,3584,0.8237547892720306,0.8237547892720306,3584,0.9578544061302682,0.9578544061302682,3584
0,22,0.6845466155810983,0.6845466155810983,3584,0.9514687100893997,0.9514687100893997,3584,0.2503192848020434,0.2503192848020434,3584
0,23,0.9016602809706258,0.9016602809706258,3584,0.8888888888888888,0.8888888888888888,3584,0.9208173690932312,0.9208173690932312,3584
0,24,0.8991060025542784,0.8991060025542784,3584,0.9067688378033205,0.9067688378033205,3584,0.8952745849297573,0.8952745849297573,3584
0,25,0.7049808429118773,0.7049808429118773,3584,0.9080459770114943,0.9080459770114943,3584,0.8939974457215837,0.8939974457215837,3584
0,26,0.913154533844189,0.913154533844189,3584,0.8748403575989783,0.8748403575989783,3584,0.9527458492975734,0.9527458492975734,3584
0,27,0.6896551724137931,0.6896551724137931,3584,0.9310344827586207,0.9310344827586207,3584,0.8850574712643678,0.8850574712643678,3584
1,0,0.5134099616858238,0.5134099616858238,3584,0.5491698595146871,0.5491698595146871,3584,0.8020434227330779,0.8020434227330779,3584
1,1,0.6155810983397191,0.6155810983397191,3584,0.8109833971902938,0.8109833971902938,3584,0.3486590038314176,0.3486590038314176,3584
1,2,0.5542784163473818,0.5542784163473818,3584,0.9169859514687101,0.9169859514687101,3584,0.5274584929757343,0.5274584929757343,3584
1,3,0.46998722860791825,0.46998722860791825,3584,0.5287356321839081,0.5287356321839081,3584,0.7522349936143039,0.7522349936143039,3584
1,4,0.5670498084291188,0.5670498084291188,3584,0.6934865900383141,0.6934865900383141,3584,0.6347381864623244,0.6347381864623244,3584
1,5,0.5159642401021711,0.5159642401021711,3584,0.6283524904214559,0.6283524904214559,3584,0.8250319284802043,0.8250319284802043,3584
1,6,0.37547892720306514,0.37547892720306514,3584,0.8722860791826309,0.8722860791826309,3584,0.2515964240102171,0.2515964240102171,3584
1,7,0.3333333333333333,0.3333333333333333,3584,0.6015325670498084,0.6015325670498084,3584,0.7598978288633461,0.7598978288633461,3584
1,8,0.8441890166028098,0.8441890166028098,3584,0.7598978288633461,0.7598978288633461,3584,0.9067688378033205,0.9067688378033205,3584
1,9,0.5798212005108557,0.5798212005108557,3584,0.4725415070242657,0.4725415070242657,3584,0.3614303959131545,0.3614303959131545,3584
1,10,0.49936143039591313,0.49936143039591313,3584,0.13537675606641125,0.13537675606641125,3584,0.9246487867177522,0.9246487867177522,3584
1,11,0.41890166028097064,0.41890166028097064,3584,0.227330779054917,0.227330779054917,3584,0.8160919540229885,0.8160919540229885,3584
1,12,0.44189016602809705,0.44189016602809705,3584,0.16091954022988506,0.16091954022988506,3584,0.6590038314176245,0.6590038314176245,3584
1,13,0.18901660280970625,0.18901660280970625,3584,0.9591315453384419,0.9591315453384419,3584,0.4942528735632184,0.4942528735632184,3584
1,14,0.26436781609195403,0.26436781609195403,3584,0.26436781609195403,0.26436781609195403,3584,0.48531289910600256,0.48531289910600256,3584
1,15,0.3486590038314176,0.3486590038314176,3584,0.23499361430395913,0.23499361430395913,3584,0.7828863346104725,0.7828863346104725,3584
1,16,0.15964240102171137,0.15964240102171137,3584,0.3052362707535121,0.3052362707535121,3584,0.2413793103448276,0.2413793103448276,3584
1,17,0.280970625798212,0.280970625798212,3584,0.17752234993614305,0.17752234993614305,3584,0.5312899106002554,0.5312899106002554,3584
1,18,0.2554278416347382,0.2554278416347382,3584,0.33588761174968074,0.33588761174968074,3584,0.3563218390804598,0.3563218390804598,3584
1,19,0.21839080459770116,0.21839080459770116,3584,0.25798212005108556,0.25798212005108556,3584,0.44316730523627074,0.44316730523627074,3584
1,20,0.19923371647509577,0.19923371647509577,3584,0.26436781609195403,0.26436781609195403,3584,0.4125159642401022,0.4125159642401022,3584
1,21,0.1826309067688378,0.1826309067688378,3584,0.30140485312899107,0.30140485312899107,3584,0.5300127713920817,0.5300127713920817,3584
1,22,0.22349936143039592,0.22349936143039592,3584,0.5274584929757343,0.5274584929757343,3584,0.5197956577266922,0.5197956577266922,3584
1,23,0.334610472541507,0.334610472541507,3584,0.24010217113665389,0.24010217113665389,3584,0.7471264367816092,0.7471264367816092,3584
1,24,0.29757343550446996,0.29757343550446996,3584,0.30395913154533843,0.30395913154533843,3584,0.5862068965517241,0.5862068965517241,3584
1,25,0.3001277139208174,0.3001277139208174,3584,0.44316730523627074,0.44316730523627074,3584,0.34355044699872284,0.34355044699872284,3584
1,26,0.5363984674329502,0.5363984674329502,3584,0.5925925925925926,0.5925925925925926,3584,0.334610472541507,0.334610472541507,3584
1,27,0.1979565772669221,0.1979565772669221,3584,0.34099616858237547,0.34099616858237547,3584,0.4329501915708812,0.4329501915708812,3584
2,0,0.7113665389527458,0.7113665389527458,3584,0.39719029374201786,0.39719029374201786,3584,0.7496807151979565,0.7496807151979565,3584
2,1,0.5019157088122606,0.5019157088122606,3584,0.39208173690932313,0.39208173690932313,3584,0.3959131545338442,0.3959131545338442,3584
2,2,0.6015325670498084,0.6015325670498084,3584,0.26181353767560667,0.26181353767560667,3584,0.70242656449553,0.70242656449553,3584
2,3,0.6871008939974457,0.6871008939974457,3584,0.2120051085568327,0.2120051085568327,3584,0.578544061302682,0.578544061302682,3584
2,4,0.558109833971903,0.558109833971903,3584,0.6270753512132823,0.6270753512132823,3584,0.4559386973180077,0.4559386973180077,3584
2,5,0.4367816091954023,0.4367816091954023,3584,0.27458492975734355,0.27458492975734355,3584,0.5223499361430396,0.5223499361430396,3584
2,6,0.7484035759897829,0.7484035759897829,3584,0.3001277139208174,0.3001277139208174,3584,0.9169859514687101,0.9169859514687101,3584
2,7,0.3243933588761175,0.3243933588761175,3584,0.4086845466155811,0.4086845466155811,3584,0.5632183908045977,0.5632183908045977,3584
2,8,0.2937420178799489,0.2937420178799489,3584,0.41379310344827586,0.41379310344827586,3584,0.46871008939974457,0.46871008939974457,3584
2,9,0.45721583652618136,0.45721583652618136,3584,0.5708812260536399,0.5708812260536399,3584,0.6015325670498084,0.6015325670498084,3584
2,10,0.43039591315453385,0.43039591315453385,3584,0.49808429118773945,0.49808429118773945,3584,0.6896551724137931,0.6896551724137931,3584
2,11,0.24521072796934865,0.24521072796934865,3584,0.4074074074074074,0.4074074074074074,3584,0.5095785440613027,0.5095785440613027,3584
2,12,0.26309067688378035,0.26309067688378035,3584,0.3652618135376756,0.3652618135376756,3584,0.5504469987228607,0.5504469987228607,3584
2,13,0.3448275862068966,0.3448275862068966,3584,0.37037037037037035,0.37037037037037035,3584,0.6947637292464879,0.6947637292464879,3584
2,14,0.44061302681992337,0.44061302681992337,3584,0.6245210727969349,0.6245210727969349,3584,0.29246487867177523,0.29246487867177523,3584
2,15,0.49808429118773945,0.49808429118773945,3584,0.7381864623243933,0.7381864623243933,3584,0.36398467432950193,0.36398467432950193,3584
2,16,0.4278416347381865,0.4278416347381865,3584,0.47509578544061304,0.47509578544061304,3584,0.5402298850574713,0.5402298850574713,3584
2,17,0.5491698595146871,0.5491698595146871,3584,0.598978288633461,0.598978288633461,3584,0.40357598978288634,0.40357598978288634,3584
2,18,0.5095785440613027,0.5095785440613027,3584,0.648786717752235,0.648786717752235,3584,0.2988505747126437,0.2988505747126437,3584
2,19,0.6743295019157088,0.6743295019157088,3584,0.6475095785440613,0.6475095785440613,3584,0.27330779054916987,0.27330779054916987,3584
2,20,0.7484035759897829,0.7484035759897829,3584,0.8339719029374202,0.8339719029374202,3584,0.3052362707535121,0.3052362707535121,3584
2,21,0.31928480204342274,0.31928480204342274,3584,0.4125159642401022,0.4125159642401022,3584,0.3333333333333333,0.3333333333333333,3584
2,22,0.3116219667943806,0.3116219667943806,3584,0.4661558109833972,0.4661558109833972,3584,0.31545338441890164,0.31545338441890164,3584
2,23,0.2796934865900383,0.2796934865900383,3584,0.44061302681992337,0.44061302681992337,3584,0.632183908045977,0.632183908045977,3584
2,24,0.3052362707535121,0.3052362707535121,3584,0.42656449553001274,0.42656449553001274,3584,0.30395913154533843,0.30395913154533843,3584
2,25,0.2962962962962963,0.2962962962962963,3584,0.47126436781609193,0.47126436781609193,3584,0.6028097062579821,0.6028097062579821,3584
2,26,0.42656449553001274,0.42656449553001274,3584,0.4904214559386973,0.4904214559386973,3584,0.38569604086845466,0.38569604086845466,3584
2,27,0.3614303959131545,0.3614303959131545,3584,0.41762452107279696,0.41762452107279696,3584,0.8352490421455939,0.8352490421455939,3584
3,0,0.8633461047254151,0.8633461047254151,3584,0.45849297573435505,0.45849297573435505,3584,0.35887611749680715,0.35887611749680715,3584
3,1,0.7994891443167306,0.7994891443167306,3584,0.21711366538952745,0.21711366538952745,3584,0.8786717752234994,0.8786717752234994,3584
3,2,0.4878671775223499,0.4878671775223499,3584,0.1966794380587484,0.1966794380587484,3584,0.7803320561941252,0.7803320561941252,3584
3,3,0.4495530012771392,0.4495530012771392,3584,0.19157088122605365,0.19157088122605365,3584,0.8671775223499362,0.8671775223499362,3584
3,4,0.6730523627075351,0.6730523627075351,3584,0.37547892720306514,0.37547892720306514,3584,0.7931034482758621,0.7931034482758621,3584
3,5,0.7151979565772669,0.7151979565772669,3584,0.2388250319284802,0.2388250319284802,3584,0.6538952745849298,0.6538952745849298,3584
3,6,0.4827586206896552,0.4827586206896552,3584,0.24648786717752236,0.24648786717752236,3584,0.6526181353767561,0.6526181353767561,3584
3,7,0.6909323116219668,0.6909323116219668,3584,0.541507024265645,0.541507024265645,3584,0.7867177522349936,0.7867177522349936,3584
3,8,0.6028097062579821,0.6028097062579821,3584,0.9195402298850575,0.9195402298850575,3584,0.16602809706257982,0.16602809706257982,3584
3,9,0.5798212005108557,0.5798212005108557,3584,0.5261813537675607,0.5261813537675607,3584,0.42017879948914433,0.42017879948914433,3584
3,10,0.7126436781609196,0.7126436781609196,3584,0.4240102171136654,0.4240102171136654,3584,0.8314176245210728,0.8314176245210728,3584
3,11,0.7662835249042146,0.7662835249042146,3584,0.6628352490421456,0.6628352490421456,3584,0.6743295019157088,0.6743295019157088,3584
3,12,0.685823754789272,0.685823754789272,3584,0.8173690932311622,0.8173690932311622,3584,0.3665389527458493,0.3665389527458493,3584
3,13,0.6845466155810983,0.6845466155810983,3584,0.7471264367816092,0.7471264367816092,3584,0.6819923371647509,0.6819923371647509,3584
3,14,0.5632183908045977,0.5632183908045977,3584,0.8314176245210728,0.8314176245210728,3584,0.7330779054916986,0.7330779054916986,3584
3,15,0.5708812260536399,0.5708812260536399,3584,0.5095785440613027,0.5095785440613027,3584,0.7956577266922095,0.7956577266922095,3584
3,16,0.27330779054916987,0.27330779054916987,3584,0.36398467432950193,0.36398467432950193,3584,0.3524904214559387,0.3524904214559387,3584
3,17,0.4648786717752235,0.4648786717752235,3584,0.3524904214559387,0.3524904214559387,3584,0.719029374201788,0.719029374201788,3584
3,18,0.46871008939974457,0.46871008939974457,3584,0.6143039591315453,0.6143039591315453,3584,0.39208173690932313,0.39208173690932313,3584
3,19,0.70242656449553,0.70242656449553,3584,0.7854406130268199,0.7854406130268199,3584,0.5644955300127714,0.5644955300127714,3584
3,20,0.6232439335887612,0.6232439335887612,3584,0.6411238825031929,0.6411238825031929,3584,0.7075351213282248,0.7075351213282248,3584
3,21,0.32950191570881227,0.32950191570881227,3584,0.5095785440613027,0.5095785440613027,3584,0.8007662835249042,0.8007662835249042,3584
3,22,0.39208173690932313,0.39208173690932313,3584,0.3128991060025543,0.3128991060025543,3584,0.5517241379310345,0.5517241379310345,3584
3,23,0.29118773946360155,0.29118773946360155,3584,0.3371647509578544,0.3371647509578544,3584,0.5849297573435505,0.5849297573435505,3584
3,24,0.5683269476372924,0.5683269476372924,3584,0.2886334610472541,0.2886334610472541,3584,0.644955300127714,0.644955300127714,3584
3,25,0.45849297573435505,0.45849297573435505,3584,0.3946360153256705,0.3946360153256705,3584,0.4955300127713921,0.4955300127713921,3584
3,26,0.438058748403576,0.438058748403576,3584,0.33205619412515963,0.33205619412515963,3584,0.8365261813537676,0.8365261813537676,3584
3,27,0.38697318007662834,0.38697318007662834,3584,0.46360153256704983,0.46360153256704983,3584,0.5517241379310345,0.5517241379310345,3584
4,0,0.5900383141762452,0.5900383141762452,3584,0.7790549169859514,0.7790549169859514,3584,0.0970625798212005,0.0970625798212005,3584
4,1,0.611749680715198,0.611749680715198,3584,0.8544061302681992,0.8544061302681992,3584,0.3090676883780332,0.3090676883780332,3584
4,2,0.6679438058748404,0.6679438058748404,3584,0.36398467432950193,0.36398467432950193,3584,0.7701149425287356,0.7701149425287356,3584
4,3,0.45338441890166026,0.45338441890166026,3584,0.2222222222222222,0.2222222222222222,3584,0.2796934865900383,0.2796934865900383,3584
4,4,0.7318007662835249,0.7318007662835249,3584,0.7854406130268199,0.7854406130268199,3584,0.351213282247765,0.351213282247765,3584
4,5,0.7713920817369093,0.7713920817369093,3584,0.6181353767560664,0.6181353767560664,3584,0.3231162196679438,0.3231162196679438,3584
4,6,0.6424010217113666,0.6424010217113666,3584,0.9540229885057471,0.9540229885057471,3584,0.3614303959131545,0.3614303959131545,3584
4,7,0.04342273307790549,0.04342273307790549,3584,0.017879948914431672,0.017879948914431672,3584,0.002554278416347382,0.002554278416347382,3584
4,8,0.6781609195402298,0.6781609195402298,3584,0.4891443167305236,0.4891443167305236,3584,0.021711366538952746,0.021711366538952746,3584
4,9,0.9642401021711366,0.9642401021711366,3584,0.9118773946360154,0.9118773946360154,3584,0.07151979565772669,0.07151979565772669,3584
4,10,0.16219667943805874,0.16219667943805874,3584,0.020434227330779056,0.020434227330779056,3584,0.0140485312899106,0.0140485312899106,3584
4,11,0.9782886334610472,0.9782886334610472,3584,0.7100893997445722,0.7100893997445722,3584,0.36270753512132825,0.36270753512132825,3584
4,12,0.909323116219668,0.909323116219668,3584,0.010217113665389528,0.010217113665389528,3584,0.24265644955300128,0.24265644955300128,3584
4,13,0.06768837803320563,0.06768837803320563,3584,0.007662835249042145,0.007662835249042145,3584,0.005108556832694764,0.005108556832694764,3584
4,14,0.39719029374201786,0.39719029374201786,3584,0.29246487867177523,0.29246487867177523,3584,0.8365261813537676,0.8365261813537676,3584
4,15,0.34610472541507026,0.34610472541507026,3584,0.3218390804597701,0.3218390804597701,3584,0.9080459770114943,0.9080459770114943,3584
4,16,0.2681992337164751,0.2681992337164751,3584,0.896551724137931,0.896551724137931,3584,0.3767560664112388,0.3767560664112388,3584
4,17,0.7420178799489144,0.7420178799489144,3584,0.6602809706257982,0.6602809706257982,3584,0.5977011494252874,0.5977011494252874,3584
4,18,0.5095785440613027,0.5095785440613027,3584,0.39080459770114945,0.39080459770114945,3584,0.5644955300127714,0.5644955300127714,3584
4,19,0.18007662835249041,0.18007662835249041,3584,0.6577266922094508,0.6577266922094508,3584,0.8582375478927203,0.8582375478927203,3584
4,20,0.2413793103448276,0.2413793103448276,3584,0.6564495530012772,0.6564495530012772,3584,0.8569604086845466,0.8569604086845466,3584
4,21,0.6398467432950191,0.6398467432950191,3584,0.44699872286079184,0.44699872286079184,3584,0.6538952745849298,0.6538952745849298,3584
4,22,0.25287356321839083,0.25287356321839083,3584,0.14431673052362706,0.14431673052362706,3584,0.545338441890166,0.545338441890166,3584
4,23,0.5440613026819924,0.5440613026819924,3584,0.24010217113665389,0.24010217113665389,3584,0.421455938697318,0.421455938697318,3584
4,24,0.3524904214559387,0.3524904214559387,3584,0.24521072796934865,0.24521072796934865,3584,0.30268199233716475,0.30268199233716475,3584
4,25,0.3499361430395913,0.3499361430395913,3584,0.18007662835249041,0.18007662835249041,3584,0.8825031928480205,0.8825031928480205,3584
4,26,0.22860791826309068,0.22860791826309068,3584,0.5759897828863346,0.5759897828863346,3584,0.16091954022988506,0.16091954022988506,3584
4,27,0.12005108556832694,0.12005108556832694,3584,0.04597701149425287,0.04597701149425287,3584,0.8416347381864623,0.8416347381864623,3584
5,0,0.9220945083014048,0.9220945083014048,3584,0.7113665389527458,0.7113665389527458,3584,0.227330779054917,0.227330779054917,3584
5,1,0.8697318007662835,0.8697318007662835,3584,0.2260536398467433,0.2260536398467433,3584,0.4648786717752235,0.4648786717752235,3584
5,2,0.5312899106002554,0.5312899106002554,3584,0.2937420178799489,0.2937420178799489,3584,0.80970625798212,0.80970625798212,3584
5,3,0.7458492975734355,0.7458492975734355,3584,0.3116219667943806,0.3116219667943806,3584,0.9118773946360154,0.9118773946360154,3584
5,4,0.776500638569604,0.776500638569604,3584,0.51213282247765,0.51213282247765,3584,0.5849297573435505,0.5849297573435505,3584
5,5,0.8467432950191571,0.8467432950191571,3584,0.9731800766283525,0.9731800766283525,3584,0.10089399744572158,0.10089399744572158,3584
5,6,0.8378033205619413,0.8378033205619413,3584,0.9910600255427842,0.9910600255427842,3584,0.10983397190293742,0.10983397190293742,3584
5,7,0.38569604086845466,0.38569604086845466,3584,0.4725415070242657,0.4725415070242657,3584,0.8263090676883781,0.8263090676883781,3584
5,8,0.4763729246487867,0.4763729246487867,3584,0.7177522349936143,0.7177522349936143,3584,0.6756066411238825,0.6756066411238825,3584
5,9,0.5274584929757343,0.5274584929757343,3584,0.6206896551724138,0.6206896551724138,3584,0.524904214559387,0.524904214559387,3584
5,10,0.18135376756066413,0.18135376756066413,3584,0.5466155810983397,0.5466155810983397,3584,0.6871008939974457,0.6871008939974457,3584
5,11,0.26947637292464877,0.26947637292464877,3584,0.6040868454661558,0.6040868454661558,3584,0.19029374201787994,0.19029374201787994,3584
5,12,0.43167305236270753,0.43167305236270753,3584,0.5146871008939975,0.5146871008939975,3584,0.4227330779054917,0.4227330779054917,3584
5,13,0.8275862068965517,0.8275862068965517,3584,0.7637292464878672,0.7637292464878672,3584,0.43167305236270753,0.43167305236270753,3584
5,14,0.10855683269476372,0.10855683269476372,3584,0.36015325670498083,0.36015325670498083,3584,0.33205619412515963,0.33205619412515963,3584
5,15,0.08812260536398467,0.08812260536398467,3584,0.2784163473818646,0.2784163473818646,3584,0.06002554278416347,0.06002554278416347,3584
5,16,0.16475095785440613,0.16475095785440613,3584,0.18646232439335889,0.18646232439335889,3584,0.3269476372924649,0.3269476372924649,3584
5,17,0.47126436781609193,0.47126436781609193,3584,0.545338441890166,0.545338441890166,3584,0.10727969348659004,0.10727969348659004,3584
5,18,0.27458492975734355,0.27458492975734355,3584,0.39846743295019155,0.39846743295019155,3584,0.0561941251596424,0.0561941251596424,3584
5,19,0.4904214559386973,0.4904214559386973,3584,0.6079182630906769,0.6079182630906769,3584,0.27458492975734355,0.27458492975734355,3584
5,20,0.3231162196679438,0.3231162196679438,3584,0.4840357598978289,0.4840357598978289,3584,0.04725415070242656,0.04725415070242656,3584
5,21,0.6947637292464879,0.6947637292464879,3584,0.5057471264367817,0.5057471264367817,3584,0.08556832694763729,0.08556832694763729,3584
5,22,0.6309067688378033,0.6309067688378033,3584,0.6794380587484036,0.6794380587484036,3584,0.5798212005108557,0.5798212005108557,3584
5,23,0.5632183908045977,0.5632183908045977,3584,0.21328224776500637,0.21328224776500637,3584,0.946360153256705,0.946360153256705,3584
5,24,0.49808429118773945,0.49808429118773945,3584,0.6360153256704981,0.6360153256704981,3584,0.541507024265645,0.541507024265645,3584
5,25,0.9054916985951469,0.9054916985951469,3584,0.34355044699872284,0.34355044699872284,3584,0.34227330779054915,0.34227330779054915,3584
5,26,0.7879948914431673,0.7879948914431673,3584,0.4648786717752235,0.4648786717752235,3584,0.3218390804597701,0.3218390804597701,3584
5,27,0.5044699872286079,0.5044699872286079,3584,0.20689655172413793,0.20689655172413793,3584,0.9284802043422733,0.9284802043422733,3584
6,0,0.578544061302682,0.578544061302682,3584,0.39846743295019155,0.39846743295019155,3584,0.7062579821200511,0.7062579821200511,3584
6,1,0.7982120051085568,0.7982120051085568,3584,0.20689655172413793,0.20689655172413793,3584,0.7139208173690932,0.7139208173690932,3584
6,2,0.7790549169859514,0.7790549169859514,3584,0.5478927203065134,0.5478927203065134,3584,0.7266922094508301,0.7266922094508301,3584
6,3,0.8837803320561941,0.8837803320561941,3584,0.2796934865900383,0.2796934865900383,3584,0.6819923371647509,0.6819923371647509,3584
6,4,0.6704980842911877,0.6704980842911877,3584,0.0842911877394636,0.0842911877394636,3584,0.6551724137931034,0.6551724137931034,3584
6,5,0.44061302681992337,0.44061302681992337,3584,0.0842911877394636,0.0842911877394636,3584,0.5747126436781609,0.5747126436781609,3584
6,6,0.9399744572158365,0.9399744572158365,3584,0.6296296296296297,0.6296296296296297,3584,0.8467432950191571,0.8467432950191571,3584
6,7,0.8020434227330779,0.8020434227330779,3584,0.7151979565772669,0.7151979565772669,3584,0.8671775223499362,0.8671775223499362,3584
6,8,0.8135376756066411,0.8135376756066411,3584,0.578544061302682,0.578544061302682,3584,0.776500638569604,0.776500638569604,3584
6,9,0.8045977011494253,0.8045977011494253,3584,0.966794380587484,0.966794380587484,3584,0.34738186462324394,0.34738186462324394,3584
6,10,0.979565772669221,0.979565772669221,3584,0.7841634738186463,0.7841634738186463,3584,0.6717752234993615,0.6717752234993615,3584
6,11,0.6526181353767561,0.6526181353767561,3584,0.8467432950191571,0.8467432950191571,3584,0.1979565772669221,0.1979565772669221,3584
6,12,0.42528735632183906,0.42528735632183906,3584,0.5351213282247765,0.5351213282247765,3584,0.28607918263090676,0.28607918263090676,3584
6,13,0.7343550446998723,0.7343550446998723,3584,0.896551724137931,0.896551724137931,3584,0.23243933588761176,0.23243933588761176,3584
6,14,0.7675606641123882,0.7675606641123882,3584,0.4789272030651341,0.4789272030651341,3584,0.49680715197956576,0.49680715197956576,3584
6,15,0.7573435504469987,0.7573435504469987,3584,0.37292464878671777,0.37292464878671777,3584,0.8978288633461047,0.8978288633461047,3584
6,16,0.46871008939974457,0.46871008939974457,3584,0.17369093231162197,0.17369093231162197,3584,0.7726692209450831,0.7726692209450831,3584
6,17,0.5810983397190294,0.5810983397190294,3584,0.6424010217113666,0.6424010217113666,3584,0.3933588761174968,0.3933588761174968,3584
6,18,0.6066411238825032,0.6066411238825032,3584,0.7037037037037037,0.7037037037037037,3584,0.16475095785440613,0.16475095785440613,3584
6,19,0.5312899106002554,0.5312899106002554,3584,0.45849297573435505,0.45849297573435505,3584,0.4521072796934866,0.4521072796934866,3584
6,20,0.6475095785440613,0.6475095785440613,3584,0.3563218390804598,0.3563218390804598,3584,0.6181353767560664,0.6181353767560664,3584
6,21,0.4163473818646232,0.4163473818646232,3584,0.05236270753512133,0.05236270753512133,3584,0.9553001277139208,0.9553001277139208,3584
6,22,0.3997445721583653,0.3997445721583653,3584,0.210727969348659,0.210727969348659,3584,0.7381864623243933,0.7381864623243933,3584
6,23,0.7011494252873564,0.7011494252873564,3584,0.3397190293742018,0.3397190293742018,3584,0.5568326947637292,0.5568326947637292,3584
6,24,0.545338441890166,0.545338441890166,3584,0.37420178799489145,0.37420178799489145,3584,0.4929757343550447,0.4929757343550447,3584
6,25,0.6526181353767561,0.6526181353767561,3584,0.13409961685823754,0.13409961685823754,3584,0.6066411238825032,0.6066411238825032,3584
6,26,0.4329501915708812,0.4329501915708812,3584,0.15708812260536398,0.15708812260536398,3584,0.8454661558109834,0.8454661558109834,3584
6,27,0.4559386973180077,0.4559386973180077,3584,0.06002554278416347,0.06002554278416347,3584,0.6424010217113666,0.6424010217113666,3584
7,0,0.6590038314176245,0.6590038314176245,3584,0.4240102171136654,0.4240102171136654,3584,0.9450830140485313,0.9450830140485313,3584
7,1,0.7407407407407407,0.7407407407407407,3584,0.42911877394636017,0.42911877394636017,3584,0.8633461047254151,0.8633461047254151,3584
7,2,0.9450830140485313,0.9450830140485313,3584,0.5606641123882503,0.5606641123882503,3584,0.9565772669220945,0.9565772669220945,3584
7,3,0.9693486590038314,0.9693486590038314,3584,0.4955300127713921,0.4955300127713921,3584,0.8901660280970626,0.8901660280970626,3584
7,4,0.8441890166028098,0.8441890166028098,3584,0.1685823754789272,0.1685823754789272,3584,0.8045977011494253,0.8045977011494253,3584
7,5,0.7420178799489144,0.7420178799489144,3584,0.45721583652618136,0.45721583652618136,3584,0.8212005108556832,0.8212005108556832,3584
7,6,0.7177522349936143,0.7177522349936143,3584,0.42656449553001274,0.42656449553001274,3584,0.5913154533844189,0.5913154533844189,3584
7,7,0.9629629629629629,0.9629629629629629,3584,0.31417624521072796,0.31417624521072796,3584,0.8441890166028098,0.8441890166028098,3584
7,8,0.8186462324393359,0.8186462324393359,3584,0.6628352490421456,0.6628352490421456,3584,0.6641123882503193,0.6641123882503193,3584
7,9,0.8671775223499362,0.8671775223499362,3584,0.44699872286079184,0.44699872286079184,3584,0.9208173690932312,0.9208173690932312,3584
7,10,0.768837803320562,0.768837803320562,3584,0.9885057471264368,0.9885057471264368,3584,0.30268199233716475,0.30268199233716475,3584
7,11,0.6628352490421456,0.6628352490421456,3584,0.24904214559386972,0.24904214559386972,3584,0.7841634738186463,0.7841634738186463,3584
7,12,0.70242656449553,0.70242656449553,3584,0.20561941251596424,0.20561941251596424,3584,0.9361430395913155,0.9361430395913155,3584
7,13,0.9157088122605364,0.9157088122605364,3584,0.2681992337164751,0.2681992337164751,3584,0.9016602809706258,0.9016602809706258,3584
7,14,0.5977011494252874,0.5977011494252874,3584,0.8518518518518519,0.8518518518518519,3584,0.6411238825031929,0.6411238825031929,3584
7,15,0.7637292464878672,0.7637292464878672,3584,0.909323116219668,0.909323116219668,3584,0.19284802043422733,0.19284802043422733,3584
7,16,0.40102171136653897,0.40102171136653897,3584,0.5427841634738186,0.5427841634738186,3584,0.9003831417624522,0.9003831417624522,3584
7,17,0.24904214559386972,0.24904214559386972,3584,0.6947637292464879,0.6947637292464879,3584,0.8237547892720306,0.8237547892720306,3584
7,18,0.5964240102171137,0.5964240102171137,3584,0.4099616858237548,0.4099616858237548,3584,0.9054916985951469,0.9054916985951469,3584
7,19,0.9374201787994891,0.9374201787994891,3584,0.8071519795657727,0.8071519795657727,3584,0.4355044699872286,0.4355044699872286,3584
7,20,0.9425287356321839,0.9425287356321839,3584,0.351213282247765,0.351213282247765,3584,0.9348659003831418,0.9348659003831418,3584
7,21,0.6602809706257982,0.6602809706257982,3584,0.3282247765006386,0.3282247765006386,3584,0.5287356321839081,0.5287356321839081,3584
7,22,0.9629629629629629,0.9629629629629629,3584,0.9808429118773946,0.9808429118773946,3584,0.37292464878671777,0.37292464878671777,3584
7,23,0.7177522349936143,0.7177522349936143,3584,0.9323116219667944,0.9323116219667944,3584,0.16602809706257982,0.16602809706257982,3584
7,24,0.8684546615581098,0.8684546615581098,3584,0.3793103448275862,0.3793103448275862,3584,0.35759897828863346,0.35759897828863346,3584
7,25,0.48148148148148145,0.48148148148148145,3584,0.5810983397190294,0.5810983397190294,3584,0.23243933588761176,0.23243933588761176,3584
7,26,0.7407407407407407,0.7407407407407407,3584,0.8045977011494253,0.8045977011494253,3584,0.13282247765006386,0.13282247765006386,3584
7,27,0.9067688378033205,0.9067688378033205,3584,0.7573435504469987,0.7573435504469987,3584,0.5389527458492975,0.5389527458492975,3584
8,0,0.8531289910600255,0.8531289910600255,3584,0.8952745849297573,0.8952745849297573,3584,0.7624521072796935,0.7624521072796935,3584
8,1,0.8135376756066411,0.8135376756066411,3584,0.1392081736909323,0.1392081736909323,3584,0.9246487867177522,0.9246487867177522,3584
8,2,0.9118773946360154,0.9118773946360154,3584,0.9246487867177522,0.9246487867177522,3584,0.6015325670498084,0.6015325670498084,3584
8,3,0.859514687100894,0.859514687100894,3584,0.9859514687100894,0.9859514687100894,3584,0.822477650063857,0.822477650063857,3584
8,4,0.6998722860791826,0.6998722860791826,3584,0.8876117496807152,0.8876117496807152,3584,0.42656449553001274,0.42656449553001274,3584
8,5,0.8416347381864623,0.8416347381864623,3584,0.7266922094508301,0.7266922094508301,3584,0.7752234993614304,0.7752234993614304,3584
8,6,0.9655172413793104,0.9655172413793104,3584,0.25287356321839083,0.25287356321839083,3584,0.8697318007662835,0.8697318007662835,3584
8,7,0.8901660280970626,0.8901660280970626,3584,0.9284802043422733,0.9284802043422733,3584,0.9578544061302682,0.9578544061302682,3584
8,8,0.8314176245210728,0.8314176245210728,3584,0.4227330779054917,0.4227330779054917,3584,0.5721583652618135,0.5721583652618135,3584
8,9,0.9272030651340997,0.9272030651340997,3584,0.9272030651340997,0.9272030651340997,3584,0.6934865900383141,0.6934865900383141,3584
8,10,0.6577266922094508,0.6577266922094508,3584,0.47381864623243936,0.47381864623243936,3584,0.6194125159642401,0.6194125159642401,3584
8,11,1.0,1.0,3584,0.719029374201788,0.719029374201788,3584,0.9399744572158365,0.9399744572158365,3584
8,12,0.8071519795657727,0.8071519795657727,3584,0.6819923371647509,0.6819923371647509,3584,0.966794380587484,0.966794380587484,3584
8,13,0.913154533844189,0.913154533844189,3584,0.9029374201787995,0.9029374201787995,3584,0.9195402298850575,0.9195402298850575,3584
8,14,0.44572158365261816,0.44572158365261816,3584,0.024265644955300127,0.024265644955300127,3584,0.4725415070242657,0.4725415070242657,3584
8,15,0.46998722860791825,0.46998722860791825,3584,0.1136653895274585,0.1136653895274585,3584,0.648786717752235,0.648786717752235,3584
8,16,0.20306513409961685,0.20306513409961685,3584,0.02681992337164751,0.02681992337164751,3584,0.3116219667943806,0.3116219667943806,3584
8,17,0.5568326947637292,0.5568326947637292,3584,0.7982120051085568,0.7982120051085568,3584,0.5900383141762452,0.5900383141762452,3584
8,18,0.6296296296296297,0.6296296296296297,3584,0.28991060025542786,0.28991060025542786,3584,0.6500638569604087,0.6500638569604087,3584
8,19,0.23499361430395913,0.23499361430395913,3584,0.04597701149425287,0.04597701149425287,3584,0.3333333333333333,0.3333333333333333,3584
8,20,0.565772669220945,0.565772669220945,3584,0.3563218390804598,0.3563218390804598,3584,0.6079182630906769,0.6079182630906769,3584
8,21,0.9974457215836526,0.9974457215836526,3584,0.6641123882503193,0.6641123882503193,3584,0.5772669220945083,0.5772669220945083,3584
8,22,0.9578544061302682,0.9578544061302682,3584,0.8454661558109834,0.8454661558109834,3584,0.3269476372924649,0.3269476372924649,3584
8,23,0.1277139208173691,0.1277139208173691,3584,0.24648786717752236,0.24648786717752236,3584,0.034482758620689655,0.034482758620689655,3584
8,24,0.9885057471264368,0.9885057471264368,3584,0.9629629629629629,0.9629629629629629,3584,0.2707535121328225,0.2707535121328225,3584
8,25,0.8518518518518519,0.8518518518518519,3584,0.7752234993614304,0.7752234993614304,3584,0.49169859514687103,0.49169859514687103,3584
8,26,0.9693486590038314,0.9693486590038314,3584,0.9565772669220945,0.9565772669220945,3584,0.44189016602809705,0.44189016602809705,3584
8,27,0.7432950191570882,0.7432950191570882,3584,0.9386973180076629,0.9386973180076629,3584,0.1839080459770115,0.1839080459770115,3584
9,0,0.6168582375478927,0.6168582375478927,3584,0.24904214559386972,0.24904214559386972,3584,0.9259259259259259,0.9259259259259259,3584
9,1,0.8505747126436781,0.8505747126436781,3584,0.7318007662835249,0.7318007662835249,3584,0.8505747126436781,0.8505747126436781,3584
9,2,0.7062579821200511,0.7062579821200511,3584,0.8837803320561941,0.8837803320561941,3584,0.6615581098339719,0.6615581098339719,3584
9,3,0.756066411238825,0.756066411238825,3584,0.8939974457215837,0.8939974457215837,3584,0.6334610472541508,0.6334610472541508,3584
9,4,0.8122605363984674,0.8122605363984674,3584,0.9974457215836526,0.9974457215836526,3584,0.6309067688378033,0.6309067688378033,3584
9,5,0.9706257982120051,0.9706257982120051,3584,0.40357598978288634,0.40357598978288634,3584,0.9770114942528736,0.9770114942528736,3584
9,6,0.665389527458493,0.665389527458493,3584,0.3716475095785441,0.3716475095785441,3584,0.6462324393358876,0.6462324393358876,3584
9,7,0.6922094508301405,0.6922094508301405,3584,0.7164750957854407,0.7164750957854407,3584,0.9080459770114943,0.9080459770114943,3584
9,8,0.7088122605363985,0.7088122605363985,3584,0.5593869731800766,0.5593869731800766,3584,0.7484035759897829,0.7484035759897829,3584
9,9,0.5338441890166028,0.5338441890166028,3584,0.5287356321839081,0.5287356321839081,3584,0.47381864623243936,0.47381864623243936,3584
9,10,0.421455938697318,0.421455938697318,3584,0.3167305236270754,0.3167305236270754,3584,0.17624521072796934,0.17624521072796934,3584
9,11,0.7139208173690932,0.7139208173690932,3584,0.31928480204342274,0.31928480204342274,3584,0.9693486590038314,0.9693486590038314,3584
9,12,0.454661558109834,0.454661558109834,3584,0.09067688378033206,0.09067688378033206,3584,0.7062579821200511,0.7062579821200511,3584
9,13,0.8659003831417624,0.8659003831417624,3584,0.32950191570881227,0.32950191570881227,3584,0.9425287356321839,0.9425287356321839,3584
9,14,0.6909323116219668,0.6909323116219668,3584,0.3614303959131545,0.3614303959131545,3584,0.7969348659003831,0.7969348659003831,3584
9,15,0.7305236270753512,0.7305236270753512,3584,0.9348659003831418,0.9348659003831418,3584,0.8084291187739464,0.8084291187739464,3584
9,16,0.9361430395913155,0.9361430395913155,3584,0.31928480204342274,0.31928480204342274,3584,0.9808429118773946,0.9808429118773946,3584
9,17,0.5606641123882503,0.5606641123882503,3584,0.7037037037037037,0.7037037037037037,3584,0.8518518518518519,0.8518518518518519,3584
9,18,0.42017879948914433,0.42017879948914433,3584,0.7969348659003831,0.7969348659003831,3584,0.7088122605363985,0.7088122605363985,3584
9,19,0.8735632183908046,0.8735632183908046,3584,0.8735632183908046,0.8735632183908046,3584,0.722860791826309,0.722860791826309,3584
9,20,0.5504469987228607,0.5504469987228607,3584,0.3384418901660281,0.3384418901660281,3584,0.9680715197956578,0.9680715197956578,3584
9,21,0.8480204342273308,0.8480204342273308,3584,0.6526181353767561,0.6526181353767561,3584,0.6564495530012772,0.6564495530012772,3584
9,22,0.8084291187739464,0.8084291187739464,3584,0.9527458492975734,0.9527458492975734,3584,0.2503192848020434,0.2503192848020434,3584
9,23,0.7713920817369093,0.7713920817369093,3584,0.5913154533844189,0.5913154533844189,3584,0.7535121328224776,0.7535121328224776,3584
9,24,0.9259259259259259,0.9259259259259259,3584,0.7739463601532567,0.7739463601532567,3584,0.438058748403576,0.438058748403576,3584
9,25,0.9833971902937421,0.9833971902937421,3584,0.9450830140485313,0.9450830140485313,3584,0.7037037037037037,0.7037037037037037,3584
9,26,0.8301404853128991,0.8301404853128991,3584,0.8212005108556832,0.8212005108556832,3584,0.2848020434227331,0.2848020434227331,3584
9,27,0.9961685823754789,0.9961685823754789,3584,0.5568326947637292,0.5568326947637292,3584,0.9220945083014048,0.9220945083014048,3584
10,0,0.6411238825031929,0.6411238825031929,3584,0.5261813537675607,0.5261813537675607,3584,0.8020434227330779,0.8020434227330779,3584
10,1,0.9374201787994891,0.9374201787994891,3584,0.5031928480204342,0.5031928480204342,3584,0.8326947637292464,0.8326947637292464,3584
10,2,0.7432950191570882,0.7432950191570882,3584,0.6883780332056194,0.6883780332056194,3584,0.5172413793103449,0.5172413793103449,3584
10,3,0.7037037037037037,0.7037037037037037,3584,0.28735632183908044,0.28735632183908044,3584,0.14814814814814814,0.14814814814814814,3584
10,4,0.7215836526181354,0.7215836526181354,3584,0.022988505747126436,0.022988505747126436,3584,0.6296296296296297,0.6296296296296297,3584
10,5,0.5747126436781609,0.5747126436781609,3584,0.4674329501915709,0.4674329501915709,3584,0.7203065134099617,0.7203065134099617,3584
10,6,0.8837803320561941,0.8837803320561941,3584,0.8365261813537676,0.8365261813537676,3584,0.2784163473818646,0.2784163473818646,3584
10,7,0.5466155810983397,0.5466155810983397,3584,0.4125159642401022,0.4125159642401022,3584,0.6002554278416348,0.6002554278416348,3584
10,8,0.47126436781609193,0.47126436781609193,3584,0.14814814814814814,0.14814814814814814,3584,0.80970625798212,0.80970625798212,3584
10,9,0.6385696040868455,0.6385696040868455,3584,0.38697318007662834,0.38697318007662834,3584,0.7305236270753512,0.7305236270753512,3584
10,10,0.5363984674329502,0.5363984674329502,3584,0.2950191570881226,0.2950191570881226,3584,0.9374201787994891,0.9374201787994891,3584
10,11,0.933588761174968,0.933588761174968,3584,0.4904214559386973,0.4904214559386973,3584,0.9629629629629629,0.9629629629629629,3584
10,12,0.49936143039591313,0.49936143039591313,3584,0.13026819923371646,0.13026819923371646,3584,0.6398467432950191,0.6398467432950191,3584
10,13,0.5644955300127714,0.5644955300127714,3584,0.18773946360153257,0.18773946360153257,3584,0.8454661558109834,0.8454661558109834,3584
10,14,0.9987228607918263,0.9987228607918263,3584,0.6768837803320562,0.6768837803320562,3584,0.9565772669220945,0.9565772669220945,3584
10,15,0.8454661558109834,0.8454661558109834,3584,0.30779054916985954,0.30779054916985954,3584,0.8722860791826309,0.8722860791826309,3584
10,16,0.8863346104725415,0.8863346104725415,3584,0.45721583652618136,0.45721583652618136,3584,0.7739463601532567,0.7739463601532567,3584
10,17,0.6360153256704981,0.6360153256704981,3584,0.35887611749680715,0.35887611749680715,3584,0.5478927203065134,0.5478927203065134,3584
10,18,0.929757343550447,0.929757343550447,3584,0.6794380587484036,0.6794380587484036,3584,0.6245210727969349,0.6245210727969349,3584
10,19,0.8531289910600255,0.8531289910600255,3584,0.913154533844189,0.913154533844189,3584,0.4904214559386973,0.4904214559386973,3584
10,20,0.9501915708812261,0.9501915708812261,3584,0.6641123882503193,0.6641123882503193,3584,0.7241379310344828,0.7241379310344828,3584
10,21,0.5721583652618135,0.5721583652618135,3584,0.12899106002554278,0.12899106002554278,3584,0.7151979565772669,0.7151979565772669,3584
10,22,0.6641123882503193,0.6641123882503193,3584,0.11494252873563218,0.11494252873563218,3584,0.7484035759897829,0.7484035759897829,3584
10,23,0.6819923371647509,0.6819923371647509,3584,0.10472541507024266,0.10472541507024266,3584,0.7164750957854407,0.7164750957854407,3584
10,24,0.9910600255427842,0.9910600255427842,3584,0.6819923371647509,0.6819923371647509,3584,0.9897828863346104,0.9897828863346104,3584
10,25,0.7164750957854407,0.7164750957854407,3584,0.14687100893997446,0.14687100893997446,3584,0.7777777777777778,0.7777777777777778,3584
10,26,0.438058748403576,0.438058748403576,3584,0.04086845466155811,0.04086845466155811,3584,0.648786717752235,0.648786717752235,3584
10,27,0.5836526181353767,0.5836526181353767,3584,0.035759897828863345,0.035759897828863345,3584,0.4827586206896552,0.4827586206896552,3584
11,0,0.9872286079182631,0.9872286079182631,3584,0.9833971902937421,0.9833971902937421,3584,0.28735632183908044,0.28735632183908044,3584
11,1,0.9272030651340997,0.9272030651340997,3584,0.12260536398467432,0.12260536398467432,3584,0.7662835249042146,0.7662835249042146,3584
11,2,0.8390804597701149,0.8390804597701149,3584,0.9936143039591315,0.9936143039591315,3584,0.20434227330779056,0.20434227330779056,3584
11,3,0.8722860791826309,0.8722860791826309,3584,0.21839080459770116,0.21839080459770116,3584,0.8991060025542784,0.8991060025542784,3584
11,4,0.8888888888888888,0.8888888888888888,3584,0.565772669220945,0.565772669220945,3584,0.632183908045977,0.632183908045977,3584
11,5,0.9527458492975734,0.9527458492975734,3584,0.38058748403575987,0.38058748403575987,3584,0.8186462324393359,0.8186462324393359,3584
11,6,0.9540229885057471,0.9540229885057471,3584,0.3780332056194125,0.3780332056194125,3584,0.7420178799489144,0.7420178799489144,3584
11,7,0.8160919540229885,0.8160919540229885,3584,0.21839080459770116,0.21839080459770116,3584,0.896551724137931,0.896551724137931,3584
11,8,0.8403575989782887,0.8403575989782887,3584,0.6896551724137931,0.6896551724137931,3584,0.26947637292464877,0.26947637292464877,3584
11,9,0.9655172413793104,0.9655172413793104,3584,0.6756066411238825,0.6756066411238825,3584,0.7126436781609196,0.7126436781609196,3584
11,10,0.8339719029374202,0.8339719029374202,3584,0.5019157088122606,0.5019157088122606,3584,0.8045977011494253,0.8045977011494253,3584
11,11,0.9757343550446999,0.9757343550446999,3584,0.3397190293742018,0.3397190293742018,3584,0.3831417624521073,0.3831417624521073,3584
11,12,0.7598978288633461,0.7598978288633461,3584,0.8378033205619413,0.8378033205619413,3584,0.1583652618135377,0.1583652618135377,3584
11,13,0.7956577266922095,0.7956577266922095,3584,0.8275862068965517,0.8275862068965517,3584,0.8876117496807152,0.8876117496807152,3584
11,14,0.7075351213282248,0.7075351213282248,3584,0.09323116219667944,0.09323116219667944,3584,0.8122605363984674,0.8122605363984674,3584
11,15,0.735632183908046,0.735632183908046,3584,0.10727969348659004,0.10727969348659004,3584,0.8237547892720306,0.8237547892720306,3584
11,16,0.9604086845466155,0.9604086845466155,3584,0.565772669220945,0.565772669220945,3584,0.9233716475095786,0.9233716475095786,3584
11,17,0.632183908045977,0.632183908045977,3584,0.0983397190293742,0.0983397190293742,3584,0.7982120051085568,0.7982120051085568,3584
11,18,0.5849297573435505,0.5849297573435505,3584,0.0421455938697318,0.0421455938697318,3584,0.8710089399744572,0.8710089399744572,3584
11,19,0.7369093231162197,0.7369093231162197,3584,0.16602809706257982,0.16602809706257982,3584,0.598978288633461,0.598978288633461,3584
11,20,0.5389527458492975,0.5389527458492975,3584,0.0983397190293742,0.0983397190293742,3584,0.6794380587484036,0.6794380587484036,3584
11,21,0.9565772669220945,0.9565772669220945,3584,0.6436781609195402,0.6436781609195402,3584,0.9910600255427842,0.9910600255427842,3584
11,22,0.9859514687100894,0.9859514687100894,3584,0.46871008939974457,0.46871008939974457,3584,0.9782886334610472,0.9782886334610472,3584
11,23,0.9923371647509579,0.9923371647509579,3584,0.9923371647509579,0.9923371647509579,3584,0.7752234993614304,0.7752234993614304,3584
11,24,0.8326947637292464,0.8326947637292464,3584,0.8773946360153256,0.8773946360153256,3584,0.979565772669221,0.979565772669221,3584
11,25,0.7867177522349936,0.7867177522349936,3584,0.7535121328224776,0.7535121328224776,3584,0.6602809706257982,0.6602809706257982,3584
11,26,0.9169859514687101,0.9169859514687101,3584,0.9182630906768838,0.9182630906768838,3584,0.7547892720306514,0.7547892720306514,3584
11,27,0.9361430395913155,0.9361430395913155,3584,0.9693486590038314,0.9693486590038314,3584,0.29118773946360155,0.29118773946360155,3584
12,0,1.0,1.0,3584,0.17113665389527458,0.17113665389527458,3584,0.9948914431673053,0.9948914431673053,3584
12,1,0.6934865900383141,0.6934865900383141,3584,0.4776500638569604,0.4776500638569604,3584,0.9233716475095786,0.9233716475095786,3584
12,2,0.9936143039591315,0.9936143039591315,3584,0.8697318007662835,0.8697318007662835,3584,0.9655172413793104,0.9655172413793104,3584
12,3,0.9144316730523627,0.9144316730523627,3584,0.16347381864623245,0.16347381864623245,3584,0.9514687100893997,0.9514687100893997,3584
12,4,0.8033205619412516,0.8033205619412516,3584,0.5721583652618135,0.5721583652618135,3584,0.9144316730523627,0.9144316730523627,3584
12,5,0.648786717752235,0.648786717752235,3584,0.2822477650063857,0.2822477650063857,3584,0.9782886334610472,0.9782886334610472,3584
12,6,0.8058748403575989,0.8058748403575989,3584,1.0,1.0,3584,0.7203065134099617,0.7203065134099617,3584
12,7,0.7496807151979565,0.7496807151979565,3584,0.9438058748403576,0.9438058748403576,3584,0.1545338441890166,0.1545338441890166,3584
12,8,0.9323116219667944,0.9323116219667944,3584,0.9808429118773946,0.9808429118773946,3584,0.6883780332056194,0.6883780332056194,3584
12,9,0.9974457215836526,0.9974457215836526,3584,0.5389527458492975,0.5389527458492975,3584,0.9029374201787995,0.9029374201787995,3584
12,10,0.9527458492975734,0.9527458492975734,3584,0.933588761174968,0.933588761174968,3584,0.8326947637292464,0.8326947637292464,3584
12,11,0.8952745849297573,0.8952745849297573,3584,0.9054916985951469,0.9054916985951469,3584,0.9655172413793104,0.9655172413793104,3584
12,12,0.9425287356321839,0.9425287356321839,3584,0.9872286079182631,0.9872286079182631,3584,0.7931034482758621,0.7931034482758621,3584
12,13,0.909323116219668,0.909323116219668,3584,0.89272030651341,0.89272030651341,3584,0.789272030651341,0.789272030651341,3584
12,14,0.8710089399744572,0.8710089399744572,3584,0.735632183908046,0.735632183908046,3584,0.7969348659003831,0.7969348659003831,3584
12,15,0.7879948914431673,0.7879948914431673,3584,0.9220945083014048,0.9220945083014048,3584,0.6960408684546615,0.6960408684546615,3584
12,16,0.7854406130268199,0.7854406130268199,3584,0.9310344827586207,0.9310344827586207,3584,0.6577266922094508,0.6577266922094508,3584
12,17,0.9821200510855683,0.9821200510855683,3584,0.8148148148148148,0.8148148148148148,3584,0.9540229885057471,0.9540229885057471,3584
12,18,0.665389527458493,0.665389527458493,3584,0.1979565772669221,0.1979565772669221,3584,0.7100893997445722,0.7100893997445722,3584
12,19,0.6960408684546615,0.6960408684546615,3584,0.8403575989782887,0.8403575989782887,3584,0.48659003831417624,0.48659003831417624,3584
12,20,0.8109833971902938,0.8109833971902938,3584,0.6513409961685823,0.6513409961685823,3584,0.6973180076628352,0.6973180076628352,3584
12,21,0.7943805874840357,0.7943805874840357,3584,0.17752234993614305,0.17752234993614305,3584,0.966794380587484,0.966794380587484,3584
12,22,0.9476372924648787,0.9476372924648787,3584,0.7062579821200511,0.7062579821200511,3584,0.8914431673052363,0.8914431673052363,3584
12,23,0.896551724137931,0.896551724137931,3584,0.6551724137931034,0.6551724137931034,3584,0.5019157088122606,0.5019157088122606,3584
12,24,0.879948914431673,0.879948914431673,3584,0.8659003831417624,0.8659003831417624,3584,0.876117496807152,0.876117496807152,3584
12,25,0.842911877394636,0.842911877394636,3584,0.2567049808429119,0.2567049808429119,3584,0.9731800766283525,0.9731800766283525,3584
12,26,0.9553001277139208,0.9553001277139208,3584,0.5721583652618135,0.5721583652618135,3584,0.9476372924648787,0.9476372924648787,3584
12,27,0.8812260536398467,0.8812260536398467,3584,0.6232439335887612,0.6232439335887612,3584,0.6832694763729247,0.6832694763729247,3584
13,0,0.5274584929757343,0.5274584929757343,3584,0.4342273307790549,0.4342273307790549,3584,0.8403575989782887,0.8403575989782887,3584
13,1,0.6717752234993615,0.6717752234993615,3584,0.4674329501915709,0.4674329501915709,3584,0.9527458492975734,0.9527458492975734,3584
13,2,0.9386973180076629,0.9386973180076629,3584,0.4393358876117497,0.4393358876117497,3584,0.9374201787994891,0.9374201787994891,3584
13,3,0.6130268199233716,0.6130268199233716,3584,0.8135376756066411,0.8135376756066411,3584,0.34610472541507026,0.34610472541507026,3584
13,4,0.6436781609195402,0.6436781609195402,3584,0.7931034482758621,0.7931034482758621,3584,0.6143039591315453,0.6143039591315453,3584
13,5,0.7088122605363985,0.7088122605363985,3584,0.6462324393358876,0.6462324393358876,3584,0.6372924648786717,0.6372924648786717,3584
13,6,0.6832694763729247,0.6832694763729247,3584,0.9067688378033205,0.9067688378033205,3584,0.9284802043422733,0.9284802043422733,3584
13,7,0.9910600255427842,0.9910600255427842,3584,0.561941251596424,0.561941251596424,3584,0.7318007662835249,0.7318007662835249,3584
13,8,0.8326947637292464,0.8326947637292464,3584,0.0970625798212005,0.0970625798212005,3584,0.70242656449553,0.70242656449553,3584
13,9,0.7726692209450831,0.7726692209450831,3584,0.10855683269476372,0.10855683269476372,3584,0.8416347381864623,0.8416347381864623,3584
13,10,0.9233716475095786,0.9233716475095786,3584,0.26053639846743293,0.26053639846743293,3584,0.8812260536398467,0.8812260536398467,3584
13,11,0.9961685823754789,0.9961685823754789,3584,0.8122605363984674,0.8122605363984674,3584,0.6206896551724138,0.6206896551724138,3584
13,12,0.9719029374201787,0.9719029374201787,3584,0.47126436781609193,0.47126436781609193,3584,0.9642401021711366,0.9642401021711366,3584
13,13,0.9987228607918263,0.9987228607918263,3584,0.23371647509578544,0.23371647509578544,3584,0.8646232439335888,0.8646232439335888,3584
13,14,0.7969348659003831,0.7969348659003831,3584,0.6411238825031929,0.6411238825031929,3584,0.6002554278416348,0.6002554278416348,3584
13,15,0.5849297573435505,0.5849297573435505,3584,0.5823754789272031,0.5823754789272031,3584,0.6283524904214559,0.6283524904214559,3584
13,16,0.9233716475095786,0.9233716475095786,3584,0.9489144316730523,0.9489144316730523,3584,0.89272030651341,0.89272030651341,3584
13,17,0.8748403575989783,0.8748403575989783,3584,0.9616858237547893,0.9616858237547893,3584,0.6436781609195402,0.6436781609195402,3584
13,18,0.9948914431673053,0.9948914431673053,3584,0.789272030651341,0.789272030651341,3584,0.9476372924648787,0.9476372924648787,3584
13,19,0.9003831417624522,0.9003831417624522,3584,0.9910600255427842,0.9910600255427842,3584,0.9323116219667944,0.9323116219667944,3584
13,20,0.8288633461047255,0.8288633461047255,3584,0.7905491698595147,0.7905491698595147,3584,0.8186462324393359,0.8186462324393359,3584
13,21,0.8492975734355045,0.8492975734355045,3584,0.7994891443167306,0.7994891443167306,3584,0.9054916985951469,0.9054916985951469,3584
13,22,0.8544061302681992,0.8544061302681992,3584,0.8186462324393359,0.8186462324393359,3584,0.855683269476373,0.855683269476373,3584
13,23,0.7905491698595147,0.7905491698595147,3584,0.48531289910600256,0.48531289910600256,3584,0.7918263090676884,0.7918263090676884,3584
13,24,0.9565772669220945,0.9565772669220945,3584,0.6091954022988506,0.6091954022988506,3584,0.6730523627075351,0.6730523627075351,3584
13,25,0.9080459770114943,0.9080459770114943,3584,0.6615581098339719,0.6615581098339719,3584,0.9616858237547893,0.9616858237547893,3584
13,26,0.8352490421455939,0.8352490421455939,3584,0.8480204342273308,0.8480204342273308,3584,0.7573435504469987,0.7573435504469987,3584
13,27,0.9476372924648787,0.9476372924648787,3584,0.8148148148148148,0.8148148148148148,3584,0.6998722860791826,0.6998722860791826,3584
14,0,0.8352490421455939,0.8352490421455939,3584,0.9412515964240102,0.9412515964240102,3584,0.011494252873563218,0.011494252873563218,3584
14,1,0.8250319284802043,0.8250319284802043,3584,0.5504469987228607,0.5504469987228607,3584,0.1136653895274585,0.1136653895274585,3584
14,2,0.9029374201787995,0.9029374201787995,3584,0.8863346104725415,0.8863346104725415,3584,0.30140485312899107,0.30140485312899107,3584
14,3,0.9680715197956578,0.9680715197956578,3584,0.9578544061302682,0.9578544061302682,3584,0.21455938697318008,0.21455938697318008,3584
14,4,0.04086845466155811,0.04086845466155811,3584,0.31545338441890164,0.31545338441890164,3584,0.002554278416347382,0.002554278416347382,3584
14,5,0.035759897828863345,0.035759897828863345,3584,0.002554278416347382,0.002554278416347382,3584,0.001277139208173691,0.001277139208173691,3584
14,6,0.80970625798212,0.80970625798212,3584,0.8212005108556832,0.8212005108556832,3584,0.2222222222222222,0.2222222222222222,3584
14,7,0.08173690932311622,0.08173690932311622,3584,0.49936143039591313,0.49936143039591313,3584,0.037037037037037035,0.037037037037037035,3584
14,8,0.9106002554278416,0.9106002554278416,3584,0.9897828863346104,0.9897828863346104,3584,0.25287356321839083,0.25287356321839083,3584
14,9,0.9782886334610472,0.9782886334610472,3584,0.2720306513409962,0.2720306513409962,3584,0.9157088122605364,0.9157088122605364,3584
14,10,0.9514687100893997,0.9514687100893997,3584,0.9782886334610472,0.9782886334610472,3584,0.5466155810983397,0.5466155810983397,3584
14,11,0.9706257982120051,0.9706257982120051,3584,0.9719029374201787,0.9719029374201787,3584,0.5108556832694764,0.5108556832694764,3584
14,12,0.979565772669221,0.979565772669221,3584,0.9859514687100894,0.9859514687100894,3584,0.24648786717752236,0.24648786717752236,3584
14,13,0.9897828863346104,0.9897828863346104,3584,0.9770114942528736,0.9770114942528736,3584,0.8837803320561941,0.8837803320561941,3584
14,14,0.8275862068965517,0.8275862068965517,3584,0.8850574712643678,0.8850574712643678,3584,0.6424010217113666,0.6424010217113666,3584
14,15,0.7266922094508301,0.7266922094508301,3584,0.7752234993614304,0.7752234993614304,3584,0.6028097062579821,0.6028097062579821,3584
14,16,0.6590038314176245,0.6590038314176245,3584,0.7049808429118773,0.7049808429118773,3584,0.45977011494252873,0.45977011494252873,3584
14,17,0.7203065134099617,0.7203065134099617,3584,0.3959131545338442,0.3959131545338442,3584,0.7713920817369093,0.7713920817369093,3584
14,18,0.7943805874840357,0.7943805874840357,3584,0.6066411238825032,0.6066411238825032,3584,0.3997445721583653,0.3997445721583653,3584
14,19,0.719029374201788,0.719029374201788,3584,0.7713920817369093,0.7713920817369093,3584,0.4112388250319285,0.4112388250319285,3584
14,20,0.9591315453384419,0.9591315453384419,3584,0.5772669220945083,0.5772669220945083,3584,0.8301404853128991,0.8301404853128991,3584
14,21,0.7100893997445722,0.7100893997445722,3584,0.8901660280970626,0.8901660280970626,3584,0.9757343550446999,0.9757343550446999,3584
14,22,0.8684546615581098,0.8684546615581098,3584,0.9974457215836526,0.9974457215836526,3584,0.756066411238825,0.756066411238825,3584
14,23,0.7994891443167306,0.7994891443167306,3584,0.8326947637292464,0.8326947637292464,3584,0.6130268199233716,0.6130268199233716,3584
14,24,0.6679438058748404,0.6679438058748404,3584,0.8135376756066411,0.8135376756066411,3584,0.32567049808429116,0.32567049808429116,3584
14,25,0.9246487867177522,0.9246487867177522,3584,0.1251596424010217,0.1251596424010217,3584,0.9885057471264368,0.9885057471264368,3584
14,26,0.7598978288633461,0.7598978288633461,3584,0.5938697318007663,0.5938697318007663,3584,0.7790549169859514,0.7790549169859514,3584
14,27,0.7841634738186463,0.7841634738186463,3584,0.9948914431673053,0.9948914431673053,3584,0.9348659003831418,0.9348659003831418,3584
15,0,0.8646232439335888,0.8646232439335888,3584,0.4495530012771392,0.4495530012771392,3584,0.6743295019157088,0.6743295019157088,3584
15,1,0.9386973180076629,0.9386973180076629,3584,0.9885057471264368,0.9885057471264368,3584,0.2796934865900383,0.2796934865900383,3584
15,2,0.8007662835249042,0.8007662835249042,3584,0.35759897828863346,0.35759897828863346,3584,0.5606641123882503,0.5606641123882503,3584
15,3,0.9003831417624522,0.9003831417624522,3584,0.6398467432950191,0.6398467432950191,3584,0.8467432950191571,0.8467432950191571,3584
15,4,0.9348659003831418,0.9348659003831418,3584,0.9821200510855683,0.9821200510855683,3584,0.6513409961685823,0.6513409961685823,3584
15,5,0.7445721583652618,0.7445721583652618,3584,0.1966794380587484,0.1966794380587484,3584,0.8275862068965517,0.8275862068965517,3584
15,6,0.7867177522349936,0.7867177522349936,3584,0.2962962962962963,0.2962962962962963,3584,0.611749680715198,0.611749680715198,3584
15,7,0.8160919540229885,0.8160919540229885,3584,0.7088122605363985,0.7088122605363985,3584,0.4393358876117497,0.4393358876117497,3584
15,8,0.7624521072796935,0.7624521072796935,3584,0.16475095785440613,0.16475095785440613,3584,0.8978288633461047,0.8978288633461047,3584
15,9,0.789272030651341,0.789272030651341,3584,0.17369093231162197,0.17369093231162197,3584,0.9272030651340997,0.9272030651340997,3584
15,10,0.7151979565772669,0.7151979565772669,3584,0.6462324393358876,0.6462324393358876,3584,0.7918263090676884,0.7918263090676884,3584
15,11,0.8390804597701149,0.8390804597701149,3584,0.2656449553001277,0.2656449553001277,3584,0.8518518518518519,0.8518518518518519,3584
15,12,0.7522349936143039,0.7522349936143039,3584,0.36270753512132825,0.36270753512132825,3584,0.7803320561941252,0.7803320561941252,3584
15,13,0.8237547892720306,0.8237547892720306,3584,0.3282247765006386,0.3282247765006386,3584,0.933588761174968,0.933588761174968,3584
15,14,0.966794380587484,0.966794380587484,3584,0.9961685823754789,0.9961685823754789,3584,0.7215836526181354,0.7215836526181354,3584
15,15,0.8748403575989783,0.8748403575989783,3584,0.9731800766283525,0.9731800766283525,3584,0.5146871008939975,0.5146871008939975,3584
15,16,0.7254150702426565,0.7254150702426565,3584,0.5874840357598978,0.5874840357598978,3584,0.8876117496807152,0.8876117496807152,3584
15,17,0.6194125159642401,0.6194125159642401,3584,0.6360153256704981,0.6360153256704981,3584,0.7266922094508301,0.7266922094508301,3584
15,18,0.3946360153256705,0.3946360153256705,3584,0.7777777777777778,0.7777777777777778,3584,0.03065134099616858,0.03065134099616858,3584
15,19,0.8735632183908046,0.8735632183908046,3584,0.6500638569604087,0.6500638569604087,3584,0.4878671775223499,0.4878671775223499,3584
15,20,0.9897828863346104,0.9897828863346104,3584,0.9948914431673053,0.9948914431673053,3584,0.3397190293742018,0.3397190293742018,3584
15,21,0.7918263090676884,0.7918263090676884,3584,0.44189016602809705,0.44189016602809705,3584,0.9501915708812261,0.9501915708812261,3584
15,22,0.7931034482758621,0.7931034482758621,3584,0.5810983397190294,0.5810983397190294,3584,0.8148148148148148,0.8148148148148148,3584
15,23,0.9859514687100894,0.9859514687100894,3584,0.7330779054916986,0.7330779054916986,3584,0.9514687100893997,0.9514687100893997,3584
15,24,0.8569604086845466,0.8569604086845466,3584,0.9680715197956578,0.9680715197956578,3584,0.6768837803320562,0.6768837803320562,3584
15,25,0.946360153256705,0.946360153256705,3584,0.8607918263090677,0.8607918263090677,3584,0.4789272030651341,0.4789272030651341,3584
15,26,0.9182630906768838,0.9182630906768838,3584,0.8505747126436781,0.8505747126436781,3584,0.9821200510855683,0.9821200510855683,3584
15,27,0.9016602809706258,0.9016602809706258,3584,0.5632183908045977,0.5632183908045977,3584,0.9106002554278416,0.9106002554278416,3584
16,0,0.8480204342273308,0.8480204342273308,3584,0.979565772669221,0.979565772669221,3584,0.933588761174968,0.933588761174968,3584
16,1,0.9182630906768838,0.9182630906768838,3584,0.9616858237547893,0.9616858237547893,3584,0.5683269476372924,0.5683269476372924,3584
16,2,0.9757343550446999,0.9757343550446999,3584,0.9629629629629629,0.9629629629629629,3584,0.7254150702426565,0.7254150702426565,3584
16,3,0.933588761174968,0.933588761174968,3584,0.9208173690932312,0.9208173690932312,3584,0.46360153256704983,0.46360153256704983,3584
16,4,0.8722860791826309,0.8722860791826309,3584,0.9054916985951469,0.9054916985951469,3584,0.685823754789272,0.685823754789272,3584
16,5,0.9438058748403576,0.9438058748403576,3584,0.9987228607918263,0.9987228607918263,3584,0.6104725415070242,0.6104725415070242,3584
16,6,0.8505747126436781,0.8505747126436781,3584,0.8569604086845466,0.8569604086845466,3584,0.8071519795657727,0.8071519795657727,3584
16,7,0.6360153256704981,0.6360153256704981,3584,0.7254150702426565,0.7254150702426565,3584,0.7139208173690932,0.7139208173690932,3584
16,8,0.876117496807152,0.876117496807152,3584,0.34610472541507026,0.34610472541507026,3584,0.7037037037037037,0.7037037037037037,3584
16,9,0.7062579821200511,0.7062579821200511,3584,0.7139208173690932,0.7139208173690932,3584,0.4904214559386973,0.4904214559386973,3584
16,10,0.3793103448275862,0.3793103448275862,3584,0.34355044699872284,0.34355044699872284,3584,0.3282247765006386,0.3282247765006386,3584
16,11,0.2567049808429119,0.2567049808429119,3584,0.43167305236270753,0.43167305236270753,3584,0.4763729246487867,0.4763729246487867,3584
16,12,0.4355044699872286,0.4355044699872286,3584,0.48659003831417624,0.48659003831417624,3584,0.722860791826309,0.722860791826309,3584
16,13,0.4763729246487867,0.4763729246487867,3584,0.7011494252873564,0.7011494252873564,3584,0.1277139208173691,0.1277139208173691,3584
16,14,0.6934865900383141,0.6934865900383141,3584,0.8620689655172413,0.8620689655172413,3584,0.9872286079182631,0.9872286079182631,3584
16,15,0.6807151979565773,0.6807151979565773,3584,0.5134099616858238,0.5134099616858238,3584,1.0,1.0,3584
16,16,0.7381864623243933,0.7381864623243933,3584,0.7547892720306514,0.7547892720306514,3584,0.6334610472541508,0.6334610472541508,3584
16,17,0.8084291187739464,0.8084291187739464,3584,0.8352490421455939,0.8352490421455939,3584,0.9412515964240102,0.9412515964240102,3584
16,18,0.6168582375478927,0.6168582375478927,3584,0.7943805874840357,0.7943805874840357,3584,0.7943805874840357,0.7943805874840357,3584
16,19,0.9770114942528736,0.9770114942528736,3584,0.8825031928480205,0.8825031928480205,3584,0.9744572158365262,0.9744572158365262,3584
16,20,0.7854406130268199,0.7854406130268199,3584,0.9144316730523627,0.9144316730523627,3584,0.8288633461047255,0.8288633461047255,3584
16,21,0.6666666666666666,0.6666666666666666,3584,0.17496807151979565,0.17496807151979565,3584,0.913154533844189,0.913154533844189,3584
16,22,0.561941251596424,0.561941251596424,3584,0.11621966794380588,0.11621966794380588,3584,0.7777777777777778,0.7777777777777778,3584
16,23,0.7139208173690932,0.7139208173690932,3584,0.13154533844189017,0.13154533844189017,3584,0.9616858237547893,0.9616858237547893,3584
16,24,0.5593869731800766,0.5593869731800766,3584,0.5223499361430396,0.5223499361430396,3584,0.8390804597701149,0.8390804597701149,3584
16,25,0.5925925925925926,0.5925925925925926,3584,0.14559386973180077,0.14559386973180077,3584,0.8199233716475096,0.8199233716475096,3584
16,26,0.8786717752234994,0.8786717752234994,3584,0.2937420178799489,0.2937420178799489,3584,0.9195402298850575,0.9195402298850575,3584
16,27,0.5427841634738186,0.5427841634738186,3584,0.6257982120051085,0.6257982120051085,3584,0.45849297573435505,0.45849297573435505,3584
17,0,0.558109833971903,0.558109833971903,3584,0.8531289910600255,0.8531289910600255,3584,0.929757343550447,0.929757343550447,3584
17,1,0.565772669220945,0.565772669220945,3584,0.5823754789272031,0.5823754789272031,3584,0.8659003831417624,0.8659003831417624,3584
17,2,0.6424010217113666,0.6424010217113666,3584,0.18901660280970625,0.18901660280970625,3584,0.9897828863346104,0.9897828863346104,3584
17,3,0.5836526181353767,0.5836526181353767,3584,0.545338441890166,0.545338441890166,3584,0.7343550446998723,0.7343550446998723,3584
17,4,0.7828863346104725,0.7828863346104725,3584,0.37420178799489145,0.37420178799489145,3584,0.9936143039591315,0.9936143039591315,3584
17,5,0.7650063856960408,0.7650063856960408,3584,0.6168582375478927,0.6168582375478927,3584,0.9310344827586207,0.9310344827586207,3584
17,6,0.6155810983397191,0.6155810983397191,3584,0.26309067688378035,0.26309067688378035,3584,0.9974457215836526,0.9974457215836526,3584
17,7,0.3384418901660281,0.3384418901660281,3584,0.7828863346104725,0.7828863346104725,3584,0.1251596424010217,0.1251596424010217,3584
17,8,0.5491698595146871,0.5491698595146871,3584,0.8582375478927203,0.8582375478927203,3584,0.19923371647509577,0.19923371647509577,3584
17,9,0.644955300127714,0.644955300127714,3584,0.48148148148148145,0.48148148148148145,3584,0.8288633461047255,0.8288633461047255,3584
17,10,0.1417624521072797,0.1417624521072797,3584,0.18901660280970625,0.18901660280970625,3584,0.40102171136653897,0.40102171136653897,3584
17,11,0.49680715197956576,0.49680715197956576,3584,0.1251596424010217,0.1251596424010217,3584,0.9323116219667944,0.9323116219667944,3584
17,12,0.35759897828863346,0.35759897828863346,3584,0.23243933588761176,0.23243933588761176,3584,0.8620689655172413,0.8620689655172413,3584
17,13,0.3665389527458493,0.3665389527458493,3584,0.30395913154533843,0.30395913154533843,3584,0.384418901660281,0.384418901660281,3584
17,14,0.6104725415070242,0.6104725415070242,3584,0.8812260536398467,0.8812260536398467,3584,0.7547892720306514,0.7547892720306514,3584
17,15,0.24648786717752236,0.24648786717752236,3584,0.32950191570881227,0.32950191570881227,3584,0.5925925925925926,0.5925925925925926,3584
17,16,0.5823754789272031,0.5823754789272031,3584,0.194125159642401,0.194125159642401,3584,0.4495530012771392,0.4495530012771392,3584
17,17,0.6666666666666666,0.6666666666666666,3584,0.7011494252873564,0.7011494252873564,3584,0.822477650063857,0.822477650063857,3584
17,18,0.6832694763729247,0.6832694763729247,3584,0.8492975734355045,0.8492975734355045,3584,0.5363984674329502,0.5363984674329502,3584
17,19,0.4074074074074074,0.4074074074074074,3584,0.5772669220945083,0.5772669220945083,3584,0.6257982120051085,0.6257982120051085,3584
17,20,0.367816091954023,0.367816091954023,3584,0.46871008939974457,0.46871008939974457,3584,0.5530012771392082,0.5530012771392082,3584
17,21,0.80970625798212,0.80970625798212,3584,0.388250319284802,0.388250319284802,3584,0.879948914431673,0.879948914431673,3584
17,22,0.7535121328224776,0.7535121328224776,3584,0.7305236270753512,0.7305236270753512,3584,0.8212005108556832,0.8212005108556832,3584
17,23,0.7777777777777778,0.7777777777777778,3584,0.6602809706257982,0.6602809706257982,3584,0.7650063856960408,0.7650063856960408,3584
17,24,0.6411238825031929,0.6411238825031929,3584,0.9106002554278416,0.9106002554278416,3584,0.5159642401021711,0.5159642401021711,3584
17,25,0.5951468710089399,0.5951468710089399,3584,0.5044699872286079,0.5044699872286079,3584,0.7726692209450831,0.7726692209450831,3584
17,26,0.8148148148148148,0.8148148148148148,3584,0.7777777777777778,0.7777777777777778,3584,0.5197956577266922,0.5197956577266922,3584
17,27,0.929757343550447,0.929757343550447,3584,0.822477650063857,0.822477650063857,3584,0.8620689655172413,0.8620689655172413,3584
18,0,0.669220945083014,0.669220945083014,3584,0.4074074074074074,0.4074074074074074,3584,0.9591315453384419,0.9591315453384419,3584
18,1,0.40485312899106,0.40485312899106,3584,0.6002554278416348,0.6002554278416348,3584,0.7586206896551724,0.7586206896551724,3584
18,2,0.3128991060025543,0.3128991060025543,3584,0.11749680715197956,0.11749680715197956,3584,0.7113665389527458,0.7113665389527458,3584
18,3,0.30268199233716475,0.30268199233716475,3584,0.140485312899106,0.140485312899106,3584,0.5887611749680716,0.5887611749680716,3584
18,4,0.4725415070242657,0.4725415070242657,3584,0.31545338441890164,0.31545338441890164,3584,0.8633461047254151,0.8633461047254151,3584
18,5,0.19540229885057472,0.19540229885057472,3584,0.6079182630906769,0.6079182630906769,3584,0.6130268199233716,0.6130268199233716,3584
18,6,0.31545338441890164,0.31545338441890164,3584,0.17624521072796934,0.17624521072796934,3584,0.9182630906768838,0.9182630906768838,3584
18,7,0.9616858237547893,0.9616858237547893,3584,0.0,0.0,3584,0.9872286079182631,0.9872286079182631,3584
18,8,0.6079182630906769,0.6079182630906769,3584,0.17113665389527458,0.17113665389527458,3584,0.9067688378033205,0.9067688378033205,3584
18,9,0.5772669220945083,0.5772669220945083,3584,0.11749680715197956,0.11749680715197956,3584,0.9604086845466155,0.9604086845466155,3584
18,10,0.8416347381864623,0.8416347381864623,3584,0.879948914431673,0.879948914431673,3584,0.33588761174968074,0.33588761174968074,3584
18,11,0.5338441890166028,0.5338441890166028,3584,0.558109833971903,0.558109833971903,3584,0.5274584929757343,0.5274584929757343,3584
18,12,0.3818646232439336,0.3818646232439336,3584,0.44061302681992337,0.44061302681992337,3584,0.6143039591315453,0.6143039591315453,3584
18,13,0.7650063856960408,0.7650063856960408,3584,0.5504469987228607,0.5504469987228607,3584,0.669220945083014,0.669220945083014,3584
18,14,0.5389527458492975,0.5389527458492975,3584,0.5530012771392082,0.5530012771392082,3584,0.698595146871009,0.698595146871009,3584
18,15,0.6794380587484036,0.6794380587484036,3584,0.7458492975734355,0.7458492975734355,3584,0.6475095785440613,0.6475095785440613,3584
18,16,0.5402298850574713,0.5402298850574713,3584,0.8863346104725415,0.8863346104725415,3584,0.5874840357598978,0.5874840357598978,3584
18,17,0.8876117496807152,0.8876117496807152,3584,0.07151979565772669,0.07151979565772669,3584,0.9438058748403576,0.9438058748403576,3584
18,18,0.5325670498084292,0.5325670498084292,3584,0.9425287356321839,0.9425287356321839,3584,0.6602809706257982,0.6602809706257982,3584
18,19,0.6372924648786717,0.6372924648786717,3584,0.7867177522349936,0.7867177522349936,3584,0.735632183908046,0.735632183908046,3584
18,20,0.3269476372924649,0.3269476372924649,3584,0.23499361430395913,0.23499361430395913,3584,0.8850574712643678,0.8850574712643678,3584
18,21,0.4661558109833972,0.4661558109833972,3584,0.27586206896551724,0.27586206896551724,3584,0.9272030651340997,0.9272030651340997,3584
18,22,0.5644955300127714,0.5644955300127714,3584,0.508301404853129,0.508301404853129,3584,0.644955300127714,0.644955300127714,3584
18,23,0.32567049808429116,0.32567049808429116,3584,0.49936143039591313,0.49936143039591313,3584,0.6807151979565773,0.6807151979565773,3584
18,24,0.7982120051085568,0.7982120051085568,3584,0.6372924648786717,0.6372924648786717,3584,0.6168582375478927,0.6168582375478927,3584
18,25,0.9106002554278416,0.9106002554278416,3584,0.2081736909323116,0.2081736909323116,3584,0.9731800766283525,0.9731800766283525,3584
18,26,0.42911877394636017,0.42911877394636017,3584,0.6053639846743295,0.6053639846743295,3584,0.6768837803320562,0.6768837803320562,3584
18,27,0.6475095785440613,0.6475095785440613,3584,0.1545338441890166,0.1545338441890166,3584,0.7624521072796935,0.7624521072796935,3584
19,0,0.9042145593869731,0.9042145593869731,3584,0.001277139208173691,0.001277139208173691,3584,1.0,1.0,3584
19,1,0.5542784163473818,0.5542784163473818,3584,0.5312899106002554,0.5312899106002554,3584,0.9744572158365262,0.9744572158365262,3584
19,2,0.4329501915708812,0.4329501915708812,3584,0.6538952745849298,0.6538952745849298,3584,0.9910600255427842,0.9910600255427842,3584
19,3,0.09450830140485313,0.09450830140485313,3584,0.7445721583652618,0.7445721583652618,3584,0.508301404853129,0.508301404853129,3584
19,4,0.5159642401021711,0.5159642401021711,3584,0.5236270753512133,0.5236270753512133,3584,0.9706257982120051,0.9706257982120051,3584
19,5,0.32950191570881227,0.32950191570881227,3584,0.8288633461047255,0.8288633461047255,3584,0.7292464878671775,0.7292464878671775,3584
19,6,0.5772669220945083,0.5772669220945083,3584,0.929757343550447,0.929757343550447,3584,0.598978288633461,0.598978288633461,3584
19,7,0.21455938697318008,0.21455938697318008,3584,0.05108556832694764,0.05108556832694764,3584,0.7637292464878672,0.7637292464878672,3584
19,8,0.49169859514687103,0.49169859514687103,3584,0.037037037037037035,0.037037037037037035,3584,0.8339719029374202,0.8339719029374202,3584
19,9,0.13282247765006386,0.13282247765006386,3584,0.06130268199233716,0.06130268199233716,3584,0.43039591315453385,0.43039591315453385,3584
19,10,0.18518518518518517,0.18518518518518517,3584,0.06641123882503193,0.06641123882503193,3584,0.9029374201787995,0.9029374201787995,3584
19,11,0.4508301404853129,0.4508301404853129,3584,0.3665389527458493,0.3665389527458493,3584,0.8173690932311622,0.8173690932311622,3584
19,12,0.23116219667943805,0.23116219667943805,3584,0.12132822477650064,0.12132822477650064,3584,0.7496807151979565,0.7496807151979565,3584
19,13,0.48659003831417624,0.48659003831417624,3584,0.05874840357598978,0.05874840357598978,3584,0.6500638569604087,0.6500638569604087,3584
19,14,0.5530012771392082,0.5530012771392082,3584,0.6871008939974457,0.6871008939974457,3584,0.8812260536398467,0.8812260536398467,3584
19,15,0.6602809706257982,0.6602809706257982,3584,0.9923371647509579,0.9923371647509579,3584,0.22349936143039592,0.22349936143039592,3584
19,16,0.7445721583652618,0.7445721583652618,3584,0.933588761174968,0.933588761174968,3584,0.8582375478927203,0.8582375478927203,3584
19,17,0.7509578544061303,0.7509578544061303,3584,0.9846743295019157,0.9846743295019157,3584,0.34099616858237547,0.34099616858237547,3584
19,18,0.6947637292464879,0.6947637292464879,3584,0.9961685823754789,0.9961685823754789,3584,0.1698595146871009,0.1698595146871009,3584
19,19,0.632183908045977,0.632183908045977,3584,0.9348659003831418,0.9348659003831418,3584,0.7445721583652618,0.7445721583652618,3584
19,20,0.508301404853129,0.508301404853129,3584,0.9642401021711366,0.9642401021711366,3584,0.42528735632183906,0.42528735632183906,3584
19,21,0.2784163473818646,0.2784163473818646,3584,0.6155810983397191,0.6155810983397191,3584,0.8480204342273308,0.8480204342273308,3584
19,22,0.578544061302682,0.578544061302682,3584,0.9489144316730523,0.9489144316730523,3584,0.4278416347381865,0.4278416347381865,3584
19,23,0.7394636015325671,0.7394636015325671,3584,0.9872286079182631,0.9872286079182631,3584,0.8748403575989783,0.8748403575989783,3584
19,24,0.49680715197956576,0.49680715197956576,3584,0.7943805874840357,0.7943805874840357,3584,0.7343550446998723,0.7343550446998723,3584
19,25,0.5747126436781609,0.5747126436781609,3584,0.7305236270753512,0.7305236270753512,3584,0.41890166028097064,0.41890166028097064,3584
19,26,0.8697318007662835,0.8697318007662835,3584,0.7956577266922095,0.7956577266922095,3584,0.7637292464878672,0.7637292464878672,3584
19,27,0.4444444444444444,0.4444444444444444,3584,0.8199233716475096,0.8199233716475096,3584,0.9859514687100894,0.9859514687100894,3584
20,0,0.3218390804597701,0.3218390804597701,3584,0.18518518518518517,0.18518518518518517,3584,0.9987228607918263,0.9987228607918263,3584
20,1,0.388250319284802,0.388250319284802,3584,0.07535121328224777,0.07535121328224777,3584,0.9719029374201787,0.9719029374201787,3584
20,2,0.6296296296296297,0.6296296296296297,3584,0.44572158365261816,0.44572158365261816,3584,0.9821200510855683,0.9821200510855683,3584
20,3,0.31800766283524906,0.31800766283524906,3584,0.23243933588761176,0.23243933588761176,3584,0.7713920817369093,0.7713920817369093,3584
20,4,0.18773946360153257,0.18773946360153257,3584,0.578544061302682,0.578544061302682,3584,0.685823754789272,0.685823754789272,3584
20,5,0.30140485312899107,0.30140485312899107,3584,0.5683269476372924,0.5683269476372924,3584,0.8863346104725415,0.8863346104725415,3584
20,6,0.35759897828863346,0.35759897828863346,3584,0.43039591315453385,0.43039591315453385,3584,0.6679438058748404,0.6679438058748404,3584
20,7,0.3614303959131545,0.3614303959131545,3584,0.334610472541507,0.334610472541507,3584,0.6526181353767561,0.6526181353767561,3584
20,8,0.3780332056194125,0.3780332056194125,3584,0.9233716475095786,0.9233716475095786,3584,0.280970625798212,0.280970625798212,3584
20,9,0.3371647509578544,0.3371647509578544,3584,0.5747126436781609,0.5747126436781609,3584,0.12388250319284802,0.12388250319284802,3584
20,10,0.280970625798212,0.280970625798212,3584,0.4827586206896552,0.4827586206896552,3584,0.3065134099616858,0.3065134099616858,3584
20,11,0.22988505747126436,0.22988505747126436,3584,0.3946360153256705,0.3946360153256705,3584,0.1826309067688378,0.1826309067688378,3584
20,12,0.3959131545338442,0.3959131545338442,3584,0.41762452107279696,0.41762452107279696,3584,0.39080459770114945,0.39080459770114945,3584
20,13,0.1392081736909323,0.1392081736909323,3584,0.09195402298850575,0.09195402298850575,3584,0.2835249042145594,0.2835249042145594,3584
20,14,0.6245210727969349,0.6245210727969349,3584,0.5900383141762452,0.5900383141762452,3584,0.5925925925925926,0.5925925925925926,3584
20,15,0.48020434227330777,0.48020434227330777,3584,0.7343550446998723,0.7343550446998723,3584,0.48020434227330777,0.48020434227330777,3584
20,16,0.454661558109834,0.454661558109834,3584,0.49169859514687103,0.49169859514687103,3584,0.5504469987228607,0.5504469987228607,3584
20,17,0.6015325670498084,0.6015325670498084,3584,0.9501915708812261,0.9501915708812261,3584,0.879948914431673,0.879948914431673,3584
20,18,0.24776500638569604,0.24776500638569604,3584,0.5670498084291188,0.5670498084291188,3584,0.9591315453384419,0.9591315453384419,3584
20,19,0.4776500638569604,0.4776500638569604,3584,0.8710089399744572,0.8710089399744572,3584,0.47381864623243936,0.47381864623243936,3584
20,20,0.5517241379310345,0.5517241379310345,3584,0.5274584929757343,0.5274584929757343,3584,0.6462324393358876,0.6462324393358876,3584
20,21,0.5696040868454662,0.5696040868454662,3584,0.9706257982120051,0.9706257982120051,3584,0.6794380587484036,0.6794380587484036,3584
20,22,0.4648786717752235,0.4648786717752235,3584,0.6973180076628352,0.6973180076628352,3584,0.7943805874840357,0.7943805874840357,3584
20,23,0.30395913154533843,0.30395913154533843,3584,0.719029374201788,0.719029374201788,3584,0.3831417624521073,0.3831417624521073,3584
20,24,0.3397190293742018,0.3397190293742018,3584,0.5887611749680716,0.5887611749680716,3584,0.4278416347381865,0.4278416347381865,3584
20,25,0.4610472541507024,0.4610472541507024,3584,0.5108556832694764,0.5108556832694764,3584,0.7369093231162197,0.7369093231162197,3584
20,26,0.41507024265644954,0.41507024265644954,3584,0.8786717752234994,0.8786717752234994,3584,0.5287356321839081,0.5287356321839081,3584
20,27,0.4444444444444444,0.4444444444444444,3584,0.8901660280970626,0.8901660280970626,3584,0.6398467432950191,0.6398467432950191,3584
21,0,0.5223499361430396,0.5223499361430396,3584,0.7994891443167306,0.7994891443167306,3584,0.8607918263090677,0.8607918263090677,3584
21,1,0.6002554278416348,0.6002554278416348,3584,0.842911877394636,0.842911877394636,3584,0.4840357598978289,0.4840357598978289,3584
21,2,0.5210727969348659,0.5210727969348659,3584,0.8033205619412516,0.8033205619412516,3584,0.3397190293742018,0.3397190293742018,3584
21,3,0.3895274584929757,0.3895274584929757,3584,0.5019157088122606,0.5019157088122606,3584,0.21328224776500637,0.21328224776500637,3584
21,4,0.7522349936143039,0.7522349936143039,3584,0.8518518518518519,0.8518518518518519,3584,0.6513409961685823,0.6513409961685823,3584
21,5,0.6206896551724138,0.6206896551724138,3584,0.9080459770114943,0.9080459770114943,3584,0.32950191570881227,0.32950191570881227,3584
21,6,0.9744572158365262,0.9744572158365262,3584,0.5440613026819924,0.5440613026819924,3584,0.7407407407407407,0.7407407407407407,3584
21,7,0.09067688378033206,0.09067688378033206,3584,0.4929757343550447,0.4929757343550447,3584,0.1839080459770115,0.1839080459770115,3584
21,8,0.17624521072796934,0.17624521072796934,3584,0.20945083014048532,0.20945083014048532,3584,0.5312899106002554,0.5312899106002554,3584
21,9,0.10600255427841634,0.10600255427841634,3584,0.016602809706257982,0.016602809706257982,3584,0.5185185185185185,0.5185185185185185,3584
21,10,0.04342273307790549,0.04342273307790549,3584,0.10344827586206896,0.10344827586206896,3584,0.3793103448275862,0.3793103448275862,3584
21,11,0.15070242656449553,0.15070242656449553,3584,0.06257982120051085,0.06257982120051085,3584,0.8378033205619413,0.8378033205619413,3584
21,12,0.19284802043422733,0.19284802043422733,3584,0.08045977011494253,0.08045977011494253,3584,0.8786717752234994,0.8786717752234994,3584
21,13,0.12643678160919541,0.12643678160919541,3584,0.8020434227330779,0.8020434227330779,3584,0.7011494252873564,0.7011494252873564,3584
21,14,0.38058748403575987,0.38058748403575987,3584,0.9157088122605364,0.9157088122605364,3584,0.45338441890166026,0.45338441890166026,3584
21,15,0.8148148148148148,0.8148148148148148,3584,0.04853128991060025,0.04853128991060025,3584,0.8301404853128991,0.8301404853128991,3584
21,16,0.9310344827586207,0.9310344827586207,3584,0.02554278416347382,0.02554278416347382,3584,0.34738186462324394,0.34738186462324394,3584
21,17,0.6819923371647509,0.6819923371647509,3584,0.541507024265645,0.541507024265645,3584,0.8109833971902938,0.8109833971902938,3584
21,18,0.8710089399744572,0.8710089399744572,3584,0.5185185185185185,0.5185185185185185,3584,0.7113665389527458,0.7113665389527458,3584
21,19,0.2222222222222222,0.2222222222222222,3584,0.18518518518518517,0.18518518518518517,3584,0.8914431673052363,0.8914431673052363,3584
21,20,0.5197956577266922,0.5197956577266922,3584,0.04342273307790549,0.04342273307790549,3584,0.8888888888888888,0.8888888888888888,3584
21,21,0.14559386973180077,0.14559386973180077,3584,0.669220945083014,0.669220945083014,3584,0.6577266922094508,0.6577266922094508,3584
21,22,0.24904214559386972,0.24904214559386972,3584,0.8314176245210728,0.8314176245210728,3584,0.4929757343550447,0.4929757343550447,3584
21,23,0.7011494252873564,0.7011494252873564,3584,0.25925925925925924,0.25925925925925924,3584,0.8033205619412516,0.8033205619412516,3584
21,24,0.42528735632183906,0.42528735632183906,3584,0.8199233716475096,0.8199233716475096,3584,0.2554278416347382,0.2554278416347382,3584
21,25,0.334610472541507,0.334610472541507,3584,0.9399744572158365,0.9399744572158365,3584,0.41762452107279696,0.41762452107279696,3584
21,26,0.1136653895274585,0.1136653895274585,3584,0.6883780332056194,0.6883780332056194,3584,0.5606641123882503,0.5606641123882503,3584
21,27,0.21455938697318008,0.21455938697318008,3584,0.7509578544061303,0.7509578544061303,3584,0.36015325670498083,0.36015325670498083,3584
22,0,0.3065134099616858,0.3065134099616858,3584,0.384418901660281,0.384418901660281,3584,0.21328224776500637,0.21328224776500637,3584
22,1,0.3563218390804598,0.3563218390804598,3584,0.9450830140485313,0.9450830140485313,3584,0.06896551724137931,0.06896551724137931,3584
22,2,0.3090676883780332,0.3090676883780332,3584,0.10472541507024266,0.10472541507024266,3584,0.43039591315453385,0.43039591315453385,3584
22,3,0.22094508301404853,0.22094508301404853,3584,0.6385696040868455,0.6385696040868455,3584,0.05236270753512133,0.05236270753512133,3584
22,4,0.18646232439335889,0.18646232439335889,3584,0.8301404853128991,0.8301404853128991,3584,0.006385696040868455,0.006385696040868455,3584
22,5,0.2950191570881226,0.2950191570881226,3584,0.7343550446998723,0.7343550446998723,3584,0.017879948914431672,0.017879948914431672,3584
22,6,0.10217113665389528,0.10217113665389528,3584,0.3550446998722861,0.3550446998722861,3584,0.0280970625798212,0.0280970625798212,3584
22,7,0.24265644955300128,0.24265644955300128,3584,0.8812260536398467,0.8812260536398467,3584,0.14687100893997446,0.14687100893997446,3584
22,8,0.2886334610472541,0.2886334610472541,3584,0.6513409961685823,0.6513409961685823,3584,0.26053639846743293,0.26053639846743293,3584
22,9,0.2988505747126437,0.2988505747126437,3584,0.5542784163473818,0.5542784163473818,3584,0.19157088122605365,0.19157088122605365,3584
22,10,0.1583652618135377,0.1583652618135377,3584,0.7100893997445722,0.7100893997445722,3584,0.25925925925925924,0.25925925925925924,3584
22,11,0.06385696040868455,0.06385696040868455,3584,0.4521072796934866,0.4521072796934866,3584,0.3780332056194125,0.3780332056194125,3584
22,12,0.17879948914431673,0.17879948914431673,3584,0.5440613026819924,0.5440613026819924,3584,0.2681992337164751,0.2681992337164751,3584
22,13,0.39719029374201786,0.39719029374201786,3584,0.9591315453384419,0.9591315453384419,3584,0.34355044699872284,0.34355044699872284,3584
22,14,0.1111111111111111,0.1111111111111111,3584,0.6104725415070242,0.6104725415070242,3584,0.2962962962962963,0.2962962962962963,3584
22,15,0.4163473818646232,0.4163473818646232,3584,0.8991060025542784,0.8991060025542784,3584,0.32567049808429116,0.32567049808429116,3584
22,16,0.4278416347381865,0.4278416347381865,3584,0.421455938697318,0.421455938697318,3584,0.3103448275862069,0.3103448275862069,3584
22,17,0.3550446998722861,0.3550446998722861,3584,0.7931034482758621,0.7931034482758621,3584,0.37037037037037035,0.37037037037037035,3584
22,18,0.18646232439335889,0.18646232439335889,3584,0.8263090676883781,0.8263090676883781,3584,0.4789272030651341,0.4789272030651341,3584
22,19,0.16347381864623245,0.16347381864623245,3584,0.611749680715198,0.611749680715198,3584,0.388250319284802,0.388250319284802,3584
22,20,0.2120051085568327,0.2120051085568327,3584,0.5312899106002554,0.5312899106002554,3584,0.30395913154533843,0.30395913154533843,3584
22,21,0.12260536398467432,0.12260536398467432,3584,0.5836526181353767,0.5836526181353767,3584,0.421455938697318,0.421455938697318,3584
22,22,0.04597701149425287,0.04597701149425287,3584,0.7394636015325671,0.7394636015325671,3584,0.008939974457215836,0.008939974457215836,3584
22,23,0.34227330779054915,0.34227330779054915,3584,0.4559386973180077,0.4559386973180077,3584,0.4610472541507024,0.4610472541507024,3584
22,24,0.2988505747126437,0.2988505747126437,3584,0.9386973180076629,0.9386973180076629,3584,0.07151979565772669,0.07151979565772669,3584
22,25,0.39080459770114945,0.39080459770114945,3584,0.9680715197956578,0.9680715197956578,3584,0.34610472541507026,0.34610472541507026,3584
22,26,0.08939974457215837,0.08939974457215837,3584,0.8403575989782887,0.8403575989782887,3584,0.27458492975734355,0.27458492975734355,3584
22,27,0.3652618135376756,0.3652618135376756,3584,0.8748403575989783,0.8748403575989783,3584,0.7049808429118773,0.7049808429118773,3584
23,0,0.5862068965517241,0.5862068965517241,3584,0.9514687100893997,0.9514687100893997,3584,0.1826309067688378,0.1826309067688378,3584
23,1,0.4827586206896552,0.4827586206896552,3584,0.8646232439335888,0.8646232439335888,3584,0.19540229885057472,0.19540229885057472,3584
23,2,0.421455938697318,0.421455938697318,3584,0.8441890166028098,0.8441890166028098,3584,0.2081736909323116,0.2081736909323116,3584
23,3,0.28607918263090676,0.28607918263090676,3584,0.6028097062579821,0.6028097062579821,3584,0.2886334610472541,0.2886334610472541,3584
23,4,0.17369093231162197,0.17369093231162197,3584,0.6666666666666666,0.6666666666666666,3584,0.17496807151979565,0.17496807151979565,3584
23,5,0.2541507024265645,0.2541507024265645,3584,0.8275862068965517,0.8275862068965517,3584,0.227330779054917,0.227330779054917,3584
23,6,0.6219667943805874,0.6219667943805874,3584,0.9042145593869731,0.9042145593869731,3584,0.20689655172413793,0.20689655172413793,3584
23,7,0.4929757343550447,0.4929757343550447,3584,0.227330779054917,0.227330779054917,3584,0.41379310344827586,0.41379310344827586,3584
23,8,0.6730523627075351,0.6730523627075351,3584,0.7739463601532567,0.7739463601532567,3584,0.42656449553001274,0.42656449553001274,3584
23,9,0.48531289910600256,0.48531289910600256,3584,0.6015325670498084,0.6015325670498084,3584,0.2567049808429119,0.2567049808429119,3584
23,10,0.6615581098339719,0.6615581098339719,3584,0.02554278416347382,0.02554278416347382,3584,0.47126436781609193,0.47126436781609193,3584
23,11,0.5530012771392082,0.5530012771392082,3584,0.9706257982120051,0.9706257982120051,3584,0.1545338441890166,0.1545338441890166,3584
23,12,0.3001277139208174,0.3001277139208174,3584,0.9246487867177522,0.9246487867177522,3584,0.13537675606641125,0.13537675606641125,3584
23,13,0.45977011494252873,0.45977011494252873,3584,0.9144316730523627,0.9144316730523627,3584,0.10344827586206896,0.10344827586206896,3584
23,14,0.4393358876117497,0.4393358876117497,3584,0.44572158365261816,0.44572158365261816,3584,0.4674329501915709,0.4674329501915709,3584
23,15,0.44189016602809705,0.44189016602809705,3584,0.698595146871009,0.698595146871009,3584,0.2260536398467433,0.2260536398467433,3584
23,16,0.5057471264367817,0.5057471264367817,3584,0.2515964240102171,0.2515964240102171,3584,0.31800766283524906,0.31800766283524906,3584
23,17,0.7739463601532567,0.7739463601532567,3584,0.48148148148148145,0.48148148148148145,3584,0.5210727969348659,0.5210727969348659,3584
23,18,0.20945083014048532,0.20945083014048532,3584,0.7918263090676884,0.7918263090676884,3584,0.17113665389527458,0.17113665389527458,3584
23,19,0.3218390804597701,0.3218390804597701,3584,0.8263090676883781,0.8263090676883781,3584,0.05108556832694764,0.05108556832694764,3584
23,20,0.8467432950191571,0.8467432950191571,3584,0.756066411238825,0.756066411238825,3584,0.14814814814814814,0.14814814814814814,3584
23,21,0.3205619412515964,0.3205619412515964,3584,0.07790549169859515,0.07790549169859515,3584,0.4508301404853129,0.4508301404853129,3584
23,22,0.45849297573435505,0.45849297573435505,3584,0.12643678160919541,0.12643678160919541,3584,0.9144316730523627,0.9144316730523627,3584
23,23,0.1698595146871009,0.1698595146871009,3584,0.27330779054916987,0.27330779054916987,3584,0.4827586206896552,0.4827586206896552,3584
23,24,0.20306513409961685,0.20306513409961685,3584,0.1724137931034483,0.1724137931034483,3584,0.5006385696040868,0.5006385696040868,3584
23,25,0.5734355044699873,0.5734355044699873,3584,0.5210727969348659,0.5210727969348659,3584,0.6973180076628352,0.6973180076628352,3584
23,26,0.19284802043422733,0.19284802043422733,3584,0.37037037037037035,0.37037037037037035,3584,0.47509578544061304,0.47509578544061304,3584
23,27,0.39208173690932313,0.39208173690932313,3584,0.06768837803320563,0.06768837803320563,3584,0.7471264367816092,0.7471264367816092,3584
24,0,0.6641123882503193,0.6641123882503193,3584,0.3997445721583653,0.3997445721583653,3584,0.4521072796934866,0.4521072796934866,3584
24,1,0.36015325670498083,0.36015325670498083,3584,0.008939974457215836,0.008939974457215836,3584,0.5951468710089399,0.5951468710089399,3584
24,2,0.4112388250319285,0.4112388250319285,3584,0.14303959131545338,0.14303959131545338,3584,0.5185185185185185,0.5185185185185185,3584
24,3,0.41762452107279696,0.41762452107279696,3584,0.03959131545338442,0.03959131545338442,3584,0.5964240102171137,0.5964240102171137,3584
24,4,0.07662835249042145,0.07662835249042145,3584,0.021711366538952746,0.021711366538952746,3584,0.3001277139208174,0.3001277139208174,3584
24,5,0.2656449553001277,0.2656449553001277,3584,0.06002554278416347,0.06002554278416347,3584,0.5261813537675607,0.5261813537675607,3584
24,6,0.13793103448275862,0.13793103448275862,3584,0.10089399744572158,0.10089399744572158,3584,0.40102171136653897,0.40102171136653897,3584
24,7,0.11621966794380588,0.11621966794380588,3584,0.1698595146871009,0.1698595146871009,3584,0.9361430395913155,0.9361430395913155,3584
24,8,0.10983397190293742,0.10983397190293742,3584,0.194125159642401,0.194125159642401,3584,0.12899106002554278,0.12899106002554278,3584
24,9,0.1417624521072797,0.1417624521072797,3584,0.1532567049808429,0.1532567049808429,3584,0.12132822477650064,0.12132822477650064,3584
24,10,0.08173690932311622,0.08173690932311622,3584,0.13154533844189017,0.13154533844189017,3584,0.06513409961685823,0.06513409961685823,3584
24,11,0.17369093231162197,0.17369093231162197,3584,0.3448275862068966,0.3448275862068966,3584,0.1673052362707535,0.1673052362707535,3584
24,12,0.36270753512132825,0.36270753512132825,3584,0.07918263090676884,0.07918263090676884,3584,0.2388250319284802,0.2388250319284802,3584
24,13,0.12132822477650064,0.12132822477650064,3584,0.41507024265644954,0.41507024265644954,3584,0.388250319284802,0.388250319284802,3584
24,14,0.10344827586206896,0.10344827586206896,3584,0.7969348659003831,0.7969348659003831,3584,0.3550446998722861,0.3550446998722861,3584
24,15,0.24010217113665389,0.24010217113665389,3584,0.7432950191570882,0.7432950191570882,3584,0.3231162196679438,0.3231162196679438,3584
24,16,0.1558109833971903,0.1558109833971903,3584,0.6334610472541508,0.6334610472541508,3584,0.3946360153256705,0.3946360153256705,3584
24,17,0.12388250319284802,0.12388250319284802,3584,0.8237547892720306,0.8237547892720306,3584,0.3218390804597701,0.3218390804597701,3584
24,18,0.6513409961685823,0.6513409961685823,3584,0.334610472541507,0.334610472541507,3584,0.545338441890166,0.545338441890166,3584
24,19,0.10472541507024266,0.10472541507024266,3584,0.8173690932311622,0.8173690932311622,3584,0.08939974457215837,0.08939974457215837,3584
24,20,0.06130268199233716,0.06130268199233716,3584,0.2388250319284802,0.2388250319284802,3584,0.5389527458492975,0.5389527458492975,3584
24,21,0.5478927203065134,0.5478927203065134,3584,0.9374201787994891,0.9374201787994891,3584,0.020434227330779056,0.020434227330779056,3584
24,22,0.20051085568326948,0.20051085568326948,3584,0.19540229885057472,0.19540229885057472,3584,0.21966794380587484,0.21966794380587484,3584
24,23,0.2260536398467433,0.2260536398467433,3584,0.6781609195402298,0.6781609195402298,3584,0.13793103448275862,0.13793103448275862,3584
24,24,0.5146871008939975,0.5146871008939975,3584,0.7547892720306514,0.7547892720306514,3584,0.5159642401021711,0.5159642401021711,3584
24,25,0.4061302681992337,0.4061302681992337,3584,0.6781609195402298,0.6781609195402298,3584,0.24776500638569604,0.24776500638569604,3584
24,26,0.17752234993614305,0.17752234993614305,3584,0.9003831417624522,0.9003831417624522,3584,0.1392081736909323,0.1392081736909323,3584
24,27,0.388250319284802,0.388250319284802,3584,0.8250319284802043,0.8250319284802043,3584,0.23371647509578544,0.23371647509578544,3584
25,0,0.07790549169859515,0.07790549169859515,3584,0.1673052362707535,0.1673052362707535,3584,0.17369093231162197,0.17369093231162197,3584
25,1,0.07535121328224777,0.07535121328224777,3584,0.09578544061302682,0.09578544061302682,3584,0.3716475095785441,0.3716475095785441,3584
25,2,0.14559386973180077,0.14559386973180077,3584,0.010217113665389528,0.010217113665389528,3584,0.19284802043422733,0.19284802043422733,3584
25,3,0.12260536398467432,0.12260536398467432,3584,0.13409961685823754,0.13409961685823754,3584,0.49808429118773945,0.49808429118773945,3584
25,4,0.4559386973180077,0.4559386973180077,3584,0.07918263090676884,0.07918263090676884,3584,0.789272030651341,0.789272030651341,3584
25,5,0.05747126436781609,0.05747126436781609,3584,0.13282247765006386,0.13282247765006386,3584,0.19157088122605365,0.19157088122605365,3584
25,6,0.06896551724137931,0.06896551724137931,3584,0.037037037037037035,0.037037037037037035,3584,0.39846743295019155,0.39846743295019155,3584
25,7,0.2515964240102171,0.2515964240102171,3584,0.722860791826309,0.722860791826309,3584,0.22860791826309068,0.22860791826309068,3584
25,8,0.29118773946360155,0.29118773946360155,3584,0.9118773946360154,0.9118773946360154,3584,0.0983397190293742,0.0983397190293742,3584
25,9,0.19923371647509577,0.19923371647509577,3584,0.7432950191570882,0.7432950191570882,3584,0.03959131545338442,0.03959131545338442,3584
25,10,0.28991060025542786,0.28991060025542786,3584,0.7879948914431673,0.7879948914431673,3584,0.17879948914431673,0.17879948914431673,3584
25,11,0.20561941251596424,0.20561941251596424,3584,0.6871008939974457,0.6871008939974457,3584,0.2656449553001277,0.2656449553001277,3584
25,12,0.2503192848020434,0.2503192848020434,3584,0.8531289910600255,0.8531289910600255,3584,0.08173690932311622,0.08173690932311622,3584
25,13,0.31545338441890164,0.31545338441890164,3584,0.6615581098339719,0.6615581098339719,3584,0.1558109833971903,0.1558109833971903,3584
25,14,0.1724137931034483,0.1724137931034483,3584,0.024265644955300127,0.024265644955300127,3584,0.40229885057471265,0.40229885057471265,3584
25,15,0.33077905491698595,0.33077905491698595,3584,0.15964240102171137,0.15964240102171137,3584,0.7982120051085568,0.7982120051085568,3584
25,16,0.3384418901660281,0.3384418901660281,3584,0.10983397190293742,0.10983397190293742,3584,0.37420178799489145,0.37420178799489145,3584
25,17,0.14303959131545338,0.14303959131545338,3584,0.4661558109833972,0.4661558109833972,3584,0.6781609195402298,0.6781609195402298,3584
25,18,0.22860791826309068,0.22860791826309068,3584,0.01277139208173691,0.01277139208173691,3584,0.776500638569604,0.776500638569604,3584
25,19,0.25925925925925924,0.25925925925925924,3584,0.035759897828863345,0.035759897828863345,3584,0.4393358876117497,0.4393358876117497,3584
25,20,0.524904214559387,0.524904214559387,3584,0.3716475095785441,0.3716475095785441,3584,0.7611749680715197,0.7611749680715197,3584
25,21,0.24776500638569604,0.24776500638569604,3584,0.07407407407407407,0.07407407407407407,3584,0.11877394636015326,0.11877394636015326,3584
25,22,0.34099616858237547,0.34099616858237547,3584,0.09323116219667944,0.09323116219667944,3584,0.24521072796934865,0.24521072796934865,3584
25,23,0.1826309067688378,0.1826309067688378,3584,0.8582375478927203,0.8582375478927203,3584,0.12005108556832694,0.12005108556832694,3584
25,24,0.8058748403575989,0.8058748403575989,3584,0.7828863346104725,0.7828863346104725,3584,0.4840357598978289,0.4840357598978289,3584
25,25,0.40357598978288634,0.40357598978288634,3584,0.9655172413793104,0.9655172413793104,3584,0.3486590038314176,0.3486590038314176,3584
25,26,0.5823754789272031,0.5823754789272031,3584,0.34610472541507026,0.34610472541507026,3584,0.3116219667943806,0.3116219667943806,3584
25,27,0.14431673052362706,0.14431673052362706,3584,0.08173690932311622,0.08173690932311622,3584,0.20178799489144317,0.20178799489144317,3584
26,0,0.43167305236270753,0.43167305236270753,3584,0.89272030651341,0.89272030651341,3584,0.0842911877394636,0.0842911877394636,3584
26,1,0.21839080459770116,0.21839080459770116,3584,0.8186462324393359,0.8186462324393359,3584,0.07535121328224777,0.07535121328224777,3584
26,2,0.2247765006385696,0.2247765006385696,3584,0.855683269476373,0.855683269476373,3584,0.08045977011494253,0.08045977011494253,3584
26,3,0.1979565772669221,0.1979565772669221,3584,0.7905491698595147,0.7905491698595147,3584,0.05874840357598978,0.05874840357598978,3584
26,4,0.1583652618135377,0.1583652618135377,3584,0.7254150702426565,0.7254150702426565,3584,0.3065134099616858,0.3065134099616858,3584
26,5,0.06257982120051085,0.06257982120051085,3584,0.6155810983397191,0.6155810983397191,3584,0.06768837803320563,0.06768837803320563,3584
26,6,0.09195402298850575,0.09195402298850575,3584,0.6717752234993615,0.6717752234993615,3584,0.05491698595146871,0.05491698595146871,3584
26,7,0.7215836526181354,0.7215836526181354,3584,0.768837803320562,0.768837803320562,3584,0.2886334610472541,0.2886334610472541,3584
26,8,0.9616858237547893,0.9616858237547893,3584,0.10727969348659004,0.10727969348659004,3584,0.7254150702426565,0.7254150702426565,3584
26,9,0.6628352490421456,0.6628352490421456,3584,0.768837803320562,0.768837803320562,3584,0.10089399744572158,0.10089399744572158,3584
26,10,0.3537675606641124,0.3537675606641124,3584,0.23371647509578544,0.23371647509578544,3584,0.2937420178799489,0.2937420178799489,3584
26,11,0.7075351213282248,0.7075351213282248,3584,0.13537675606641125,0.13537675606641125,3584,0.44699872286079184,0.44699872286079184,3584
26,12,0.48659003831417624,0.48659003831417624,3584,0.5108556832694764,0.5108556832694764,3584,0.9948914431673053,0.9948914431673053,3584
26,13,0.26053639846743293,0.26053639846743293,3584,0.5338441890166028,0.5338441890166028,3584,0.698595146871009,0.698595146871009,3584
26,14,0.23499361430395913,0.23499361430395913,3584,0.855683269476373,0.855683269476373,3584,0.1724137931034483,0.1724137931034483,3584
26,15,0.13154533844189017,0.13154533844189017,3584,0.9719029374201787,0.9719029374201787,3584,0.1251596424010217,0.1251596424010217,3584
26,16,0.07662835249042145,0.07662835249042145,3584,0.7816091954022989,0.7816091954022989,3584,0.23116219667943805,0.23116219667943805,3584
26,17,0.33205619412515963,0.33205619412515963,3584,0.8914431673052363,0.8914431673052363,3584,0.06130268199233716,0.06130268199233716,3584
26,18,0.17113665389527458,0.17113665389527458,3584,0.7573435504469987,0.7573435504469987,3584,0.07407407407407407,0.07407407407407407,3584
26,19,0.18007662835249041,0.18007662835249041,3584,0.7841634738186463,0.7841634738186463,3584,0.022988505747126436,0.022988505747126436,3584
26,20,0.24648786717752236,0.24648786717752236,3584,0.19029374201787994,0.19029374201787994,3584,0.18773946360153257,0.18773946360153257,3584
26,21,0.41762452107279696,0.41762452107279696,3584,0.5632183908045977,0.5632183908045977,3584,0.44572158365261816,0.44572158365261816,3584
26,22,0.41379310344827586,0.41379310344827586,3584,0.22094508301404853,0.22094508301404853,3584,0.9310344827586207,0.9310344827586207,3584
26,23,0.3767560664112388,0.3767560664112388,3584,0.7369093231162197,0.7369093231162197,3584,0.4891443167305236,0.4891443167305236,3584
26,24,0.27586206896551724,0.27586206896551724,3584,0.7509578544061303,0.7509578544061303,3584,0.4163473818646232,0.4163473818646232,3584
26,25,0.41890166028097064,0.41890166028097064,3584,0.8544061302681992,0.8544061302681992,3584,0.6283524904214559,0.6283524904214559,3584
26,26,0.16219667943805874,0.16219667943805874,3584,0.33077905491698595,0.33077905491698595,3584,0.8531289910600255,0.8531289910600255,3584
26,27,0.4725415070242657,0.4725415070242657,3584,0.20306513409961685,0.20306513409961685,3584,0.5338441890166028,0.5338441890166028,3584
27,0,0.0,0.0,3584,0.5517241379310345,0.5517241379310345,3584,0.21583652618135377,0.21583652618135377,3584
27,1,0.001277139208173691,0.001277139208173691,3584,0.7522349936143039,0.7522349936143039,3584,0.19540229885057472,0.19540229885057472,3584
27,2,0.002554278416347382,0.002554278416347382,3584,0.8646232439335888,0.8646232439335888,3584,0.26309067688378035,0.26309067688378035,3584
27,3,0.0038314176245210726,0.0038314176245210726,3584,0.8620689655172413,0.8620689655172413,3584,0.07662835249042145,0.07662835249042145,3584
27,4,0.005108556832694764,0.005108556832694764,3584,0.8492975734355045,0.8492975734355045,3584,0.03065134099616858,0.03065134099616858,3584
27,5,0.006385696040868455,0.006385696040868455,3584,0.7726692209450831,0.7726692209450831,3584,0.05236270753512133,0.05236270753512133,3584
27,6,0.007662835249042145,0.007662835249042145,3584,0.7650063856960408,0.7650063856960408,3584,0.11494252873563218,0.11494252873563218,3584
27,7,0.008939974457215836,0.008939974457215836,3584,0.6424010217113666,0.6424010217113666,3584,0.8275862068965517,0.8275862068965517,3584
27,8,0.010217113665389528,0.010217113665389528,3584,0.2120051085568327,0.2120051085568327,3584,0.5913154533844189,0.5913154533844189,3584
27,9,0.011494252873563218,0.011494252873563218,3584,0.6832694763729247,0.6832694763729247,3584,0.7458492975734355,0.7458492975734355,3584
27,10,0.01277139208173691,0.01277139208173691,3584,0.6309067688378033,0.6309067688378033,3584,0.9846743295019157,0.9846743295019157,3584
27,11,0.0140485312899106,0.0140485312899106,3584,0.4508301404853129,0.4508301404853129,3584,0.9106002554278416,0.9106002554278416,3584
27,12,0.01532567049808429,0.01532567049808429,3584,0.6194125159642401,0.6194125159642401,3584,0.8888888888888888,0.8888888888888888,3584
27,13,0.016602809706257982,0.016602809706257982,3584,0.7126436781609196,0.7126436781609196,3584,0.9859514687100894,0.9859514687100894,3584
27,14,0.017879948914431672,0.017879948914431672,3584,0.842911877394636,0.842911877394636,3584,0.20434227330779056,0.20434227330779056,3584
27,15,0.019157088122605363,0.019157088122605363,3584,0.8160919540229885,0.8160919540229885,3584,0.3652618135376756,0.3652618135376756,3584
27,16,0.020434227330779056,0.020434227330779056,3584,0.9476372924648787,0.9476372924648787,3584,0.1685823754789272,0.1685823754789272,3584
27,17,0.021711366538952746,0.021711366538952746,3584,0.7535121328224776,0.7535121328224776,3584,0.09578544061302682,0.09578544061302682,3584
27,18,0.022988505747126436,0.022988505747126436,3584,0.7126436781609196,0.7126436781609196,3584,0.17752234993614305,0.17752234993614305,3584
27,19,0.024265644955300127,0.024265644955300127,3584,0.9770114942528736,0.9770114942528736,3584,0.1123882503192848,0.1123882503192848,3584
27,20,0.02554278416347382,0.02554278416347382,3584,0.6998722860791826,0.6998722860791826,3584,0.280970625798212,0.280970625798212,3584
27,21,0.02681992337164751,0.02681992337164751,3584,0.8850574712643678,0.8850574712643678,3584,0.23754789272030652,0.23754789272030652,3584
27,22,0.0280970625798212,0.0280970625798212,3584,0.8888888888888888,0.8888888888888888,3584,0.2669220945083014,0.2669220945083014,3584
27,23,0.02937420178799489,0.02937420178799489,3584,0.9374201787994891,0.9374201787994891,3584,0.18135376756066413,0.18135376756066413,3584
27,24,0.03065134099616858,0.03065134099616858,3584,0.9655172413793104,0.9655172413793104,3584,0.1979565772669221,0.1979565772669221,3584
27,25,0.031928480204342274,0.031928480204342274,3584,0.6832694763729247,0.6832694763729247,3584,0.36270753512132825,0.36270753512132825,3584
27,26,0.033205619412515965,0.033205619412515965,3584,0.756066411238825,0.756066411238825,3584,0.4559386973180077,0.4559386973180077,3584
27,27,0.034482758620689655,0.034482758620689655,3584,0.8390804597701149,0.8390804597701149,3584,0.20051085568326948,0.20051085568326948,3584
